rank,uri,track_name,peak,prev,streak,artist_names
1,spotify:track:3sd2p4kE7xQmFH3lPnFl6h,sentaDONA (Remix) s2,1,1,5,Davi Kneip
2,spotify:track:4QWumyD2uwiePBBha9XBHI,No Ouvidinho,2,2,3,Felipe Amorim
3,spotify:track:2qmG7dokbGpDGD0T5wORWt,Balanço da Rede,3,7,6,Matheus Fernandes
4,spotify:track:7gVzhRCrLRUBEGdS7zNTp0,Malvada,1,5,12,Zé Felipe
5,spotify:track:5zNxUkUW9WiV5oyg6gh2wB,DANÇARINA,1,3,10,PEDRO SAMPAIO
6,spotify:track:3FkeNbs9Zeiqkr3WkbOiGp,Envolver,1,4,23,Anitta
7,spotify:track:0qYW2jULeN9giEty0ee9Fy,Botadinha Saliente,3,6,10,MC Rogerinho
8,spotify:track:6bTdZ7xfKp3NqqADJ8HLyj,Vampiro,8,10,3,Matuê
9,spotify:track:6Zw25LRLP0j0MsezDFIUM4,Mal Feito - Ao Vivo,5,8,14,Hugo & Guilherme
10,spotify:track:0NBgyml7T0IvUNbXIkcSpH,Malvadão 3,1,9,18,Xamã
11,spotify:track:4SIBZgMomGFnrIWjmq7Np8,Desenrola Bate Joga de Ladin (feat. DJ Biel do Furduncinho),11,63,2,L7NNON
12,spotify:track:72g37RoelSnovZakG5MwnF,Parada Louca,2,11,23,Mari Fernandez
13,spotify:track:1K8AtBJXcdq5mywMnZuARP,Termina Comigo Antes,13,18,3,Gusttavo Lima
14,spotify:track:5lCAtKxkZL6tFDyGX9t87j,Eu Já Tava Bem - Ao Vivo,11,12,20,Wesley Safadão
15,spotify:track:1M5OUvKG03C0QtzvxRS4Zk,Depende,3,17,13,Dj Guuga
16,spotify:track:53RxHysDJ0cjugMcPymwja,ABALO EMOCIONAL - Ao Vivo,10,14,11,Luan Santana
17,spotify:track:3ITkrUvAA6gzxer2UIom3P,Molhando o Volante,13,13,19,Jorge & Mateus
18,spotify:track:7afaZ37wJJL6880z1NRgJS,Fim de Semana no Rio,15,15,3,Teto
19,spotify:track:4LRPiXqCikLlN15c3yImP7,As It Was,19,20,3,Harry Styles
20,spotify:track:6nkoWsFZeFt5dUdNmlIceh,Bloqueado - Ao Vivo,4,16,21,Gusttavo Lima
21,spotify:track:5VTjBl3ddZEiG2LrH4VzyR,Toma Toma Vapo Vapo,1,19,23,Zé Felipe
22,spotify:track:2wSCalnGOnXdAJC0Fn8OUY,Vai Lá Em Casa Hoje,5,22,23,George Henrique & Rodrigo
23,spotify:track:4qsOrxBv09HhNSpsgMRXdC,Esqueça-Me Se For Capaz,1,21,27,Marília Mendonça
24,spotify:track:3IMLoeLerS7TMpKjxUgAhx,Arranhão - Ao Vivo,4,27,27,Henrique & Juliano
25,spotify:track:14JKzKrJbPDflw8XyATMey,A Maior Saudade - Ao Vivo,18,26,27,Henrique & Juliano
26,spotify:track:6Lk3kU7JcQ5dZ7jbmhJzQN,Melhor Ser uma Saudade,26,29,11,Zé Neto & Cristiano
27,spotify:track:4EVzu5mYyigjyLrryKbZs7,VERMELHO,9,23,10,Gloria Groove
28,spotify:track:0sPtV4stCHkFJB6GpoaZ1f,CAFÉ DA MANHÃ ;P,8,24,10,Luísa Sonza
29,spotify:track:3QGxgNaqaFSpORp2OVLXHR,212,7,25,14,Chefin
30,spotify:track:5yRgMxdDhdYlbUQNCOlW3o,Não Vou Te Bloquear - Ao vivo,10,28,15,Mc Don Juan
31,spotify:track:4fSHADbZbhpZCT9oJpxwbP,Ameaça,1,30,26,Paulo Pires
32,spotify:track:0tM4J8aID6qYZOE3e14sCj,Acordo - Ao Vivo,29,32,22,Henrique & Juliano
33,spotify:track:5Z4TYur0O9OxmxIo6GC2Gq,"Oi, Como Ce Tá?",26,31,8,Vulgo FK
34,spotify:track:3SWjpNMVUi5UXz096NbfPr,Gata (feat. Chencho Corleone),34,—,1,Anitta
35,spotify:track:0sjhY8nPIm6cPOQfyUPmJe,ERRO PLANEJADO - Ao Vivo,35,—,1,Luan Santana
36,spotify:track:3YvE7uo4ffseBoJPh8IhHp,Presepada,7,34,24,Marília Mendonça
37,spotify:track:42nZBOwXNdO24Ml032bLBS,Gatilho - Ao Vivo,36,36,5,Matheus & Kauan
38,spotify:track:3gK5ckT0cq3t5enyqzzRgV,GALOPA,2,33,27,PEDRO SAMPAIO
39,spotify:track:0yL7K9MzC20uBesZTPY81r,Pandora,11,35,19,DJ Matt D
40,spotify:track:4NJKCE1TBC653P3dCnto0u,Simplesmente Ela,40,44,3,Mc Gabzin
41,spotify:track:7HjZD0NPC1hzFpjUjo45GR,Me Sinto Abençoado,39,42,19,Mc Poze do Rodo
42,spotify:track:4can6ssapSsRCEbZZfYL8K,Poesia Acústica 12 - Pra Sempre,35,40,8,Pineapple StormTv
43,spotify:track:4dwBkgq4a4gEissxTY0YDT,Cê Tá Preparada - Ao Vivo,24,41,27,Tayrone
44,spotify:track:6o6PKPQH9c6egl0VROLpLN,P Q P,44,70,2,NATTAN
45,spotify:track:3xt7v3bMNnQ8ie8RjhmkX2,Imagina A Sentada - Ao Vivo,33,39,15,Matheus & Kauan
46,spotify:track:2kJRlOyrxsy7Ot3c5TZ8Q6,Meu Pedaço de Pecado,2,50,27,João Gomes
47,spotify:track:5dFxhpYLOton7aawKsDeiS,Áudio Que Te Entrega,47,58,4,Leo Santana
48,spotify:track:3v6gYFuAXQcm1EO5yW7yfX,Proteção de Tela,33,49,27,Tarcísio do Acordeon
49,spotify:track:6EDj1nbl9wo6ivGI1t59G4,Idiota,24,43,14,Jão
50,spotify:track:4kGdnA7FzSVsXC29LPghej,Revoada No Colchão,2,54,27,Zé Felipe
51,spotify:track:2ebFBmle5uXcdbrCAOvPcZ,Vagabundo Chora - Ao Vivo,51,83,2,Guilherme & Benuto
52,spotify:track:49GdoM9fiTXVOx1a6JTokJ,Assalto Perigoso,15,51,18,Melody
53,spotify:track:4lsDFVKOVwPeAVw1hPOn7G,Vontade De Morder,15,37,13,Simone & Simaria
54,spotify:track:053zWWZDziDJd3U94x8RuP,Todo Mundo Menos Você,5,47,27,Marília Mendonça
55,spotify:track:6TjOL5UxzOVRSQU77Dvg4s,SAFADEZINHA,55,66,3,Felipe Amorim
56,spotify:track:4PF5eA9ng97UcU5hjaqQnc,Meu Cafofo,56,60,5,João Gomes
57,spotify:track:3qmdfYpfvKRIXmWaLllHZ3,Black Lança (Catucando Gostosinho),28,46,11,MC Teteu
58,spotify:track:5tQj2mfKL21L9mQ643z5zw,Boys Don't Cry,15,38,12,Anitta
59,spotify:track:6T6SDJszPbuMCBpSm3aS3G,Carinha de Neném,12,68,27,Japãozin
60,spotify:track:50gPsfGHy5OnPauA9455DM,Rolê,6,61,27,Tarcísio do Acordeon
61,spotify:track:7ARoqP7G8UYW8SyYPyPp7k,NO CHÃO NOVINHA,4,45,19,Anitta
62,spotify:track:5jYEiTNR3FQXFouTX7Ju0N,Socadona,19,52,11,LUDMILLA
63,spotify:track:0roEMqT0P7Z82rJTwcID3Z,Felicidade Dela - Ao Vivo,63,—,1,Hugo & Guilherme
64,spotify:track:6ve9hbVnSgJ0vrsRpj18OH,Não Me Arranha - Ao Vivo,30,59,27,Gusttavo Lima
65,spotify:track:28m65cMH7QXHzFnZSTtNHY,Não Sei o Que Lá,28,53,24,Marília Mendonça
66,spotify:track:2342lPAZ9zddhgAQEiLx4V,ANACONDA *o* ~~~,18,55,19,Luísa Sonza
67,spotify:track:5Z9KJZvQzH6PFmb8SNkxuk,INDUSTRY BABY (feat. Jack Harlow),29,48,27,Lil Nas X
68,spotify:track:4XiFqfUXyTwOChvMLKKi0T,Sem Sentimento,5,62,27,DG e Batidão Stronda
69,spotify:track:2AQJRDfQJbfgmTf5e62Czl,Sem Dó,42,56,15,Matuê
70,spotify:track:4grGI2vFnknrfmHT1JOVFU,Tesão Da Madrugada - Ao Vivo,64,64,8,George Henrique & Rodrigo
71,spotify:track:5F2xRvRFkxDvqdFtUNAEyw,Se For Amor,8,65,27,João Gomes
72,spotify:track:7JaxdBtSfqGGNyZEjGtSrg,Putariazinha,4,57,27,Felipe Amorim
73,spotify:track:1bWBG6IkMnDr3qvCKSvQT7,Baby Me Atende - Ao Vivo,12,74,27,Matheus Fernandes
74,spotify:track:6AQqsFYtCQi9m7MJcMjGup,Superação Digital,24,81,27,Xand Avião
75,spotify:track:1HhNoOuqm1a5MXYEgAFl8o,Enemy (with JID) - from the series Arcane League of Legends,41,67,22,Imagine Dragons
76,spotify:track:3QKv1RIrWsLTA63oxscVrZ,Meu Bem,25,76,27,João Gomes
77,spotify:track:0OJ8KWhqLMHkfI59yh398v,Sei Que Tu Gosta Muito,77,78,2,L7NNON
78,spotify:track:3ShKPhFkexrwl7WoyTtNND,Tchuco Nela,78,—,1,MC Rogerinho
79,spotify:track:6qdJZIjxrPaJjaGqlXFLSs,Nota de Repúdio - Ao Vivo,8,77,27,Gusttavo Lima
80,spotify:track:5r9CZJMoMmxio2AnJdxuDS,Pot-Pourri: Melhor Eu Ir / Ligando Os Fatos / Sonho de Amor / Deixa Eu Te Querer - Ao Vivo,80,91,17,Grupo Menos É Mais
81,spotify:track:1KcLptSHclzzV3lI3RnN3f,Romantizou,81,—,1,Os Barões Da Pisadinha
82,spotify:track:3NzAGfWHqQVEfYVcYKxNLN,Sua Recaída,82,88,2,Eric Land
83,spotify:track:6Uj1ctrBOjOas8xZXGqKk4,Woman,51,72,7,Doja Cat
84,spotify:track:3XF598RmEUF3XW4XKo1lyP,Meu Número - Ao Vivo,84,—,1,Hugo & Guilherme
85,spotify:track:6JIC3hbC28JZKZ8AlAqX8h,Cold Heart - PNAU Remix,50,73,19,Elton John
86,spotify:track:5PjdY0CKGZdEuoNab3yDmX,STAY (with Justin Bieber),42,71,16,The Kid LAROI
87,spotify:track:4fs0ImTtUd9lfD7WA7edUX,Mantenha Distância,80,86,3,Henry Freitas
88,spotify:track:2RGIuYTsyyHoOCqW0krvNE,Coração Cachorro,1,87,27,Avine Vinny
89,spotify:track:17QN5kFprJqHdHLMj7hz4s,Ficha Limpa - Ao Vivo,18,89,27,Gusttavo Lima
90,spotify:track:0cHflpV8SSGbE0NKaasEfT,F* F* M*,90,92,3,Filipe Ret
91,spotify:track:68qqVn5kHBv4zc45SDGLnh,Corte Americano,91,100,3,Filipe Ret
92,spotify:track:7aZusA4cWXz3Wv9e9uhavz,Quer Voar,23,79,7,Matuê
93,spotify:track:6RMYuqlTn8777j5arY9zhC,Cena de Amor,17,85,27,Brisa Star
94,spotify:track:0FqVtQxRD3HsPltldG5v5M,Aquelas Coisas,11,90,27,João Gomes
95,spotify:track:2xebCnKCjYWBhJ4Ai8hO5E,Set dos Casados,38,69,21,Mc Davi
96,spotify:track:0lSY2zOUEeB5sfSnkw8M9l,Será que Dá Certo,46,94,23,Vitor Fernandes
97,spotify:track:5IgFVuxghOxiIYRnjUsqi1,Tuf Tuf Pof Pof,63,75,8,MC Reino
98,spotify:track:2R9IrE42Mw4zdUXAEFNiZL,Senta Danada,22,95,27,Zé Felipe
99,spotify:track:7xVSNhAUQhUIpwfR6lTOwA,Por Supuesto,12,82,26,Marina Sena
100,spotify:track:0w4eRv2fCerS49SgrStS1V,BAGUNÇA,59,98,5,PEDRO SAMPAIO
