rank,uri,track_name,peak,prev,streak,artist_names
1,spotify:track:7bhvRvE56NHBvedx0EeALS,Comunicação Falhou - Ao Vivo,1,2,16,Mari Fernandez
2,spotify:track:25rz3D4oroFC0GXm3xFXnG,Tem Cabaré Essa Noite,1,1,5,Nivaldo Marques
3,spotify:track:5vC8UAOHeG95ehRzZChniB,Ai Preto,3,3,9,L7NNON
4,spotify:track:7AwVSKaQxpidrtYBerkHKk,Pipoco,4,5,8,Ana Castela
5,spotify:track:2qmG7dokbGpDGD0T5wORWt,Balanço da Rede,1,6,23,Matheus Fernandes
6,spotify:track:5PZAbR6JHYYV9xp5gv0XES,Bandido,1,4,9,Zé Felipe
7,spotify:track:4xxeEWGQNFQ6qehlnev5LS,Te Amo Demais,7,7,4,Marília Mendonça
8,spotify:track:6Ulh9GPYz6JKdv04qc3q2U,Dengo,1,9,14,João Gomes
9,spotify:track:7KWKWJnbGJ3Soag6Oopion,CACHORRINHAS,8,8,5,Luísa Sonza
10,spotify:track:1ELsaYdj2NlxLvkx9g24xZ,Haja Colírio (feat. Hugo & Guilherme) - Ao Vivo,10,18,7,Guilherme & Benuto
11,spotify:track:3ShKPhFkexrwl7WoyTtNND,Tchuco Nela,4,11,18,MC Rogerinho
12,spotify:track:6gEOM9IEBzvTdbwNrSkBdC,Fala Mal de Mim - Ao Vivo,10,10,6,Gusttavo Lima
13,spotify:track:4QWumyD2uwiePBBha9XBHI,No Ouvidinho,1,12,20,Felipe Amorim
14,spotify:track:4vWh6tEfcLzdvYWp2IlOJS,CORAÇÃO CIGANO - Ao Vivo,14,—,1,Luan Santana
15,spotify:track:5PSkF3QpVMlAx8U5Inxj39,Vento Forte,13,13,4,Mc Jacaré
16,spotify:track:7HdWqZjUmIHK5B8zwPCRds,Áudio Que Te Entrega - Faixa Bônus,7,14,21,Leo Santana
17,spotify:track:5etfNcFAD9M8uibXpYMxfQ,Tu Tava Na Revoada - Ao Vivo,9,15,13,Wesley Safadão
18,spotify:track:0XyPPyGes0omXppV5YE8gy,Gostosinha é Ela,18,42,3,Felipe Amorim
19,spotify:track:4NNZZXHgn9F3cCgC1YGmLl,Todo Seu - Ao Vivo,15,17,15,Jorge & Mateus
20,spotify:track:3sd2p4kE7xQmFH3lPnFl6h,sentaDONA (Remix) s2,1,19,22,Davi Kneip
21,spotify:track:0i4UV3HjjvsUuV3BajEXoD,Baile no Morro,10,16,8,MC Tairon
22,spotify:track:6Zw25LRLP0j0MsezDFIUM4,Mal Feito - Ao Vivo,5,21,31,Hugo & Guilherme
23,spotify:track:4x5q5T5mhE1xvoCVXY6qrN,Melodia Alucinógena,23,48,2,DJ AK BR
24,spotify:track:0jAAnWNbcHf6X1EXOtvOT7,Incendeia,20,20,5,MC Kevin o Chris
25,spotify:track:5lCAtKxkZL6tFDyGX9t87j,Eu Já Tava Bem - Ao Vivo,11,24,37,Wesley Safadão
26,spotify:track:1K8AtBJXcdq5mywMnZuARP,Termina Comigo Antes,4,22,20,Gusttavo Lima
27,spotify:track:3lQnTQFBxk1HMsj8aa4syY,Virando o Olhinho,23,23,6,Kadu Martins
28,spotify:track:42nZBOwXNdO24Ml032bLBS,Gatilho - Ao Vivo,28,28,22,Matheus & Kauan
29,spotify:track:7bh2ybqXcEoIYL8FwiAMou,Intuição - Ao Vivo,29,35,8,Mari Fernandez
30,spotify:track:4Dvkj6JhhA12EX05fT7y2e,As It Was,12,26,20,Harry Styles
31,spotify:track:2TdOWHAolNaQx8gyRDVS1N,ERRO PLANEJADO - Ao Vivo,6,25,18,Luan Santana
32,spotify:track:1OZ4uv7OAP24Ix6j3vojLt,Casei Com a Putaria,32,36,2,Mc Paiva ZS
33,spotify:track:72g37RoelSnovZakG5MwnF,Parada Louca,2,30,40,Mari Fernandez
34,spotify:track:6bTdZ7xfKp3NqqADJ8HLyj,Vampiro,5,29,20,Matuê
35,spotify:track:2johnzqTeIdgF1kUV4Yaeo,Me Chama de Amor,14,27,14,O Tubarão
36,spotify:track:4NFkcqZ3jU2O9rgEbuluVn,Bafora o Lança - Remix,36,—,1,Mario Mc
37,spotify:track:7gVzhRCrLRUBEGdS7zNTp0,Malvada,1,33,29,Zé Felipe
38,spotify:track:7qD2vjd3btuOgwpQPEY7ci,EU VOU COM CARINHO ELA QUER COM FORÇA,10,31,12,Mc Don Juan
39,spotify:track:3JHIuBa3hDJk3DQ9m6xFrp,Pelado,39,52,6,NATTAN
40,spotify:track:40fRA3sONEHzt20oKvyhRA,Só de Imaginar - Ao Vivo,40,47,12,Mari Fernandez
41,spotify:track:6bwx7pcKJY05D9S6CVa1k6,Nem Namorado e Nem Ficante - Ao Vivo | Faixa Bônus,41,45,11,Israel & Rodolffo
42,spotify:track:14JKzKrJbPDflw8XyATMey,A Maior Saudade - Ao Vivo,18,38,44,Henrique & Juliano
43,spotify:track:6BF3nZQkAg9qvE0DLVSfyH,Hotel Caro,9,34,10,Baco Exu do Blues
44,spotify:track:2wSCalnGOnXdAJC0Fn8OUY,Vai Lá Em Casa Hoje,5,39,40,George Henrique & Rodrigo
45,spotify:track:3QxKHcpNt6CWNUYCLLBHeZ,Escolhe o Bandido,40,40,6,MC CH da Z.O
46,spotify:track:3ITkrUvAA6gzxer2UIom3P,Molhando o Volante,10,44,36,Jorge & Mateus
47,spotify:track:4a0sqvCBo7aRIS4GzBQpnp,Kikando e Me Olhando,22,32,17,MC Braz
48,spotify:track:0qYW2jULeN9giEty0ee9Fy,Botadinha Saliente,3,43,27,MC Rogerinho
49,spotify:track:3jPp5Aukksz9Ir0gZy6lZM,Acabei de Terminar - Ao Vivo,49,55,4,Paulo e Nathan
50,spotify:track:7afaZ37wJJL6880z1NRgJS,Fim de Semana no Rio,15,49,20,Teto
51,spotify:track:6o6PKPQH9c6egl0VROLpLN,P Q P,37,56,19,NATTAN
52,spotify:track:5zNxUkUW9WiV5oyg6gh2wB,DANÇARINA,1,37,27,PEDRO SAMPAIO
53,spotify:track:5ildQOEKmJuWGl2vRkFdYc,DESPECHÁ,36,41,3,ROSALÍA
54,spotify:track:2ykYxd8UGHOsdjP3Z5jSHh,Cheiro de Balada - Ao Vivo,54,93,2,Hugo & Guilherme
55,spotify:track:1XcmAgREOuJQb91sr68AAD,Sentadinha Diferente,55,59,4,Dyamante DJ
56,spotify:track:3XF598RmEUF3XW4XKo1lyP,Meu Número - Ao Vivo,36,53,18,Hugo & Guilherme
57,spotify:track:0dcHD9QhnWRA41zoLnC83X,X1,57,57,3,MC Cabelinho
58,spotify:track:75FEaRjZTKLhTrFGsfMUXR,Running Up That Hill (A Deal With God),12,46,12,Kate Bush
59,spotify:track:6sZYCAvTEYjTtQ9Tt5ACbX,São João Chegou,59,65,3,Renanzin Pressão
60,spotify:track:5A35xC90Nk6tXmcOAOOavi,ABALO EMOCIONAL - Ao Vivo,10,51,28,Luan Santana
61,spotify:track:4qsOrxBv09HhNSpsgMRXdC,Esqueça-Me Se For Capaz,1,50,44,Marília Mendonça
62,spotify:track:0MKd4uZd8Ag8qyReZBTarP,Pino da Granada - Ao Vivo em Rio Preto,54,54,11,Murilo Huff
63,spotify:track:4cxQWmXmmbFoWvV8qipQTe,Perfeito Pra Ficar Sozinho - Ao Vivo,63,70,2,Murilo Huff
64,spotify:track:4nRa5qkXIfswPbt20rkslI,Debaixo do Cobertor,24,63,9,Felipe Amorim
65,spotify:track:0OpZrC2lgx4i6m41A2oTn9,Macetando,55,60,3,Wesley Safadão
66,spotify:track:3v6gYFuAXQcm1EO5yW7yfX,Proteção de Tela,33,66,44,Tarcísio do Acordeon
67,spotify:track:3ZtHHGpAPSWC7Gnios4lmK,Metflix,49,58,3,Mc Poze do Rodo
68,spotify:track:3gCWngngUs1uojw33vrE8K,5 Regras - Ao Vivo,68,71,2,Jorge & Mateus
69,spotify:track:5yRgMxdDhdYlbUQNCOlW3o,Não Vou Te Bloquear - Ao vivo,10,64,32,Mc Don Juan
70,spotify:track:0sTEUNuhl7f77EqolDIPh7,Depende,3,62,30,Dj Guuga
71,spotify:track:7G2LNG0EDgU5IyeeP6pevW,Pode Apostar - Ao Vivo,52,68,10,Mari Fernandez
72,spotify:track:3IMLoeLerS7TMpKjxUgAhx,Arranhão - Ao Vivo,4,67,44,Henrique & Juliano
73,spotify:track:6nkoWsFZeFt5dUdNmlIceh,Bloqueado - Ao Vivo,4,69,38,Gusttavo Lima
74,spotify:track:4PF5eA9ng97UcU5hjaqQnc,Meu Cafofo,49,73,22,João Gomes
75,spotify:track:2kJRlOyrxsy7Ot3c5TZ8Q6,Meu Pedaço de Pecado,2,76,44,João Gomes
76,spotify:track:4W4tbncuac0neqLbTpByen,Botadão,76,97,2,Eric Land
77,spotify:track:4GF7CEf70lzZQwdYaiiCpY,Para de Me Assistir - Ao Vivo,54,78,7,Mari Fernandez
78,spotify:track:5r9CZJMoMmxio2AnJdxuDS,Pot-Pourri: Melhor Eu Ir / Ligando Os Fatos / Sonho de Amor / Deixa Eu Te Querer - Ao Vivo,70,88,34,Grupo Menos É Mais
79,spotify:track:0tM4J8aID6qYZOE3e14sCj,Acordo - Ao Vivo,29,81,39,Henrique & Juliano
80,spotify:track:6hFwju6M40CKovKBPu5IpY,ACORDA PEDRINHO,3,72,14,Jovem Dionisio
81,spotify:track:1RgJ4lexKGNBlKnyxB5SRt,Balazul,48,61,10,Teto
82,spotify:track:5fYMMUN5xPo77r9qiBH0A0,Love Terremoto - Ao Vivo,82,99,2,Os Barões Da Pisadinha
83,spotify:track:14uWxelOuAUajP8fDvc0Ct,Falta Você,83,91,4,Thiaguinho
84,spotify:track:0sPtV4stCHkFJB6GpoaZ1f,CAFÉ DA MANHÃ ;P,8,75,27,Luísa Sonza
85,spotify:track:11fqunD6qlOCrRd88kMOk6,Evento Cancelado - Ao Vivo,36,74,13,Henrique & Juliano
86,spotify:track:3YvE7uo4ffseBoJPh8IhHp,Presepada,7,82,41,Marília Mendonça
87,spotify:track:3QKv1RIrWsLTA63oxscVrZ,Meu Bem,25,94,44,João Gomes
88,spotify:track:5VTjBl3ddZEiG2LrH4VzyR,Toma Toma Vapo Vapo,1,89,40,Zé Felipe
89,spotify:track:3FkeNbs9Zeiqkr3WkbOiGp,Envolver,1,86,40,Anitta
90,spotify:track:7v3BTjWrmUYjaGiVHVVhCK,Na Rebolada,90,—,1,Os Quebradeiras
91,spotify:track:1veQa8YnXWP7YjpzTcCLY8,Hoje Eu Vou Te Usar,68,95,2,Mari Fernandez
92,spotify:track:2HMbGPbGiqGaHXzFkQAmZI,Basiquinho - Ao Vivo,92,—,1,Matheus & Kauan
93,spotify:track:4NJKCE1TBC653P3dCnto0u,Simplesmente Ela,34,79,20,Mc Gabzin
94,spotify:track:2ebFBmle5uXcdbrCAOvPcZ,Vagabundo Chora - Ao Vivo,36,87,19,Guilherme & Benuto
95,spotify:track:5F2xRvRFkxDvqdFtUNAEyw,Se For Amor,8,—,1,João Gomes
96,spotify:track:1Hohk6AufHZOrrhMXZppax,ALIEN SUPERSTAR,53,80,3,Beyoncé
97,spotify:track:4EVzu5mYyigjyLrryKbZs7,VERMELHO,9,85,27,Gloria Groove
98,spotify:track:66K83nVy3aTJ5zLxbiMi7I,Te Amo Que Mais Posso Dizer (More Than I Can Say),24,84,4,Marília Mendonça
99,spotify:track:2LEV3lTRxKqLBfmt5BWkLj,Não Pega Ninguém Ainda (Ao Vivo),29,90,11,Gusttavo Lima
100,spotify:track:7HjZD0NPC1hzFpjUjo45GR,Me Sinto Abençoado,35,96,2,Mc Poze do Rodo
