rank,uri,track_name,peak,prev,streak,artist_names
1,spotify:track:0fABszUFNbNq9IW503Gj8v,Tá OK,1,1,11,DENNIS
2,spotify:track:64CovjRwInpOJW4PiGMprY,Faz um Vuk Vuk (Teto Espelhado),2,15,2,MC Kevin o Chris
3,spotify:track:54u86CmMqGI1rRuULlTqaB,Toca o Trompete,3,16,3,Felipe Amorim
4,spotify:track:4pWsXhLUdtBKlw9npIXZAl,Halls na Língua,2,2,10,Kadu Martins
5,spotify:track:2uhw2oYbugGJbn10wipNX5,Novidade na Área,3,3,6,Mc Livinho
6,spotify:track:1Vy9Wn5sbiduZKBqBlH3Mc,Ballena,6,11,4,Vulgo FK
7,spotify:track:0U9CZWq6umZsN432nh3WWT,"Gol Bolinha, Gol Quadrado 2",4,4,7,Mc Pedrinho
8,spotify:track:4f0aDk7HX37SfzerfznYlr,Lapada Dela - Ao Vivo,8,8,21,Grupo Menos É Mais
9,spotify:track:4hKLzFvNwHF6dPosGT30ed,Novo Balanço,5,14,12,Veigh
10,spotify:track:2BlFIe0712LBUtTHxbqjme,Love Gostosinho - Ao Vivo,2,6,31,NATTAN
11,spotify:track:4Z2i41GDQyu3KRpBavEnyR,Solteiro Forçado - Boiadeira Internacional,11,13,5,Ana Castela
12,spotify:track:51pxwIxDVCbFHW8oyJFQXD,Erro Gostoso - Ao Vivo,1,5,27,Simone Mendes
13,spotify:track:4uqJelb9THHmJ3OCohg4ZJ,Nosso Quadro,2,10,26,AgroPlay
14,spotify:track:3P2ubMyuL9NQOVU67TVCXA,"Love, Love",9,12,8,Melody
15,spotify:track:0bfJWhn3r3UQBF8WYKWT4K,"Vai Novinha Ah, Ah, Ah / Citação: O Chêro Da Carolina",5,7,7,Dyamante DJ
16,spotify:track:3PH1nUysW7ybo3Yu8sqlPN,Seu Brilho Sumiu - Ao Vivo,2,9,23,Israel & Rodolffo
17,spotify:track:7lTVXJfNK4xaJSUXCUac6a,Fode Bem,17,61,2,Felipe Amorim
18,spotify:track:6xRDvureEBwHgwAYDufbJL,Chorei na Vaquejada,13,18,15,Eric Land
19,spotify:track:15nTZqWfpXZk9Xh043Ognh,Posturado E Calmo,12,17,9,Leo Santana
20,spotify:track:53PpijFATt35Zxfl6LTxoK,Leão,1,19,35,Marília Mendonça
21,spotify:track:4xAGuRRKOgoaZbMGdmTD3N,Oi Balde - Ao Vivo,6,20,25,Zé Neto & Cristiano
22,spotify:track:4zUFA8l78k4tCmoVuGtV8z,MEIO TERMO - Ao Vivo,21,24,9,Luan Santana
23,spotify:track:3khLpwuyIjEOw8vfJ1oUIT,Papin,11,23,16,MC Kevin o Chris
24,spotify:track:7GScY8oE12cqTiNBzVQpUB,Mala dos Porta-Mala - Ao Vivo,24,27,4,Gusttavo Lima
25,spotify:track:4sqpSDnTrbS8v7RMNCUyqS,Não Vitalício (Nunca Mais) - Ao Vivo,5,22,27,Matheus & Kauan
26,spotify:track:0redQHBfejmPUhonR5ppGC,Duas Três,12,25,25,Guilherme & Benuto
27,spotify:track:1mimc5QiUuwmVYdXkWvgOQ,MOLETOM,27,28,5,Luan Pereira
28,spotify:track:1M6rclDhYmqRBMFGNJOFKB,Americana Na Vaquejada,6,21,19,Grandão Vaqueiro
29,spotify:track:7r8yMaSOy4XmuhRz7iv1gi,Traumatizei - Ao Vivo Em Brasília,10,26,27,Henrique & Juliano
30,spotify:track:3ktTWpYdXrYApH54cBo4Ap,Conexões de Máfia (feat. Rich The Kid),3,31,15,Matuê
31,spotify:track:39xOREhViooEYFpmnKTdrl,Engana Dizendo Que Ama,24,36,12,Veigh
32,spotify:track:6F0ldIcRC6oCcn3hDukg9T,Cadê Seu Namorado Moça?,23,29,11,Thales Lessa
33,spotify:track:3PqU6gHWUaBTtIZi5oxEJ7,Um Mês E Pouco - Ao Vivo,32,32,6,Zé Neto & Cristiano
34,spotify:track:7DkhndGTKaqkFxxKN7XlAh,Manda um Oi - Ao Vivo,32,33,12,Guilherme & Benuto
35,spotify:track:12YCtLHGk6tP6RbHDHflCs,Cartão Black,5,35,13,MC Caverinha
36,spotify:track:5btDKzAsFh975NSWxwBHRc,Coisas Que Eu Sei,14,41,17,Felipe Amorim
37,spotify:track:2LTlykcdu0gwb7zcKneo2a,Melhor Só,9,38,19,KayBlack
38,spotify:track:7Ht57bh2FwiQLwRH9zqESG,085 - Ao Vivo,8,30,24,MC Rogerinho
39,spotify:track:1nf1HJdTWXwf9XHQebGlOd,Quando Apaga A Luz - Ao Vivo,20,34,28,Gustavo Mioto
40,spotify:track:6p6ohOKSzL4JaIRzSeOmWx,Cama Embrasa,32,40,12,Felipe Amorim
41,spotify:track:2uGk60j3LR5bp6tGq9vtII,Halls na Língua - Remix,41,50,2,GORDÃO DO PC
42,spotify:track:7nFvKgVumc9FcU97zGjjei,Coração de Gelo,5,42,35,WIU
43,spotify:track:0SCMVUZ21uYYB8cc0ScfbV,Bombonzinho - Ao Vivo,2,39,40,Israel & Rodolffo
44,spotify:track:5vdQUAFncALEH9EQvyAqIX,Forte Forte de Lacoste - Pra Começar o Final de Semana,42,43,5,DJ Jeeh FDC
45,spotify:track:3fkLH5wAzni4mcXl4c6cAC,Sinal,31,37,11,Nadson O Ferinha
46,spotify:track:0WrM1ON5poAsmKw3x5uPhD,Narcisista - Ao Vivo,46,97,2,Maiara & Maraisa
47,spotify:track:58KvJ4I2QMhLcRBnkBam2M,Vem Morenin,47,67,2,Neno No beat
48,spotify:track:0Co2c6T1U06m4wLT6kOxdc,Poesia Acústica 14,44,44,3,Pineapple StormTv
49,spotify:track:3o4wcB1Y6xC62eF02n9RSZ,ELA PIROU NA DODGE RAM,25,46,19,Luan Pereira
50,spotify:track:4kRLRWnn5u9wO2wOKAAdEN,Automotivo Bibi Fogosa,50,85,2,Bibi Babydoll
51,spotify:track:745VUhm32odbxJI2q1rUMv,Ela Voltou de Perna Bamba,25,51,12,MC Guh SR
52,spotify:track:1gUKbDEyGK4uo8t8MdjKMZ,Namorando Ou Não - Ao Vivo,21,49,21,Clayton & Romário
53,spotify:track:4uLzGOlqSanpNS3htaUViY,Pátio do Posto - Ao Vivo,30,52,12,Zé Neto & Cristiano
54,spotify:track:6L2ule7uWSdh1qjcMO3vUD,Quem tá Pegando,45,48,8,Murilo Huff
55,spotify:track:7CJJ7JC3kj9XdweWTvfVhX,Vacilão,2,47,21,Zé Felipe
56,spotify:track:7IPEkUJsnWYNyBkK2i2FPj,Mágica - Ao Vivo,20,45,19,Hugo & Guilherme
57,spotify:track:6hu4HvpNzrW2RIEEAZC3vD,Segredo,37,56,17,KayBlack
58,spotify:track:77BR4gaUAp3p0uA8UL6HT9,Não Para,41,57,15,Belle Kaffer
59,spotify:track:22sAwsBH0NoNJXnrBenQuO,Sem Aliança no Dedo,6,59,26,MC Xenon
60,spotify:track:4ASA1PZyWGbuc4d9N8OAcF,Eu Gosto Assim - Ao Vivo,1,54,47,Gustavo Mioto
61,spotify:track:0oB3IBEhbmgTrL7mV0VnFq,Novinha do Onlyfans (Tchan Ran Tchan Tchan),1,62,41,Kadu Martins
62,spotify:track:6njJR3OIp3oA0Kc4aC9Tzf,MONTAGEM - PR FUNK,62,69,4,S3BZS
63,spotify:track:51FFbyL0PjkYtjXJQP0JoP,Saudade da Minha Vida - Ao Vivo,15,55,28,Gusttavo Lima
64,spotify:track:4lL0M9HzNFspnIwj2WfU6c,Oi Vida - Ao Vivo,64,86,2,Gusttavo Lima
65,spotify:track:1a5LfJGq0vuCWQ9Mme0Ac7,Deserto (Ao Vivo),63,73,30,Maria Marçal
66,spotify:track:5TtTijiNYtFc6ktQARjY30,Preferida,22,70,18,KayBlack
67,spotify:track:5aqwwgL4XOv2YJYwLiqKOZ,A Culpa É Nossa - Ao Vivo,19,60,34,Maiara & Maraisa
68,spotify:track:5o9H0zAGTGrZQpH5WWh1Vi,Duas - Versão Arrocha,64,64,5,Dilsinho
69,spotify:track:7x9aauaA9cu6tyfpHnqDLo,Seven (feat. Latto) (Explicit Ver.),55,66,4,Jung Kook
70,spotify:track:6ELMBm3lZFitAZp03GBBNG,Me Atraiu - Ao Vivo,52,80,24,Gabriela Rocha
71,spotify:track:0dcHD9QhnWRA41zoLnC83X,X1,32,72,54,MC Cabelinho
72,spotify:track:156LKAN2oh16qflL5oz4tO,Os Bico Tão Se Perguntando (Let’s Go 3),20,75,17,MC PH
73,spotify:track:2pidGuLSSVZPcbzE5QA1Ux,Elevador - Ao Vivo,48,53,8,Hugo & Guilherme
74,spotify:track:0Q1oLvAI9QaD3DIlvluTqx,Voltou Com Quem Não Voltava - Ao Vivo,74,—,1,Israel & Rodolffo
75,spotify:track:6wf7Yu7cxBSPrRlWeSeK0Q,"What Was I Made For? [From The Motion Picture ""Barbie""]",75,78,2,Billie Eilish
76,spotify:track:2kBbHpJTc7MWs8F3XhClBD,Altas Loucurinhas (Uni Duni Tê) - Ao Vivo,11,58,31,Matheus Fernandes
77,spotify:track:7k8YBbVumvWI1ujyjWbvlo,Nunca Mais - Ao Vivo,58,65,13,NATTAN
78,spotify:track:5XeFesFbtLpXzIVDNQP22n,I Wanna Be Yours,73,88,24,Arctic Monkeys
79,spotify:track:3xCkNUiap7EBjqnRldHSSh,Coladin (Minha Deusa),36,63,33,Zé Vaqueiro
80,spotify:track:4Dvkj6JhhA12EX05fT7y2e,As It Was,12,83,71,Harry Styles
81,spotify:track:5WsM6qhZzRSD3oKbtorxzD,Aquecimento Senta Senta Suave,12,77,21,MC Kevin o Chris
82,spotify:track:7bhvRvE56NHBvedx0EeALS,Comunicação Falhou - Ao Vivo,1,68,67,Mari Fernandez
83,spotify:track:1vYXt7VSjH9JIM5oRRo7vA,Dance The Night - From Barbie The Album,74,74,3,Dua Lipa
84,spotify:track:7kJ0aTB5gLMYrJjYft3Vx6,Na Contramão,71,87,12,DJ Katrip
85,spotify:track:64aW2o0Dyg06rgX1jdRjQH,Teus Sinais,85,—,1,Felipe Amorim
86,spotify:track:74myq4QbO9E8bTtLQuOWYY,Nu,52,91,14,Anitta
87,spotify:track:0XyPPyGes0omXppV5YE8gy,Gostosinha é Ela,5,—,1,Felipe Amorim
88,spotify:track:0btol0yAwaK1mJdyQfnKFn,Eu Nem Lembro,88,—,1,Henry Freitas
89,spotify:track:1jHgfC8T5KxUyC5Ldw6lk9,Zona De Perigo,1,76,28,Leo Santana
90,spotify:track:4w4o6ZWK5n5tBZDVcnQGFp,Tu Tem Uma Cara,90,—,1,Felipe Amorim
91,spotify:track:52EYWdjiulHaehpexuowyh,FOGO E GASOLINA,35,99,32,MC Cabelinho
92,spotify:track:2orGm2E68ODFYOURjaES62,Felina,7,—,1,WIU
93,spotify:track:1Z3QqD45wKKN6fUKBXSvcZ,Pirulito Vermelho,92,92,3,Diego & Victor Hugo
94,spotify:track:3d1im1pw3WLuEty2k9XzTr,Clickbait,39,—,1,Veigh
95,spotify:track:64I2WXRrFWWxjRh8uTYYQB,Abre A Mente - Ao Vivo Em Brasília,95,98,2,Henrique & Juliano
96,spotify:track:5qjwjBzWAxXjjqinjENzIF,Dói,96,—,1,Jorge & Mateus
97,spotify:track:7qoIhutxU269Zqo9PG5IOj,Poesia Acústica 13,3,—,1,Pineapple StormTv
98,spotify:track:4vdFF0P7oTZoeKvnfIsbh3,Te Esqueci Sem Querer - Ao Vivo Em Brasília,52,96,15,Henrique & Juliano
99,spotify:track:00SFicbFKGIT0ONRRD79Uw,Você Me Conquistou,99,—,1,Eric Land
100,spotify:track:5ffDENIdtByAZxHpuuj9li,Vida Chique,49,—,1,Veigh
