rank,uri,track_name,peak,prev,streak,artist_names
1,spotify:track:1597vvneWf0zoQrg2D8yH6,Evoque Prata,1,2,6,MC MENOR HR
2,spotify:track:4ASA1PZyWGbuc4d9N8OAcF,Eu Gosto Assim - Ao Vivo,1,1,13,Gustavo Mioto
3,spotify:track:0oB3IBEhbmgTrL7mV0VnFq,Novinha do Onlyfans (Tchan Ran Tchan Tchan),3,3,7,Kadu Martins
4,spotify:track:4o6v3Oooyt7HF20idztRD4,Bombonzinho - Ao Vivo,3,5,6,Israel & Rodolffo
5,spotify:track:4UldILPVpnZO69ffK4B9aA,Tubarão Te Amo,5,8,10,Dj LK da Escócia
6,spotify:track:2hkwwmmLC90T8BQ7t3xufq,Roça Em Mim,6,6,4,Zé Felipe
7,spotify:track:7bhvRvE56NHBvedx0EeALS,Comunicação Falhou - Ao Vivo,1,4,33,Mari Fernandez
8,spotify:track:2orGm2E68ODFYOURjaES62,Felina,7,7,11,WIU
9,spotify:track:1ELsaYdj2NlxLvkx9g24xZ,Haja Colírio (feat. Hugo & Guilherme) - Ao Vivo,4,9,24,Guilherme & Benuto
10,spotify:track:3yHXEidSu4gYVRqKoI653O,Assunto Delicado - Ao Vivo,2,10,16,Guilherme & Benuto
11,spotify:track:1OZ4uv7OAP24Ix6j3vojLt,Casei Com a Putaria,2,11,19,Mc Paiva ZS
12,spotify:track:77UrDaIQq6JZIJWeLgJaRf,Sereia,12,14,6,Orochi
13,spotify:track:2M4kQD87lKnAS9vFlb4Bez,Pactos - Ao Vivo,9,13,9,Matheus & Kauan
14,spotify:track:0XyPPyGes0omXppV5YE8gy,Gostosinha é Ela,5,12,20,Felipe Amorim
15,spotify:track:6gyhp7IcNhTYzwlk8utsgP,Beijo de Glicose - Ao Vivo,6,18,15,Diego & Victor Hugo
16,spotify:track:7LUZT12r4xmwR1Kh8TJgjv,Ex dos Meus Sonhos - Ao Vivo,8,17,10,Gusttavo Lima
17,spotify:track:5DoYLtsVnNMcrgpMdEPOsI,É Só Um Lance Lero Lero,17,32,3,DJ Dozabri
18,spotify:track:4pzRxLzkLjnqnrOL0VMV5w,Não Fosse Tão Tarde - Ao Vivo,18,20,9,Wesley Safadão
19,spotify:track:5vC8UAOHeG95ehRzZChniB,Ai Preto,2,15,26,L7NNON
20,spotify:track:3gCWngngUs1uojw33vrE8K,5 Regras - Ao Vivo,12,19,19,Jorge & Mateus
21,spotify:track:2qmG7dokbGpDGD0T5wORWt,Balanço da Rede,1,16,40,Matheus Fernandes
22,spotify:track:4Dvkj6JhhA12EX05fT7y2e,As It Was,12,27,37,Harry Styles
23,spotify:track:6Zw25LRLP0j0MsezDFIUM4,Mal Feito - Ao Vivo,5,23,48,Hugo & Guilherme
24,spotify:track:7qoIhutxU269Zqo9PG5IOj,Poesia Acústica 13,3,24,13,Pineapple StormTv
25,spotify:track:3nqQXoyQOWXiESFLlDF1hG,Unholy (feat. Kim Petras),10,29,12,Sam Smith
26,spotify:track:6Ulh9GPYz6JKdv04qc3q2U,Dengo,1,21,31,João Gomes
27,spotify:track:4xxeEWGQNFQ6qehlnev5LS,Te Amo Demais,5,28,21,Marília Mendonça
28,spotify:track:5t7E1z1kVtHyPxWNmUtXN4,Te Love - Ao Vivo,18,26,12,Kevi Jonny
29,spotify:track:1dMyIigB6MDsfD3xuG6TbO,Média Boa - Ao Vivo,29,40,3,Felipe e Rodrigo
30,spotify:track:4QWumyD2uwiePBBha9XBHI,No Ouvidinho,1,22,37,Felipe Amorim
31,spotify:track:7AwVSKaQxpidrtYBerkHKk,Pipoco,1,25,25,Ana Castela
32,spotify:track:4r2O8NHomHiJnFKqhYnqy1,Perdoou Nada - Ao Vivo,32,—,1,Israel & Rodolffo
33,spotify:track:3DNhR7P04alm9S4JA6Llvg,Mó Viagem,33,90,2,Felipe Amorim
34,spotify:track:7nFvKgVumc9FcU97zGjjei,Coração de Gelo,34,—,1,WIU
35,spotify:track:7HdWqZjUmIHK5B8zwPCRds,Áudio Que Te Entrega - Faixa Bônus,7,30,38,Leo Santana
36,spotify:track:0dcHD9QhnWRA41zoLnC83X,X1,32,34,20,MC Cabelinho
37,spotify:track:3ShKPhFkexrwl7WoyTtNND,Tchuco Nela,4,31,35,MC Rogerinho
38,spotify:track:0oZrvoCYEbKGCsU7cQqNnw,Imprevisto,38,44,4,Yago Oproprio
39,spotify:track:7G2LNG0EDgU5IyeeP6pevW,Pode Apostar - Ao Vivo,36,36,27,Mari Fernandez
40,spotify:track:3lQnTQFBxk1HMsj8aa4syY,Virando o Olhinho,23,33,23,Kadu Martins
41,spotify:track:4cxQWmXmmbFoWvV8qipQTe,Perfeito Pra Ficar Sozinho - Ao Vivo,32,42,19,Murilo Huff
42,spotify:track:4NNZZXHgn9F3cCgC1YGmLl,Todo Seu - Ao Vivo,15,35,32,Jorge & Mateus
43,spotify:track:4pjznsLeoyimnxGlVpmyJI,NÉ SEGREDO,38,38,10,MC Cabelinho
44,spotify:track:4x5q5T5mhE1xvoCVXY6qrN,Melodia Alucinógena,15,50,19,DJ AK BR
45,spotify:track:7CIj5SFTB6WPJrYjLZN5bp,Pega o Guanabara - Ao Vivo,34,37,10,Wesley Safadão
46,spotify:track:2HMbGPbGiqGaHXzFkQAmZI,Basiquinho - Ao Vivo,28,46,18,Matheus & Kauan
47,spotify:track:2YAOJkRWy382bRMXaj48FP,Esse B.O é Meu - Ao Vivo,39,41,4,Guilherme & Benuto
48,spotify:track:0i4UV3HjjvsUuV3BajEXoD,Baile no Morro,10,39,25,MC Tairon
49,spotify:track:3IMLoeLerS7TMpKjxUgAhx,Arranhão - Ao Vivo,4,55,61,Henrique & Juliano
50,spotify:track:3sd2p4kE7xQmFH3lPnFl6h,sentaDONA (Remix) s2,1,47,39,Davi Kneip
51,spotify:track:6bTdZ7xfKp3NqqADJ8HLyj,Vampiro,5,45,37,Matuê
52,spotify:track:6bwx7pcKJY05D9S6CVa1k6,Nem Namorado e Nem Ficante - Ao Vivo | Faixa Bônus,37,49,28,Israel & Rodolffo
53,spotify:track:6gEOM9IEBzvTdbwNrSkBdC,Fala Mal de Mim - Ao Vivo,10,57,23,Gusttavo Lima
54,spotify:track:25rz3D4oroFC0GXm3xFXnG,Tem Cabaré Essa Noite,1,43,22,Nivaldo Marques
55,spotify:track:5PSkF3QpVMlAx8U5Inxj39,Vento Forte,12,48,21,Mc Jacaré
56,spotify:track:4qsOrxBv09HhNSpsgMRXdC,Esqueça-Me Se For Capaz,1,58,61,Marília Mendonça
57,spotify:track:1JIKO27MqvSpjrnUCT6fLC,A Caminho do Bega,52,52,5,DJ Patrick Muniz
58,spotify:track:58VUikMywNpRelwEx8khdh,Mel do Egito,54,54,9,Leandro e as Abusadas
59,spotify:track:2rtsT3CefzKc05JdAm8aQ5,Digo ou Não Digo - Ao Vivo,58,59,7,João Gomes
60,spotify:track:42nZBOwXNdO24Ml032bLBS,Gatilho - Ao Vivo,24,51,39,Matheus & Kauan
61,spotify:track:2K9kZpwD2CzTa6iiSYYOoO,Leão,61,—,1,Marília Mendonça
62,spotify:track:11BKm0j4eYoCPPpCONAVwA,Bloody Mary,62,69,2,Lady Gaga
63,spotify:track:4nRa5qkXIfswPbt20rkslI,Debaixo do Cobertor,24,56,26,Felipe Amorim
64,spotify:track:40fRA3sONEHzt20oKvyhRA,Só de Imaginar - Ao Vivo,34,53,29,Mari Fernandez
65,spotify:track:2XaEn8iznBz9ZE9YJqJdQ6,Revoada do Tubarão 3,62,62,3,MC Ryan SP
66,spotify:track:4uUG5RXrOk84mYEfFvj3cK,I'm Good (Blue),39,79,13,David Guetta
67,spotify:track:6Np4Po7nNJ2qZq9RFOypBa,Cão Sem Dono,41,60,10,Mari Fernandez
68,spotify:track:75vGTHuhbJDrZ0oPb3FXQ9,Pagodão do Birimbola (Tchubirabirom),68,—,1,Os Quebradeiras
69,spotify:track:11fqunD6qlOCrRd88kMOk6,Evento Cancelado - Ao Vivo,36,64,30,Henrique & Juliano
70,spotify:track:2wSCalnGOnXdAJC0Fn8OUY,Vai Lá Em Casa Hoje,5,67,57,George Henrique & Rodrigo
71,spotify:track:0TTQIX6HnkeQ5w9TOzoQF3,Parada Louca,2,63,57,Mari Fernandez
72,spotify:track:1xzi1Jcr7mEi9K2RfzLOqS,CUFF IT,50,77,11,Beyoncé
73,spotify:track:2SOeAhvJfh7HsGYPVtGG8H,Aqui Na Parma Tu Vem Pra Fuder,67,73,7,DJ CIRILO DE CAXIAS
74,spotify:track:04vzhKfl5HtPEgrdZJCZ7L,Bagulho Louco,55,74,9,Mc Paiva ZS
75,spotify:track:3TIb3AjhRWnxQGQEcFmgDL,Tu Tava Na Revoada - Ao Vivo,9,61,30,Wesley Safadão
76,spotify:track:0tM4J8aID6qYZOE3e14sCj,Acordo - Ao Vivo,29,75,56,Henrique & Juliano
77,spotify:track:5XeFesFbtLpXzIVDNQP22n,I Wanna Be Yours,75,81,10,Arctic Monkeys
78,spotify:track:4NWqFtTU1wnvlsU7XjeIGM,Mina Sensação,55,71,7,Deavele Santos
79,spotify:track:0jAAnWNbcHf6X1EXOtvOT7,Incendeia,20,76,22,MC Kevin o Chris
80,spotify:track:4PQ5AInr4YoBauth9YPduL,Ai Papai,80,—,1,Anitta
81,spotify:track:1K8AtBJXcdq5mywMnZuARP,Termina Comigo Antes,4,92,37,Gusttavo Lima
82,spotify:track:5cCwZJUf8QiCQGnyakhpmF,Papo de Agustinho,82,88,4,Oruam
83,spotify:track:5FNdfRpHs4u5vto9YdY3ft,Eu Já Tava Bem - Ao Vivo,11,66,54,Wesley Safadão
84,spotify:track:5r9CZJMoMmxio2AnJdxuDS,Pot-Pourri: Melhor Eu Ir / Ligando Os Fatos / Sonho de Amor / Deixa Eu Te Querer - Ao Vivo,70,78,5,Grupo Menos É Mais
85,spotify:track:5IgjP7X4th6nMNDh4akUHb,Under The Influence,63,84,14,Chris Brown
86,spotify:track:5blfWAryX3tMCRN4cMhce3,Farra Sem Limites - Ao Vivo,78,82,4,Wesley Safadão
87,spotify:track:2bWVxK5GlPtS4D3FcLjGgQ,Cara da Derrota - Ao Vivo,87,—,1,Gusttavo Lima
88,spotify:track:7KWKWJnbGJ3Soag6Oopion,CACHORRINHAS,8,80,22,Luísa Sonza
89,spotify:track:6BF3nZQkAg9qvE0DLVSfyH,Hotel Caro,9,99,2,Baco Exu do Blues
90,spotify:track:4vWh6tEfcLzdvYWp2IlOJS,CORAÇÃO CIGANO - Ao Vivo,6,72,18,Luan Santana
91,spotify:track:3JHIuBa3hDJk3DQ9m6xFrp,Pelado,39,68,23,NATTAN
92,spotify:track:14JKzKrJbPDflw8XyATMey,A Maior Saudade - Ao Vivo,18,85,61,Henrique & Juliano
93,spotify:track:5mJFh4iRzgmWuEVPG8257V,Quem Não Conhece Tá Sem Internet,83,—,1,MC Marks
94,spotify:track:0WtM2NBVQNNJLh6scP13H8,Calm Down (with Selena Gomez),94,—,1,Rema
95,spotify:track:368AZulYBAvuqDeIAEIpcB,Morango do Nordeste,95,—,1,Marília Mendonça
96,spotify:track:6o6PKPQH9c6egl0VROLpLN,P Q P,37,91,36,NATTAN
97,spotify:track:4aoZBldNDVYmTwmeoI49ud,O Poder Dessa Garota,88,97,4,Mc Gabzin
98,spotify:track:3gx9a8ea1nI0Wym9hJpdbJ,Hino dos Mlks,70,70,3,BIN
99,spotify:track:7fzgTaVhUxmEzjtcd9NdWo,Cê Tá Preparada - Ao Vivo,24,—,1,Tayrone
100,spotify:track:4QQTPEwqE4Aq7LXSyIgSci,Primeiro Beck Ela Me Mamou,41,—,1,Mc Kitinho
