rank,uri,track_name,peak,prev,streak,artist_names
1,spotify:track:35D06z7kmwMmYYbyJ0BkSm,Daqui pra Sempre,1,2,17,Manu
2,spotify:track:2InS5VWKJQbsFBKOsf1cJB,Let's Go 4,1,1,18,Dj GBR
3,spotify:track:6XvFnICxXsVc8OK4eh1E9b,Tem Café,3,5,5,Henry Freitas
4,spotify:track:2sYFUcurlISdHlAsnYCEgD,Me Leva Pra Casa / Escrito Nas Estrelas / Saudade - Ao Vivo,2,3,6,Lauana Prado
5,spotify:track:0oQCRjrWGvkqkdf82UlXI3,POCPOC,5,16,6,PEDRO SAMPAIO
6,spotify:track:2IDf0IZ9dfw0uDYV2n1bJc,DEJA VU,6,10,6,Luan Santana
7,spotify:track:4f0aDk7HX37SfzerfznYlr,Lapada Dela - Ao Vivo,4,9,44,Grupo Menos É Mais
8,spotify:track:697gwO5YoSGVAnlfREIZll,Tenho Que Me Decidir,6,6,6,MC PH
9,spotify:track:00ZKeP47bZtswtANkvxz2j,Baile do Bruxo,3,8,13,Tropa do Bruxo
10,spotify:track:2twZl1jsRbJRTNCE6VB6eW,10 Carros,7,7,8,Chefin
11,spotify:track:42JNab8NPeCADJ9D3Cl5wS,Barulho Do Foguete - Ao Vivo,5,13,19,Zé Neto & Cristiano
12,spotify:track:0wuj2T6IZtotux1Jjluo7m,Cama Repetida,12,12,8,Leo Santana
13,spotify:track:4YKujFSyakVjLdH1sDllVc,Dois Fugitivos - Ao Vivo,4,11,17,Simone Mendes
14,spotify:track:54u86CmMqGI1rRuULlTqaB,Toca o Trompete,1,15,26,Felipe Amorim
15,spotify:track:56JVZMurnXPoy1HbB4dcNV,Abismo,15,22,12,Manu
16,spotify:track:7MLX5VV97CcXIpH2QUIy13,Pane no Sistema,6,14,13,GREGO
17,spotify:track:7DkhndGTKaqkFxxKN7XlAh,Manda um Oi - Ao Vivo,4,19,35,Guilherme & Benuto
18,spotify:track:7g7I8fjEERZH8DH3e6MUw7,Canudinho - Ao Vivo,6,18,20,Gusttavo Lima
19,spotify:track:7dKqPh21HpsysZvRWyNeM1,Bênçãos Que Não Têm Fim (Counting My Blessings),9,17,9,Isadora Pompeo
20,spotify:track:64CovjRwInpOJW4PiGMprY,Faz um Vuk Vuk (Teto Espelhado),2,23,25,MC Kevin o Chris
21,spotify:track:1xjy8WRyYUkayJcyyWQpYe,Fronteira - Ao Vivo,19,21,8,Ana Castela
22,spotify:track:1GOS5OIo4KywJF7Fw9QR4E,A Gente Se Entrega,17,20,9,NATTAN
23,spotify:track:6vq7r1Pqd3pyI07u63cPZV,Erro Gostoso - Ao Vivo,1,24,50,Simone Mendes
24,spotify:track:7gaA3wERFkFkgivjwbSvkG,"yes, and?",24,—,1,Ariana Grande
25,spotify:track:2cZ62VBKsdZ7u1kKKJdFOc,Sou Musa do Verão,13,28,11,Marshmello
26,spotify:track:6drlqBh6BeYZinmYQ9qR2n,Furduncinho do Rogerinho,8,27,21,MC Rogerinho
27,spotify:track:7lTVXJfNK4xaJSUXCUac6a,Fode Bem,3,26,25,Felipe Amorim
28,spotify:track:3jTyFoGeD3DTu9cnnctMWN,DENTRO DA HILUX,7,25,20,Luan Pereira
29,spotify:track:4QCwvUs4ob87Tq9VP07Uo3,Loucura,29,33,5,Borges
30,spotify:track:0fABszUFNbNq9IW503Gj8v,Tá OK,1,30,34,DENNIS
31,spotify:track:2BlFIe0712LBUtTHxbqjme,Love Gostosinho - Ao Vivo,2,31,54,NATTAN
32,spotify:track:4Z2i41GDQyu3KRpBavEnyR,Solteiro Forçado - Boiadeira Internacional,7,37,28,Ana Castela
33,spotify:track:53PpijFATt35Zxfl6LTxoK,Leão,1,29,58,Marília Mendonça
34,spotify:track:1kWcd9h9HoeXsKaDVhSOtj,Ela - Ao Vivo,34,35,18,Sorriso Maroto
35,spotify:track:0QcKkN8b4iVkmVsbaze8OS,Devia Ser Proibido - Ao Vivo Em Brasília,31,39,21,Henrique & Juliano
36,spotify:track:7G2yGMHlcPPTCDhMrAaMyZ,Tô Voltando - (Boiadeira Internacional),36,43,20,Ana Castela
37,spotify:track:3iam4WkRoqMoBBCwDFZNgd,Quase Algo - Ao Vivo Em Nova Iorque / 2022,25,42,16,Henrique & Juliano
38,spotify:track:7vCtJ5u7dFM4tAWtgFf4l8,Anestesiado - Ao Vivo,38,47,7,Murilo Huff
39,spotify:track:6xRDvureEBwHgwAYDufbJL,Chorei na Vaquejada,13,36,38,Eric Land
40,spotify:track:1CtcgU1q0BgJN4Aottdscu,Joga Pra Lua,40,45,5,Anitta
41,spotify:track:3pLyNmLlw6uRrKaNwMnXOR,Não Precisa Negar,38,38,5,Josué Bom de Faixa
42,spotify:track:4hKLzFvNwHF6dPosGT30ed,Novo Balanço,5,34,35,Veigh
43,spotify:track:05WVKTdZhlIMX4qqMLuo0f,BELLAKEO,32,32,6,Peso Pluma
44,spotify:track:5HlcsBdjb5TiZeZ3ngWRv0,5 Da Manhã - Ao Vivo,33,41,17,Raí Saia Rodada
45,spotify:track:4zNy0cxc4p36OLdPr0sI6h,MONTAGEM ANOS 2000,16,46,17,MC Maneirinho
46,spotify:track:0UlXvVl6NufrExINO2yVlh,Vinho Branco,44,49,12,Manu
47,spotify:track:6C4nUySvjSQWoZamSKJBqH,Mala dos Porta-Mala - Ao Vivo,22,53,27,Gusttavo Lima
48,spotify:track:7CyPwkp0oE8Ro9Dd5CUDjW,"One Of The Girls (with JENNIE, Lily Rose Depp)",48,56,7,The Weeknd
49,spotify:track:23IebZSNZ8VzwUr4rJNGRG,MEIO TERMO - Ao Vivo,21,54,32,Luan Santana
50,spotify:track:1Vy9Wn5sbiduZKBqBlH3Mc,Ballena,6,44,27,Vulgo FK
51,spotify:track:6zFpImDYig0CQhLL2NIfyN,Nosso Quadro,2,40,49,AgroPlay
52,spotify:track:3PqU6gHWUaBTtIZi5oxEJ7,Um Mês E Pouco - Ao Vivo,25,58,29,Zé Neto & Cristiano
53,spotify:track:3PH1nUysW7ybo3Yu8sqlPN,Seu Brilho Sumiu - Ao Vivo,2,51,46,Israel & Rodolffo
54,spotify:track:4ssTFuVeNJG8py5dr2P2pV,Não Recomendo - Ao Vivo,54,70,6,Matheus & Kauan
55,spotify:track:3PGg3V56krasXrPKNvVLQU,Amor Livre - Ao Vivo,55,95,2,Filipe Ret
56,spotify:track:5Htol3nnPzphX76oORiNHb,Golzinho Vermelho - Ao Vivo,55,57,9,Leo Santana
57,spotify:track:6GmyQws2xpUFIN5dXBNTrl,Dia de Fluxo,57,63,3,AgroPlay
58,spotify:track:1T9dxi40GuNW3gNRHwk8P4,Macetando,58,86,2,Ivete Sangalo
59,spotify:track:6nvbXA95vgyThzj2Tbhank,Tipo Hollywood,3,68,3,Mc Ws da leste
60,spotify:track:5btDKzAsFh975NSWxwBHRc,Coisas Que Eu Sei,14,52,40,Felipe Amorim
61,spotify:track:3S8M3mZGIc10IdtmNTsrjQ,Eu Não Previ - Ao Vivo em Goiânia,21,50,8,Traia Véia
62,spotify:track:1M6rclDhYmqRBMFGNJOFKB,Americana Na Vaquejada,6,48,42,Grandão Vaqueiro
63,spotify:track:7k8YBbVumvWI1ujyjWbvlo,Nunca Mais - Ao Vivo,47,59,12,NATTAN
64,spotify:track:4xAGuRRKOgoaZbMGdmTD3N,Oi Balde - Ao Vivo,6,61,48,Zé Neto & Cristiano
65,spotify:track:4KGyltc1ugN2WFcjkSPHwh,Não Vitalício (Nunca Mais) - Ao Vivo,5,55,50,Matheus & Kauan
66,spotify:track:0redQHBfejmPUhonR5ppGC,Duas Três,12,71,48,Guilherme & Benuto
67,spotify:track:6zdL0aLZs6g61SPGrlMvrM,DANÇA PRA ME PROVOCAR,67,96,2,DJ JOÃO PEREIRA
68,spotify:track:4pWsXhLUdtBKlw9npIXZAl,Halls na Língua,2,60,33,Kadu Martins
69,spotify:track:6rpUGV7bcWW9ro65Bf8uYY,Eu Não Dou Conta - Ao Vivo,30,65,12,Israel & Rodolffo
70,spotify:track:7r8yMaSOy4XmuhRz7iv1gi,Traumatizei - Ao Vivo Em Brasília,10,78,7,Henrique & Juliano
71,spotify:track:4e1NqsPJixICKE4xB6nZQq,Pi Po Po Po Ro Po,71,—,1,Pedrinha Moraes
72,spotify:track:5XeFesFbtLpXzIVDNQP22n,I Wanna Be Yours,43,64,47,Arctic Monkeys
73,spotify:track:3ybvcngBWfJ5YAU8PLYIVy,Sem Lovezinho,67,67,3,Felipe Amorim
74,spotify:track:15nTZqWfpXZk9Xh043Ognh,Posturado E Calmo,12,79,4,Leo Santana
75,spotify:track:4F3XVx6fmZvWLBqmBG1gxg,Subindo e Descendo,75,—,1,DJ Jeeh FDC
76,spotify:track:4VI4yOAb7fWrFCnuGBIaeG,Carta Aberta,52,66,7,MC Cabelinho
77,spotify:track:4v7UrPWZL4FJWeL5ZWQ62E,Seu Erro - Ao Vivo Em Nova Iorque / 2022,56,89,11,Henrique & Juliano
78,spotify:track:1kolqJR4ZYYfuZy7v5GwBx,Poesia Acústica 15,76,76,3,Pineapple StormTv
79,spotify:track:3rUGC1vUpkDG9CZFHMur1t,greedy,43,87,3,Tate McRae
80,spotify:track:3PLdcrfVesYKyTpS1EXsxO,Diferentão - Ao Vivo,70,84,8,Dilsinho
81,spotify:track:4bxAq0zgWQKMaQJ7HLJJxk,Ombrim (ai que delicia o verão) (feat. Mts No Beat),40,73,4,Marina Sena
82,spotify:track:6ELMBm3lZFitAZp03GBBNG,Me Atraiu - Ao Vivo,52,75,47,Gabriela Rocha
83,spotify:track:3dA58LbGkY9CIEPyT7yAEZ,Torce o Olho - Ao Vivo,59,62,4,Gusttavo Lima
84,spotify:track:5nnnNbMarkWKkAzZhVG3Bh,Literalmente,66,72,7,Tarcísio do Acordeon
85,spotify:track:3vkCueOmm7xQDoJ17W1Pm3,My Love Mine All Mine,79,—,1,Mitski
86,spotify:track:54FV2rMVwLusAVnzROB0c1,Mesma História,59,80,2,Orochi
87,spotify:track:06WkQibI8OhOLjDxIRKu5B,Ainda Gosto de Você / Já Era - Ao Vivo,76,81,5,Sorriso Maroto
88,spotify:track:07DskqQ1NbTiotX1WIV7ob,Piloto,4,69,18,Flora Matos
89,spotify:track:0btol0yAwaK1mJdyQfnKFn,Eu Nem Lembro,64,91,2,Henry Freitas
90,spotify:track:181TYnNi3wNGrdsCykmI4A,A Dona Aranha,11,83,21,Luísa Sonza
91,spotify:track:74DKhVs1mFJGpdcpWOntVT,Piseiro Tocando Alto,72,82,4,Forró do HF
92,spotify:track:25ozhTrBf6vc13i1QcNNN4,Interessante,62,74,6,Ferrugem
93,spotify:track:5DcysyjaPrLzXgDauvzvn6,Beijo Equivocado,93,—,1,George Henrique & Rodrigo
94,spotify:track:5asabafNzfAzjUecDvuNES,Aquela Pessoa - Ao Vivo,94,—,1,Henrique & Juliano
95,spotify:track:1BxfuPKGuaTgP7aM0Bbdwr,Cruel Summer,41,—,1,Taylor Swift
96,spotify:track:4fgnNikmEUvXze89h3X47m,Morena,56,90,15,NATTAN
97,spotify:track:7MnT7msJZg3XBAS0OTfGrB,Tempo Perdido,78,—,1,Legião Urbana
98,spotify:track:6hu4HvpNzrW2RIEEAZC3vD,Segredo,37,—,1,KayBlack
99,spotify:track:7EHlDvAa7gncwcAlfclZiX,Última Noite - Ao Vivo,99,—,1,Felipe Araújo
100,spotify:track:7Iq55toOSSBCEoGuXxQSa1,Vem Quebrando,41,98,13,Mc Danone
