rank,uri,track_name,peak,prev,streak,artist_names
1,spotify:track:51pxwIxDVCbFHW8oyJFQXD,Erro Gostoso - Ao Vivo,1,3,13,Simone Mendes
2,spotify:track:3PH1nUysW7ybo3Yu8sqlPN,Seu Brilho Sumiu - Ao Vivo,2,4,13,Israel & Rodolffo
3,spotify:track:4uqJelb9THHmJ3OCohg4ZJ,Nosso Quadro,2,2,13,AgroPlay
4,spotify:track:53PpijFATt35Zxfl6LTxoK,Leão,1,1,13,Marília Mendonça
5,spotify:track:12YCtLHGk6tP6RbHDHflCs,Cartão Black,5,5,3,MC Caverinha
6,spotify:track:2BlFIe0712LBUtTHxbqjme,Love Gostosinho - Ao Vivo,2,7,13,NATTAN
7,spotify:track:3mzbab4H0iZYkHggSEj0UX,Oi Balde - Ao Vivo,7,8,13,Zé Neto & Cristiano
8,spotify:track:4sqpSDnTrbS8v7RMNCUyqS,Não Vitalício (Nunca Mais) - Ao Vivo,5,9,13,Matheus & Kauan
9,spotify:track:3ktTWpYdXrYApH54cBo4Ap,Conexões de Máfia (feat. Rich The Kid),3,6,5,Matuê
10,spotify:track:0JIYoXtJfORxI6gRpHv6ZW,Traumatizei - Ao Vivo Em Brasília,10,11,13,Henrique & Juliano
11,spotify:track:4hKLzFvNwHF6dPosGT30ed,Novo Balanço,11,34,2,Veigh
12,spotify:track:3khLpwuyIjEOw8vfJ1oUIT,Papin,12,20,6,MC Kevin o Chris
13,spotify:track:0redQHBfejmPUhonR5ppGC,Duas Três,12,13,13,Guilherme & Benuto
14,spotify:track:2LTlykcdu0gwb7zcKneo2a,Melhor Só,9,10,9,KayBlack
15,spotify:track:7nFvKgVumc9FcU97zGjjei,Coração de Gelo,6,12,13,WIU
16,spotify:track:4f0aDk7HX37SfzerfznYlr,Lapada Dela - Ao Vivo,16,19,11,Grupo Menos É Mais
17,spotify:track:0SCMVUZ21uYYB8cc0ScfbV,Bombonzinho - Ao Vivo,6,15,13,Israel & Rodolffo
18,spotify:track:7Ht57bh2FwiQLwRH9zqESG,085 - Ao Vivo,8,16,13,MC Rogerinho
19,spotify:track:1M6rclDhYmqRBMFGNJOFKB,Americana Na Vaquejada,6,18,9,Grandão Vaqueiro
20,spotify:track:4ASA1PZyWGbuc4d9N8OAcF,Eu Gosto Assim - Ao Vivo,9,17,13,Gustavo Mioto
21,spotify:track:0fABszUFNbNq9IW503Gj8v,Tá OK,21,—,1,DENNIS
22,spotify:track:7CJJ7JC3kj9XdweWTvfVhX,Vacilão,2,14,11,Zé Felipe
23,spotify:track:0ZAL7RbP2FsM3rObV60o7T,Namorando Ou Não - Ao Vivo,21,21,11,Clayton & Romário
24,spotify:track:6MpYP4LUSb1MWfpsdToKyH,Duas,24,29,4,Nadson O Ferinha
25,spotify:track:7IPEkUJsnWYNyBkK2i2FPj,Mágica - Ao Vivo,20,23,9,Hugo & Guilherme
26,spotify:track:2kBbHpJTc7MWs8F3XhClBD,Altas Loucurinhas (Uni Duni Tê) - Ao Vivo,12,26,13,Matheus Fernandes
27,spotify:track:5TtTijiNYtFc6ktQARjY30,Preferida,22,22,8,KayBlack
28,spotify:track:1nf1HJdTWXwf9XHQebGlOd,Quando Apaga A Luz - Ao Vivo,28,28,13,Gustavo Mioto
29,spotify:track:5WsM6qhZzRSD3oKbtorxzD,Aquecimento Senta Senta Suave,12,24,11,MC Kevin o Chris
30,spotify:track:3o4wcB1Y6xC62eF02n9RSZ,ELA PIROU NA DODGE RAM,25,25,9,Luan Pereira
31,spotify:track:7CUQQLRMIeSfa4m2uQcRHp,Rancorosa - Ao Vivo Em Brasília,23,32,10,Henrique & Juliano
32,spotify:track:5btDKzAsFh975NSWxwBHRc,Coisas Que Eu Sei,14,33,7,Felipe Amorim
33,spotify:track:1L7hWEc3tVjvmbw48ShktM,Desejo Imortal (It Must Have Been Love) - Ao Vivo,33,36,7,Gusttavo Lima
34,spotify:track:51FFbyL0PjkYtjXJQP0JoP,Saudade da Minha Vida - Ao Vivo,17,38,13,Gusttavo Lima
35,spotify:track:22sAwsBH0NoNJXnrBenQuO,Sem Aliança no Dedo,6,27,13,MC Xenon
36,spotify:track:39xOREhViooEYFpmnKTdrl,Engana Dizendo Que Ama,36,60,2,Veigh
37,spotify:track:5y7yYXNSsT89A27DQxbmUL,Covardia,18,31,9,Wesley Safadão
38,spotify:track:5aqwwgL4XOv2YJYwLiqKOZ,A Culpa É Nossa - Ao Vivo,26,44,13,Maiara & Maraisa
39,spotify:track:0KXdSF0Poa57KOepZ3hKrh,Palhaça - Ao Vivo,39,40,13,Naiara Azevedo
40,spotify:track:6p6ohOKSzL4JaIRzSeOmWx,Cama Embrasa,40,58,2,Felipe Amorim
41,spotify:track:7aOBf2xYbux3bo1fwISo6b,BEM MELHOR,41,43,4,MC Cabelinho
42,spotify:track:156LKAN2oh16qflL5oz4tO,Os Bico Tão Se Perguntando (Let’s Go 3),20,30,7,MC PH
43,spotify:track:4t6eam3rC9JoNFVkfOHK4s,Pátio do Posto - Ao Vivo,43,51,2,Zé Neto & Cristiano
44,spotify:track:1jHgfC8T5KxUyC5Ldw6lk9,Zona De Perigo,3,35,13,Leo Santana
45,spotify:track:0dcHD9QhnWRA41zoLnC83X,X1,41,45,13,MC Cabelinho
46,spotify:track:2M4kQD87lKnAS9vFlb4Bez,Pactos - Ao Vivo,28,39,13,Matheus & Kauan
47,spotify:track:6hu4HvpNzrW2RIEEAZC3vD,Segredo,37,37,7,KayBlack
48,spotify:track:7sopDXkuzXtHt8AQpdBxmT,DONA DE MIM,42,46,13,Ana Castela
49,spotify:track:0oB3IBEhbmgTrL7mV0VnFq,Novinha do Onlyfans (Tchan Ran Tchan Tchan),11,53,13,Kadu Martins
50,spotify:track:745VUhm32odbxJI2q1rUMv,Ela Voltou de Perna Bamba,50,90,2,MC Guh SR
51,spotify:track:3d1im1pw3WLuEty2k9XzTr,Clickbait,39,41,5,Veigh
52,spotify:track:7aZnuwpivaj4N7XFhhqBiO,Love Absurdo,22,42,13,Mari Fernandez
53,spotify:track:52EYWdjiulHaehpexuowyh,FOGO E GASOLINA,36,52,13,MC Cabelinho
54,spotify:track:77BR4gaUAp3p0uA8UL6HT9,Não Para,47,47,5,Belle Kaffer
55,spotify:track:2orGm2E68ODFYOURjaES62,Felina,21,49,13,WIU
56,spotify:track:7bhvRvE56NHBvedx0EeALS,Comunicação Falhou - Ao Vivo,32,55,13,Mari Fernandez
57,spotify:track:3xCkNUiap7EBjqnRldHSSh,Coladin (Minha Deusa),50,61,13,Zé Vaqueiro
58,spotify:track:18yZLabAj1liqEUcgxDgeJ,Perdoou Nada - Ao Vivo,41,48,13,Israel & Rodolffo
59,spotify:track:5AdPP30mjJCtBMyYKZUEU7,Assunto Delicado - Ao Vivo,36,54,13,Guilherme & Benuto
60,spotify:track:5ffDENIdtByAZxHpuuj9li,Vida Chique,49,67,13,Veigh
61,spotify:track:7qoIhutxU269Zqo9PG5IOj,Poesia Acústica 13,51,64,13,Pineapple StormTv
62,spotify:track:74myq4QbO9E8bTtLQuOWYY,Nu,59,70,4,Anitta
63,spotify:track:4Dvkj6JhhA12EX05fT7y2e,As It Was,43,59,13,Harry Styles
64,spotify:track:1a5LfJGq0vuCWQ9Mme0Ac7,Deserto (Ao Vivo),63,69,13,Maria Marçal
65,spotify:track:3YQvZNmRc2y1hgdvustkce,MINHA CURA,55,68,13,MC Cabelinho
66,spotify:track:6ELMBm3lZFitAZp03GBBNG,Me Atraiu - Ao Vivo,52,66,13,Gabriela Rocha
67,spotify:track:5yscNPMHmhqHQX9B9GFzMp,Te Esqueci Sem Querer - Ao Vivo Em Brasília,57,72,5,Henrique & Juliano
68,spotify:track:4DHcnVTT87F0zZhRPYmZ3B,Flowers,16,57,13,Miley Cyrus
69,spotify:track:7CIj5SFTB6WPJrYjLZN5bp,Pega o Guanabara - Ao Vivo,37,63,13,Wesley Safadão
70,spotify:track:6xRDvureEBwHgwAYDufbJL,Chorei na Vaquejada,70,98,5,Eric Land
71,spotify:track:6bTdZ7xfKp3NqqADJ8HLyj,Vampiro,60,62,13,Matuê
72,spotify:track:235CP5ItAYMS6usv3C8jkP,DEUS É MUITO BOM - Ao Vivo,52,56,4,Luan Santana
73,spotify:track:7DkhndGTKaqkFxxKN7XlAh,Manda um Oi - Ao Vivo,73,100,2,Guilherme & Benuto
74,spotify:track:7k8YBbVumvWI1ujyjWbvlo,Nunca Mais - Ao Vivo,74,74,3,NATTAN
75,spotify:track:7kJ0aTB5gLMYrJjYft3Vx6,Na Contramão,75,99,2,DJ Katrip
76,spotify:track:3fkLH5wAzni4mcXl4c6cAC,Sinal,76,—,1,Nadson O Ferinha
77,spotify:track:5geU4byUA1hnQofQPOsPDS,Sereia,28,78,13,Orochi
78,spotify:track:5XeFesFbtLpXzIVDNQP22n,I Wanna Be Yours,73,73,13,Arctic Monkeys
79,spotify:track:6F0ldIcRC6oCcn3hDukg9T,Cadê Seu Namorado Moça?,79,—,1,Thales Lessa
80,spotify:track:6dtQM0CXRFJgD7ifUNosZj,Desandei - Ao Vivo,80,88,2,Lauana Prado
81,spotify:track:2hkwwmmLC90T8BQ7t3xufq,Roça Em Mim,26,50,13,Zé Felipe
82,spotify:track:5IZxQgaYrsKmQnLxKxCOrH,Não Digita,82,—,1,Nadson O Ferinha
83,spotify:track:4qDT0BeJ7BjatrN9k8AvB4,Flow Espacial,33,75,13,Teto
84,spotify:track:2YT8DZ2sF0LFRNwu9b8s5L,Erro Que dá Certo,74,82,6,Thiago Aquino
85,spotify:track:2Vl7x4BkNhhJkEmQQMcV0V,Toma Tapa,40,79,13,Mc Jacaré
86,spotify:track:4mD9hjoTckjeL1CrJCx0MT,Puta Mexicana,15,77,13,DJ Jeeh FDC
87,spotify:track:0P0k5KoLcxi0kf1jik4v8X,Deixa Eu Viver - Ao Vivo,40,84,6,Mari Fernandez
88,spotify:track:5Ubx4DpvVodvsGH9ilxPVi,Haja Colírio (feat. Hugo & Guilherme) - Ao Vivo,37,80,3,Guilherme & Benuto
89,spotify:track:29adI8c6c75mnnaJ3BFLID,Parecia Tempestade,21,87,13,Sony no Beat
90,spotify:track:52F8iR3hagmRlfRH0TO8zu,Assunto Delicado,90,—,1,Nadson O Ferinha
91,spotify:track:0AIA4KsMsyqur8FbTVhGNT,SOLTEIROU - Ao Vivo,63,89,13,Luan Santana
92,spotify:track:4M1yAebizJWSBQuhsnQLMQ,Agora É Oi BB (Foi Só Te Esquecer) - Ao Vivo,92,—,1,Matheus Fernandes
93,spotify:track:4YfdCJR5uKLYkcGdZQap35,Mec Life,70,76,6,DJ ESCOBAR
94,spotify:track:14uWxelOuAUajP8fDvc0Ct,Falta Você,94,—,1,Thiaguinho
95,spotify:track:4pzRxLzkLjnqnrOL0VMV5w,Não Fosse Tão Tarde - Ao Vivo,64,83,13,Wesley Safadão
96,spotify:track:3gCWngngUs1uojw33vrE8K,5 Regras - Ao Vivo,37,65,13,Jorge & Mateus
97,spotify:track:4PQ5AInr4YoBauth9YPduL,Ai Papai,10,91,13,Anitta
98,spotify:track:09pQ3lGyMTpW3rz7a71zwQ,Metade De Mim - Ao Vivo,34,81,12,Hugo & Guilherme
99,spotify:track:6eNRGL6Nkdg7RhJtmbcl0j,Luz do Luar,16,86,13,Mc Tato
100,spotify:track:7G2LNG0EDgU5IyeeP6pevW,Pode Apostar - Ao Vivo,60,97,13,Mari Fernandez
