rank,uri,track_name,peak,prev,streak,artist_names
1,spotify:track:4fSHADbZbhpZCT9oJpxwbP,Ameaça,1,1,6,Paulo Pires
2,spotify:track:4qsOrxBv09HhNSpsgMRXdC,Esqueça-Me Se For Capaz,1,2,7,Marília Mendonça
3,spotify:track:5VTjBl3ddZEiG2LrH4VzyR,Toma Toma Vapo Vapo,3,7,3,Zé Felipe
4,spotify:track:2wG1R0uDFwyobcWzVssC1J,GALOPA,3,3,7,PEDRO SAMPAIO
5,spotify:track:2RGIuYTsyyHoOCqW0krvNE,Coração Cachorro,1,4,7,Avine Vinny
6,spotify:track:4kGdnA7FzSVsXC29LPghej,Revoada No Colchão,2,6,7,Zé Felipe
7,spotify:track:4u06FbRh6FvV2FQZkouzCw,Arranhão - Ao Vivo,4,8,7,Henrique & Juliano
8,spotify:track:053zWWZDziDJd3U94x8RuP,Todo Mundo Menos Você,5,5,7,Marília Mendonça
9,spotify:track:3YvE7uo4ffseBoJPh8IhHp,Presepada,9,10,4,Marília Mendonça
10,spotify:track:2kJRlOyrxsy7Ot3c5TZ8Q6,Meu Pedaço de Pecado,2,9,7,João Gomes
11,spotify:track:2jwrYBGz7osKI31v50bS7b,Putariazinha,4,11,7,Felipe Amorim
12,spotify:track:1c4htMHiolERc0YJvZNdlc,Vai Lá Em Casa Hoje,12,14,3,George Henrique & Rodrigo
13,spotify:track:4XiFqfUXyTwOChvMLKKi0T,Sem Sentimento,5,12,7,DG e Batidão Stronda
14,spotify:track:72g37RoelSnovZakG5MwnF,Parada Louca,14,25,3,Mari Fernandez
15,spotify:track:0JdkDCdrhMOaeXjIZdeBXN,Ela me Falou Que Quer Rave,10,13,5,MC Levin
16,spotify:track:50gPsfGHy5OnPauA9455DM,Rolê,6,15,7,Tarcísio do Acordeon
17,spotify:track:6T6SDJszPbuMCBpSm3aS3G,Carinha de Neném,12,16,7,Japãozin
18,spotify:track:7pvrsbBKUQI2QmA74WCJa5,Ela e Ela,14,19,7,Zé Neto & Cristiano
19,spotify:track:5F2xRvRFkxDvqdFtUNAEyw,Se For Amor,8,18,7,João Gomes
20,spotify:track:7xVSNhAUQhUIpwfR6lTOwA,Por Supuesto,12,17,6,Marina Sena
21,spotify:track:3agFBAMPiIvzfTh7a9Udm6,Nota de Repúdio - Ao Vivo,8,20,7,Gusttavo Lima
22,spotify:track:5Q0ZnQjk4lQpScX7ujswun,A Maior Saudade - Ao Vivo,22,23,7,Henrique & Juliano
23,spotify:track:1bWBG6IkMnDr3qvCKSvQT7,Baby Me Atende - Ao Vivo,12,24,7,Matheus Fernandes
24,spotify:track:0DsPj89zlY3Us7xb5cXK5h,"Trava na Pose, Chama no Zoom, Da um Close (feat. Mc Rennan)",9,21,7,DJ Patrick Muniz
25,spotify:track:62d4BfCTUHdOsARRETHLDz,Mete a Louca,20,26,7,MC Rogerinho
26,spotify:track:0FqVtQxRD3HsPltldG5v5M,Aquelas Coisas,11,22,7,João Gomes
27,spotify:track:48Ll1C6qAnP2UjnopQDh4a,Bala Love,15,27,7,Mc Anjim
28,spotify:track:1wdhj1r7aeWVDUl9d18YKu,Expectativa x Realidade,28,32,7,Matheus & Kauan
29,spotify:track:6RMYuqlTn8777j5arY9zhC,Cena de Amor,17,34,7,Brisa Star
30,spotify:track:2ookQf9qP2qiBuNFnNXyfl,Chega E Senta - Ao Vivo,12,28,7,John Amplificado
31,spotify:track:2s9BO8c0co0PmgBiUoTT17,A QUEDA,18,35,7,Gloria Groove
32,spotify:track:2R9IrE42Mw4zdUXAEFNiZL,Senta Danada,22,36,7,Zé Felipe
33,spotify:track:5SwyN9hzmWjBsINlif8li8,Ficha Limpa,18,40,7,Gusttavo Lima
34,spotify:track:2ixi9HWJw5lnLDmRMsiCS5,Você Beberia Ou Não Beberia?,21,38,7,Zé Neto & Cristiano
35,spotify:track:6WxpU2F5gwTzwYsAalI6nI,Motel Afrodite,18,29,4,Marília Mendonça
36,spotify:track:6AQqsFYtCQi9m7MJcMjGup,Superação Digital,24,33,7,Xand Avião
37,spotify:track:3QKv1RIrWsLTA63oxscVrZ,Meu Bem,25,31,7,João Gomes
38,spotify:track:1tYJnXtKLoWVIL4lZOouQG,Cê Tá Preparada - Ao Vivo,33,39,7,Tayrone
39,spotify:track:7MLCxrDoxcTRg1u3QAGE5a,Bloqueado - Ao Vivo,39,—,1,Gusttavo Lima
40,spotify:track:28m65cMH7QXHzFnZSTtNHY,Não Sei o Que Lá,28,37,4,Marília Mendonça
41,spotify:track:3v6gYFuAXQcm1EO5yW7yfX,Proteção de Tela,41,44,7,Tarcísio do Acordeon
42,spotify:track:7aZusA4cWXz3Wv9e9uhavz,Quer Voar,23,42,7,Matuê
43,spotify:track:6fe5D0ivKnpXFMAnoSRjah,Localiza Aí BB,36,45,7,Vitor e Luan
44,spotify:track:3eq6zwPwN5SAw0rZxNHI22,Não Me Arranha - Ao Vivo,30,30,7,Gusttavo Lima
45,spotify:track:3Lw41pfko5XMrsHRtlbo2k,Bota a Mão no Chão,45,49,3,Felipe Cardoso DJ
46,spotify:track:5Z9KJZvQzH6PFmb8SNkxuk,INDUSTRY BABY (feat. Jack Harlow),29,52,7,Lil Nas X
47,spotify:track:3IAfUEeaXRX9s9UdKOJrFI,Envolver,47,47,3,Anitta
48,spotify:track:0lSY2zOUEeB5sfSnkw8M9l,Será que Dá Certo,48,48,3,Vitor Fernandes
49,spotify:track:4PQdrXMDHDPl1RczrrlADd,MORENA,32,50,7,Luan Santana
50,spotify:track:4AAIAVjSyiq1N7SXKkwXZe,Troca de Calçada,17,46,4,Marília Mendonça
51,spotify:track:7b0W6Ra4fEoTTUWjQW1lpl,Imagine a Cena,51,57,6,Eric Land
52,spotify:track:1QiZYlh3oZg3zgn8eS99aB,Mete Um Block Nele,31,51,7,João Gomes
53,spotify:track:3jSG8oE8doxDxmpe5GlFee,"Não, Não Vou",34,55,7,Mari Fernandez
54,spotify:track:3ZBVlZVOynUEw2Aphgt2cN,Metade de um Abraço,31,41,7,Zé Vaqueiro
55,spotify:track:79Wou8NwYEFzTyDQudjENF,Desbloqueado - Ao Vivo,39,60,7,Diego & Victor Hugo
56,spotify:track:0b4gFNw2FvRUF9RblVXued,Viela,40,54,7,Marcynho Sensação
57,spotify:track:1r9xUipOqoNwggBpENDsvJ,Enemy (with JID) - from the series Arcane League of Legends,57,75,2,Imagine Dragons
58,spotify:track:6Lrzxd7ST5oQ6FYKXKH7Ia,Vagabundo,41,64,7,Matheus & Kauan
59,spotify:track:1hs2hRwPfyFLoYIf6jY1W7,Zero Saudade - Ao Vivo,30,61,7,Os Barões Da Pisadinha
60,spotify:track:1G0kLIS0hE6uUPlIE9gksp,Fã Clube,41,43,4,Marília Mendonça
61,spotify:track:0NvVVP3Q0oSbfBUZ48vCHs,Tiffany,59,59,4,MD Chefe
62,spotify:track:07Kp3cAQRY0iPp4ATMoehM,Ficante Fiel,48,65,7,Mad Dogz
63,spotify:track:6m84TzSTM5nbwZxIxkYHz6,Namorando Com Saudade,55,67,3,Jorge & Mateus
64,spotify:track:0V671zjVuEoXIQDooIsefn,Ela Não Vai Voltar,51,62,7,João Gomes
65,spotify:track:2YBKO08Wkc3eP5JdUSwng8,Eu Tenho a Senha,42,63,7,João Gomes
66,spotify:track:2jb8HW2CXr4mOJaw7LJyVw,Acordo - Ao Vivo,65,69,2,Henrique & Juliano
67,spotify:track:5BFz4pXzknmYYctjvLKJAB,Sentadinha Descarada,67,—,1,Zé Vaqueiro
68,spotify:track:46IZ0fSY2mpAiktS3KOqds,Easy On Me,36,56,2,Adele
69,spotify:track:7nsk0cwY5kfxBT21WEzmC0,Ele Não Te Merece,55,68,7,Wesley Safadão
70,spotify:track:0RoVmAeG1dC9U34S6RCCIB,Quebrando Protocolo - Ao Vivo,52,58,5,Gusttavo Lima
71,spotify:track:3BPXSPCKbMe79zjnc6pJyk,Te Esqueci Valendo - Ao Vivo,71,73,3,Zé Ottávio
72,spotify:track:1tdDDOJRdbo1Uz47D1k62G,Passinho Debochado,18,53,7,Dan Ventura
73,spotify:track:4jMrV2f00zM9ifqJal3CcG,Fim da Noite,35,71,7,Zé Vaqueiro
74,spotify:track:41pFFOnh1glVNIlrWOpBjb,Se Joga no Passinho,33,76,7,Brisa Star
75,spotify:track:0PH49SrRKOFVWF81PobhW6,Unha de Gel,68,70,3,Os Barões Da Pisadinha
76,spotify:track:2jPACjKR21inTnWeo3eHla,"Louis V, Menina Linda",48,66,7,Sidoka
77,spotify:track:685gjMmRjwLFrtCWtF2sXo,Rasteira - Ao Vivo,69,78,2,Henrique & Juliano
78,spotify:track:6JIIejoN31NIn6BJsVS3cu,Oi Deus - Ao Vivo,78,99,2,Hugo & Guilherme
79,spotify:track:53BkPZwlaLbW77uV9BnJkl,Eu Fiz o Jogo Virar,60,74,7,Mc Poze do Rodo
80,spotify:track:3HquWF2pZmWYu3WAEP9Heb,Só Não Divulga,56,95,2,Fernando & Sorocaba
81,spotify:track:2xebCnKCjYWBhJ4Ai8hO5E,Set dos Casados,81,—,1,Mc Davi
82,spotify:track:6mC5wOykw6GBFVXI8SFdNT,Volta Rapariga,43,77,7,Vitinho Imperador
83,spotify:track:5PjdY0CKGZdEuoNab3yDmX,STAY (with Justin Bieber),61,89,7,The Kid LAROI
84,spotify:track:0f1xsopmPwjGv5lJooglnD,Deixa Eu Falar pra Você,56,91,7,Josué Bom de Faixa
85,spotify:track:2PZmUFZGlUqkYJL0s0Cl6C,Dar uma Namorada - Ao Vivo,83,83,2,Israel & Rodolffo
86,spotify:track:1h4u5t0EJZki8ieNGwwFXc,Volta Comigo BB,63,82,3,Zé Vaqueiro
87,spotify:track:1d7AtPeraWVsvI4U1YTHt1,Vestido Coladinho,87,98,2,Max e Luan
88,spotify:track:3V7jLMYvvg4BHi4tmDveNc,Faking Love (feat. Saweetie),59,—,1,Anitta
89,spotify:track:3ibiPPqHxdmX4nNp4kNHE9,Passatempo,45,90,7,Wesley Safadão
90,spotify:track:7fnXPPBrHSGb15iPvVgFd8,Alvejante,59,85,3,Priscila Senna
91,spotify:track:4gvrJnKCKIPiacNsWVQwEU,love nwantiti (feat. Dj Yo! & AX'EL) - Remix,59,88,7,CKay
92,spotify:track:2G3pr93yMNJ2HcL028dTxt,Antes de Ir,61,86,3,Taty pink
93,spotify:track:7xi4XR5EIOU6OHdIydLMjT,Uma Ex - Ao Vivo,93,—,1,Murilo Huff
94,spotify:track:5AhnPqydkYbZAp4NkyJ7ED,ATENÇÃO,84,—,1,PEDRO SAMPAIO
95,spotify:track:2MZQAvsA7aZDssppBLRxYp,Batom de Cereja - Ao Vivo,87,—,1,Israel & Rodolffo
96,spotify:track:7rglLriMNBPAyuJOMGwi39,Cold Heart - PNAU Remix,96,—,1,Elton John
97,spotify:track:78APwJSo30uWBB5PWROMNw,Para de Me Chamar Pra Trair,74,79,4,Marília Mendonça
98,spotify:track:1wZ59VKgYD5Rho6YYvrjPB,Vou falar que não quero,79,100,3,Vitor Fernandes
99,spotify:track:6zsEKAZZulmsl1Qlw5G3EX,Morena,62,92,3,NATTAN
100,spotify:track:6pQKUKBpwr6GhfhcFFFozo,Não Nasceu pra Namorar,47,72,7,MC Zaquin
