rank,uri,track_name,peak,prev,streak,artist_names
1,spotify:track:4ASA1PZyWGbuc4d9N8OAcF,Eu Gosto Assim - Ao Vivo,1,1,9,Gustavo Mioto
2,spotify:track:7bhvRvE56NHBvedx0EeALS,Comunicação Falhou - Ao Vivo,1,3,29,Mari Fernandez
3,spotify:track:4o6v3Oooyt7HF20idztRD4,Bombonzinho - Ao Vivo,3,77,2,Israel & Rodolffo
4,spotify:track:1ELsaYdj2NlxLvkx9g24xZ,Haja Colírio (feat. Hugo & Guilherme) - Ao Vivo,4,4,20,Guilherme & Benuto
5,spotify:track:3yHXEidSu4gYVRqKoI653O,Assunto Delicado - Ao Vivo,2,2,12,Guilherme & Benuto
6,spotify:track:0XyPPyGes0omXppV5YE8gy,Gostosinha é Ela,5,5,16,Felipe Amorim
7,spotify:track:1OZ4uv7OAP24Ix6j3vojLt,Casei Com a Putaria,2,6,15,Mc Paiva ZS
8,spotify:track:1597vvneWf0zoQrg2D8yH6,Evoque Prata,8,39,2,MC MENOR HR
9,spotify:track:2M4kQD87lKnAS9vFlb4Bez,Pactos - Ao Vivo,9,16,5,Matheus & Kauan
10,spotify:track:7LUZT12r4xmwR1Kh8TJgjv,Ex dos Meus Sonhos - Ao Vivo,8,10,6,Gusttavo Lima
11,spotify:track:2orGm2E68ODFYOURjaES62,Felina,8,8,7,WIU
12,spotify:track:0oB3IBEhbmgTrL7mV0VnFq,Novinha do Onlyfans (Tchan Ran Tchan Tchan),12,24,3,Kadu Martins
13,spotify:track:6gyhp7IcNhTYzwlk8utsgP,Beijo de Glicose - Ao Vivo,6,9,11,Diego & Victor Hugo
14,spotify:track:2qmG7dokbGpDGD0T5wORWt,Balanço da Rede,1,7,36,Matheus Fernandes
15,spotify:track:4UldILPVpnZO69ffK4B9aA,Tubarão Te Amo,14,15,6,Dj LK da Escócia
16,spotify:track:5vC8UAOHeG95ehRzZChniB,Ai Preto,2,12,22,L7NNON
17,spotify:track:3gCWngngUs1uojw33vrE8K,5 Regras - Ao Vivo,12,14,15,Jorge & Mateus
18,spotify:track:6Ulh9GPYz6JKdv04qc3q2U,Dengo,1,13,27,João Gomes
19,spotify:track:4QWumyD2uwiePBBha9XBHI,No Ouvidinho,1,21,33,Felipe Amorim
20,spotify:track:6TnCI16uLWhyQCrHva9VWj,Te Love - Ao Vivo,18,20,8,Kevi Jonny
21,spotify:track:7qoIhutxU269Zqo9PG5IOj,Poesia Acústica 13,3,11,9,Pineapple StormTv
22,spotify:track:6Zw25LRLP0j0MsezDFIUM4,Mal Feito - Ao Vivo,5,19,44,Hugo & Guilherme
23,spotify:track:4xxeEWGQNFQ6qehlnev5LS,Te Amo Demais,5,17,17,Marília Mendonça
24,spotify:track:3nqQXoyQOWXiESFLlDF1hG,Unholy (feat. Kim Petras),10,18,8,Sam Smith
25,spotify:track:3ShKPhFkexrwl7WoyTtNND,Tchuco Nela,4,23,31,MC Rogerinho
26,spotify:track:7HdWqZjUmIHK5B8zwPCRds,Áudio Que Te Entrega - Faixa Bônus,7,28,34,Leo Santana
27,spotify:track:4NNZZXHgn9F3cCgC1YGmLl,Todo Seu - Ao Vivo,15,25,28,Jorge & Mateus
28,spotify:track:7AwVSKaQxpidrtYBerkHKk,Pipoco,1,22,21,Ana Castela
29,spotify:track:77UrDaIQq6JZIJWeLgJaRf,Sereia,29,84,2,Orochi
30,spotify:track:3lQnTQFBxk1HMsj8aa4syY,Virando o Olhinho,23,31,19,Kadu Martins
31,spotify:track:3TIb3AjhRWnxQGQEcFmgDL,Tu Tava Na Revoada - Ao Vivo,9,33,26,Wesley Safadão
32,spotify:track:25rz3D4oroFC0GXm3xFXnG,Tem Cabaré Essa Noite,1,27,18,Nivaldo Marques
33,spotify:track:2HMbGPbGiqGaHXzFkQAmZI,Basiquinho - Ao Vivo,28,34,14,Matheus & Kauan
34,spotify:track:3QXBOJvtqhMcFR3ZPfyRQ4,Não Fosse Tão Tarde - Ao Vivo,34,49,5,Wesley Safadão
35,spotify:track:6gEOM9IEBzvTdbwNrSkBdC,Fala Mal de Mim - Ao Vivo,10,26,19,Gusttavo Lima
36,spotify:track:63q5Qb9ERTpapEmARxKBE6,Pega o Guanabara - Ao Vivo,36,42,6,Wesley Safadão
37,spotify:track:4vWh6tEfcLzdvYWp2IlOJS,CORAÇÃO CIGANO - Ao Vivo,6,29,14,Luan Santana
38,spotify:track:4Dvkj6JhhA12EX05fT7y2e,As It Was,12,30,33,Harry Styles
39,spotify:track:4cxQWmXmmbFoWvV8qipQTe,Perfeito Pra Ficar Sozinho - Ao Vivo,32,36,15,Murilo Huff
40,spotify:track:4x5q5T5mhE1xvoCVXY6qrN,Melodia Alucinógena,15,37,15,DJ AK BR
41,spotify:track:0dcHD9QhnWRA41zoLnC83X,X1,32,32,16,MC Cabelinho
42,spotify:track:5wAoMzm5LaIvGED0JNeBfY,Cão Sem Dono,41,41,6,Mari Fernandez
43,spotify:track:40fRA3sONEHzt20oKvyhRA,Só de Imaginar - Ao Vivo,34,38,25,Mari Fernandez
44,spotify:track:3IMLoeLerS7TMpKjxUgAhx,Arranhão - Ao Vivo,4,35,57,Henrique & Juliano
45,spotify:track:6bwx7pcKJY05D9S6CVa1k6,Nem Namorado e Nem Ficante - Ao Vivo | Faixa Bônus,37,52,24,Israel & Rodolffo
46,spotify:track:5PZAbR6JHYYV9xp5gv0XES,Bandido,1,45,22,Zé Felipe
47,spotify:track:0i4UV3HjjvsUuV3BajEXoD,Baile no Morro,10,46,21,MC Tairon
48,spotify:track:4nRa5qkXIfswPbt20rkslI,Debaixo do Cobertor,24,44,22,Felipe Amorim
49,spotify:track:2ykYxd8UGHOsdjP3Z5jSHh,Cheiro de Balada - Ao Vivo,22,43,15,Hugo & Guilherme
50,spotify:track:5PSkF3QpVMlAx8U5Inxj39,Vento Forte,12,48,17,Mc Jacaré
51,spotify:track:7G2LNG0EDgU5IyeeP6pevW,Pode Apostar - Ao Vivo,51,81,23,Mari Fernandez
52,spotify:track:42nZBOwXNdO24Ml032bLBS,Gatilho - Ao Vivo,24,53,35,Matheus & Kauan
53,spotify:track:4pjznsLeoyimnxGlVpmyJI,NÉ SEGREDO,53,56,6,MC Cabelinho
54,spotify:track:6bTdZ7xfKp3NqqADJ8HLyj,Vampiro,5,40,33,Matuê
55,spotify:track:0tM4J8aID6qYZOE3e14sCj,Acordo - Ao Vivo,29,51,52,Henrique & Juliano
56,spotify:track:2ypEbCzCS8pArndVGP2NBi,Eu Já Tava Bem - Ao Vivo,11,60,50,Wesley Safadão
57,spotify:track:0jAAnWNbcHf6X1EXOtvOT7,Incendeia,20,57,18,MC Kevin o Chris
58,spotify:track:11fqunD6qlOCrRd88kMOk6,Evento Cancelado - Ao Vivo,36,47,26,Henrique & Juliano
59,spotify:track:1K8AtBJXcdq5mywMnZuARP,Termina Comigo Antes,4,65,33,Gusttavo Lima
60,spotify:track:72g37RoelSnovZakG5MwnF,Parada Louca,2,62,53,Mari Fernandez
61,spotify:track:3JHIuBa3hDJk3DQ9m6xFrp,Pelado,39,64,19,NATTAN
62,spotify:track:4qsOrxBv09HhNSpsgMRXdC,Esqueça-Me Se For Capaz,1,55,57,Marília Mendonça
63,spotify:track:04vzhKfl5HtPEgrdZJCZ7L,Bagulho Louco,55,58,5,Mc Paiva ZS
64,spotify:track:6o6PKPQH9c6egl0VROLpLN,P Q P,37,85,32,NATTAN
65,spotify:track:3EM71GPnUGJ75uDhkH77pq,Insônia - Ao Vivo,46,66,12,LUDMILLA
66,spotify:track:19RJnfs2PjkAooSGjUQqix,Amor ou Esquema,43,72,13,Wesley Safadão
67,spotify:track:14JKzKrJbPDflw8XyATMey,A Maior Saudade - Ao Vivo,18,50,57,Henrique & Juliano
68,spotify:track:2rtsT3CefzKc05JdAm8aQ5,Digo ou Não Digo - Ao Vivo,68,76,3,João Gomes
69,spotify:track:4NWqFtTU1wnvlsU7XjeIGM,Mina Sensação,55,79,3,Deavele Santos
70,spotify:track:1xzi1Jcr7mEi9K2RfzLOqS,CUFF IT,50,59,7,Beyoncé
71,spotify:track:2SOeAhvJfh7HsGYPVtGG8H,Aqui Na Parma Tu Vem Pra Fuder,71,80,3,DJ CIRILO DE CAXIAS
72,spotify:track:4uUG5RXrOk84mYEfFvj3cK,I'm Good (Blue),39,63,9,David Guetta
73,spotify:track:58VUikMywNpRelwEx8khdh,Mel do Egito,63,74,5,Leandro e as Abusadas
74,spotify:track:3sd2p4kE7xQmFH3lPnFl6h,sentaDONA (Remix) s2,1,70,35,Davi Kneip
75,spotify:track:0V3wPSX9ygBnCm8psDIegu,Anti-Hero,17,54,4,Taylor Swift
76,spotify:track:7bh2ybqXcEoIYL8FwiAMou,Intuição - Ao Vivo,29,73,21,Mari Fernandez
77,spotify:track:2wSCalnGOnXdAJC0Fn8OUY,Vai Lá Em Casa Hoje,5,68,53,George Henrique & Rodrigo
78,spotify:track:5IgjP7X4th6nMNDh4akUHb,Under The Influence,63,69,10,Chris Brown
79,spotify:track:2TdOWHAolNaQx8gyRDVS1N,ERRO PLANEJADO - Ao Vivo,6,61,31,Luan Santana
80,spotify:track:7qD2vjd3btuOgwpQPEY7ci,EU VOU COM CARINHO ELA QUER COM FORÇA,10,82,25,Mc Don Juan
81,spotify:track:3XF598RmEUF3XW4XKo1lyP,Meu Número - Ao Vivo,36,67,31,Hugo & Guilherme
82,spotify:track:1JIKO27MqvSpjrnUCT6fLC,A Caminho do Bega,82,—,1,DJ Patrick Muniz
83,spotify:track:5mJFh4iRzgmWuEVPG8257V,Quem Não Conhece Tá Sem Internet,83,88,5,MC Marks
84,spotify:track:0K3u2t8YNuJ5NR9lKC1frv,AMEIANOITE,54,71,4,Pabllo Vittar
85,spotify:track:5XeFesFbtLpXzIVDNQP22n,I Wanna Be Yours,75,75,6,Arctic Monkeys
86,spotify:track:3v6gYFuAXQcm1EO5yW7yfX,Proteção de Tela,33,89,57,Tarcísio do Acordeon
87,spotify:track:3ITkrUvAA6gzxer2UIom3P,Molhando o Volante,10,99,2,Jorge & Mateus
88,spotify:track:5r9CZJMoMmxio2AnJdxuDS,Pot-Pourri: Melhor Eu Ir / Ligando Os Fatos / Sonho de Amor / Deixa Eu Te Querer - Ao Vivo,70,—,1,Grupo Menos É Mais
89,spotify:track:7KWKWJnbGJ3Soag6Oopion,CACHORRINHAS,8,83,18,Luísa Sonza
91,spotify:track:0BWEkqsmPe3qOzrRVztHU3,Acabei de Terminar - Ao Vivo,37,97,17,Paulo e Nathan
92,spotify:track:4QQTPEwqE4Aq7LXSyIgSci,Primeiro Beck Ela Me Mamou,41,—,1,Mc Kitinho
93,spotify:track:2kJRlOyrxsy7Ot3c5TZ8Q6,Meu Pedaço de Pecado,2,—,1,João Gomes
94,spotify:track:3ZtHHGpAPSWC7Gnios4lmK,Metflix,49,90,2,Mc Poze do Rodo
95,spotify:track:6sZYCAvTEYjTtQ9Tt5ACbX,São João Chegou,59,93,7,Renanzin Pressão
96,spotify:track:1twGOAfP23YuMskNFL7NO6,Botadão,48,78,15,Eric Land
97,spotify:track:2zpiccjPSl315SqthyDf9j,Na Movimentação (feat. Faixa Rosa),72,96,10,Mc Livinho
98,spotify:track:7uWbLSH88a5oNqZrbkTLxN,Deixa Eu Te Superar,68,—,1,Tarcísio do Acordeon
99,spotify:track:1cybtRrPQaec3kSihCYL55,Você Não Entende Nada - Spotify Singles,89,—,1,Mari Fernandez
100,spotify:track:7afaZ37wJJL6880z1NRgJS,Fim de Semana no Rio,15,92,5,Teto
