rank,uri,track_name,peak,prev,streak,artist_names
1,spotify:track:4ASA1PZyWGbuc4d9N8OAcF,Eu Gosto Assim - Ao Vivo,1,1,7,Gustavo Mioto
2,spotify:track:7bhvRvE56NHBvedx0EeALS,Comunicação Falhou - Ao Vivo,1,2,27,Mari Fernandez
3,spotify:track:3yHXEidSu4gYVRqKoI653O,Assunto Delicado - Ao Vivo,3,3,10,Guilherme & Benuto
4,spotify:track:1ELsaYdj2NlxLvkx9g24xZ,Haja Colírio (feat. Hugo & Guilherme) - Ao Vivo,4,4,18,Guilherme & Benuto
5,spotify:track:2qmG7dokbGpDGD0T5wORWt,Balanço da Rede,1,7,34,Matheus Fernandes
6,spotify:track:3pgKhQdt8MNXUhh9698qmi,Tá na Hora do Jair Já Ir Embora,6,—,1,Tiago Doidão
7,spotify:track:1OZ4uv7OAP24Ix6j3vojLt,Casei Com a Putaria,2,5,13,Mc Paiva ZS
8,spotify:track:7LUZT12r4xmwR1Kh8TJgjv,Ex dos Meus Sonhos - Ao Vivo,8,11,4,Gusttavo Lima
9,spotify:track:0XyPPyGes0omXppV5YE8gy,Gostosinha é Ela,6,12,14,Felipe Amorim
10,spotify:track:6gyhp7IcNhTYzwlk8utsgP,Beijo de Glicose - Ao Vivo,6,6,9,Diego & Victor Hugo
11,spotify:track:5vC8UAOHeG95ehRzZChniB,Ai Preto,2,9,20,L7NNON
12,spotify:track:2orGm2E68ODFYOURjaES62,Felina,12,15,5,WIU
13,spotify:track:6Ulh9GPYz6JKdv04qc3q2U,Dengo,1,10,25,João Gomes
14,spotify:track:4UldILPVpnZO69ffK4B9aA,Tubarão Te Amo,14,16,4,Dj LK da Escócia
15,spotify:track:3gCWngngUs1uojw33vrE8K,5 Regras - Ao Vivo,12,13,13,Jorge & Mateus
16,spotify:track:7qoIhutxU269Zqo9PG5IOj,Poesia Acústica 13,3,8,7,Pineapple StormTv
17,spotify:track:3nqQXoyQOWXiESFLlDF1hG,Unholy (feat. Kim Petras),10,14,6,Sam Smith
18,spotify:track:6TnCI16uLWhyQCrHva9VWj,Te Love - Ao Vivo,18,19,6,Kevi Jonny
19,spotify:track:4QWumyD2uwiePBBha9XBHI,No Ouvidinho,1,18,31,Felipe Amorim
20,spotify:track:6Zw25LRLP0j0MsezDFIUM4,Mal Feito - Ao Vivo,5,20,42,Hugo & Guilherme
21,spotify:track:4xxeEWGQNFQ6qehlnev5LS,Te Amo Demais,5,21,15,Marília Mendonça
22,spotify:track:25rz3D4oroFC0GXm3xFXnG,Tem Cabaré Essa Noite,1,23,16,Nivaldo Marques
23,spotify:track:7AwVSKaQxpidrtYBerkHKk,Pipoco,1,22,19,Ana Castela
24,spotify:track:3ShKPhFkexrwl7WoyTtNND,Tchuco Nela,4,25,29,MC Rogerinho
25,spotify:track:6gEOM9IEBzvTdbwNrSkBdC,Fala Mal de Mim - Ao Vivo,10,26,17,Gusttavo Lima
26,spotify:track:7HdWqZjUmIHK5B8zwPCRds,Áudio Que Te Entrega - Faixa Bônus,7,24,32,Leo Santana
27,spotify:track:2M4kQD87lKnAS9vFlb4Bez,Pactos - Ao Vivo,27,36,3,Matheus & Kauan
28,spotify:track:4NNZZXHgn9F3cCgC1YGmLl,Todo Seu - Ao Vivo,15,27,26,Jorge & Mateus
29,spotify:track:3lQnTQFBxk1HMsj8aa4syY,Virando o Olhinho,23,28,17,Kadu Martins
30,spotify:track:5etfNcFAD9M8uibXpYMxfQ,Tu Tava Na Revoada - Ao Vivo,9,31,24,Wesley Safadão
31,spotify:track:4vWh6tEfcLzdvYWp2IlOJS,CORAÇÃO CIGANO - Ao Vivo,6,30,12,Luan Santana
32,spotify:track:4Dvkj6JhhA12EX05fT7y2e,As It Was,12,29,31,Harry Styles
33,spotify:track:35ovElsgyAtQwYPYnZJECg,Lift Me Up - From Black Panther: Wakanda Forever - Music From and Inspired By,33,—,1,Rihanna
34,spotify:track:2HMbGPbGiqGaHXzFkQAmZI,Basiquinho - Ao Vivo,28,33,12,Matheus & Kauan
35,spotify:track:4x5q5T5mhE1xvoCVXY6qrN,Melodia Alucinógena,15,34,13,DJ AK BR
36,spotify:track:40fRA3sONEHzt20oKvyhRA,Só de Imaginar - Ao Vivo,34,40,23,Mari Fernandez
37,spotify:track:0V3wPSX9ygBnCm8psDIegu,Anti-Hero,17,17,2,Taylor Swift
38,spotify:track:4cxQWmXmmbFoWvV8qipQTe,Perfeito Pra Ficar Sozinho - Ao Vivo,32,35,13,Murilo Huff
39,spotify:track:5PZAbR6JHYYV9xp5gv0XES,Bandido,1,39,20,Zé Felipe
40,spotify:track:4nRa5qkXIfswPbt20rkslI,Debaixo do Cobertor,24,43,20,Felipe Amorim
41,spotify:track:5wAoMzm5LaIvGED0JNeBfY,Cão Sem Dono,41,49,4,Mari Fernandez
42,spotify:track:0i4UV3HjjvsUuV3BajEXoD,Baile no Morro,10,37,19,MC Tairon
43,spotify:track:0dcHD9QhnWRA41zoLnC83X,X1,41,42,14,MC Cabelinho
44,spotify:track:5PSkF3QpVMlAx8U5Inxj39,Vento Forte,12,38,15,Mc Jacaré
45,spotify:track:6bTdZ7xfKp3NqqADJ8HLyj,Vampiro,5,32,31,Matuê
46,spotify:track:2ykYxd8UGHOsdjP3Z5jSHh,Cheiro de Balada - Ao Vivo,22,41,13,Hugo & Guilherme
47,spotify:track:3QXBOJvtqhMcFR3ZPfyRQ4,Não Fosse Tão Tarde - Ao Vivo,47,54,3,Wesley Safadão
48,spotify:track:63q5Qb9ERTpapEmARxKBE6,Pega o Guanabara - Ao Vivo,48,58,4,Wesley Safadão
49,spotify:track:6bwx7pcKJY05D9S6CVa1k6,Nem Namorado e Nem Ficante - Ao Vivo | Faixa Bônus,37,47,22,Israel & Rodolffo
50,spotify:track:42nZBOwXNdO24Ml032bLBS,Gatilho - Ao Vivo,24,48,33,Matheus & Kauan
51,spotify:track:0jAAnWNbcHf6X1EXOtvOT7,Incendeia,20,50,16,MC Kevin o Chris
52,spotify:track:3IMLoeLerS7TMpKjxUgAhx,Arranhão - Ao Vivo,4,52,55,Henrique & Juliano
53,spotify:track:1xzi1Jcr7mEi9K2RfzLOqS,CUFF IT,50,51,5,Beyoncé
54,spotify:track:0K3u2t8YNuJ5NR9lKC1frv,AMEIANOITE,54,79,2,Pabllo Vittar
55,spotify:track:72g37RoelSnovZakG5MwnF,Parada Louca,2,53,51,Mari Fernandez
56,spotify:track:3JHIuBa3hDJk3DQ9m6xFrp,Pelado,39,66,17,NATTAN
57,spotify:track:5lCAtKxkZL6tFDyGX9t87j,Eu Já Tava Bem - Ao Vivo,11,56,48,Wesley Safadão
58,spotify:track:4uUG5RXrOk84mYEfFvj3cK,I'm Good (Blue),39,46,7,David Guetta
59,spotify:track:1twGOAfP23YuMskNFL7NO6,Botadão,48,57,13,Eric Land
60,spotify:track:4QQTPEwqE4Aq7LXSyIgSci,Primeiro Beck Ela Me Mamou,41,60,7,Mc Kitinho
61,spotify:track:11fqunD6qlOCrRd88kMOk6,Evento Cancelado - Ao Vivo,36,65,24,Henrique & Juliano
62,spotify:track:1K8AtBJXcdq5mywMnZuARP,Termina Comigo Antes,4,61,31,Gusttavo Lima
63,spotify:track:58VUikMywNpRelwEx8khdh,Mel do Egito,63,77,3,Leandro e as Abusadas
64,spotify:track:04vzhKfl5HtPEgrdZJCZ7L,Bagulho Louco,55,55,3,Mc Paiva ZS
65,spotify:track:4pjznsLeoyimnxGlVpmyJI,NÉ SEGREDO,62,62,4,MC Cabelinho
66,spotify:track:2TdOWHAolNaQx8gyRDVS1N,ERRO PLANEJADO - Ao Vivo,6,71,29,Luan Santana
67,spotify:track:3sd2p4kE7xQmFH3lPnFl6h,sentaDONA (Remix) s2,1,63,33,Davi Kneip
68,spotify:track:0tM4J8aID6qYZOE3e14sCj,Acordo - Ao Vivo,29,67,50,Henrique & Juliano
69,spotify:track:14JKzKrJbPDflw8XyATMey,A Maior Saudade - Ao Vivo,18,75,55,Henrique & Juliano
70,spotify:track:3XF598RmEUF3XW4XKo1lyP,Meu Número - Ao Vivo,36,70,29,Hugo & Guilherme
71,spotify:track:19RJnfs2PjkAooSGjUQqix,Amor ou Esquema,43,72,11,Wesley Safadão
72,spotify:track:3euydCfGHLFjuwHA7G7AUJ,Aqui Na Parma Tu Vem Pra Fuder,72,—,1,DJ CIRILO DE CAXIAS
73,spotify:track:7bh2ybqXcEoIYL8FwiAMou,Intuição - Ao Vivo,29,68,19,Mari Fernandez
74,spotify:track:3EM71GPnUGJ75uDhkH77pq,Insônia - Ao Vivo,46,86,10,LUDMILLA
75,spotify:track:6o6PKPQH9c6egl0VROLpLN,P Q P,37,80,30,NATTAN
76,spotify:track:5IgjP7X4th6nMNDh4akUHb,Under The Influence,63,74,8,Chris Brown
77,spotify:track:7G2LNG0EDgU5IyeeP6pevW,Pode Apostar - Ao Vivo,52,84,21,Mari Fernandez
78,spotify:track:7qD2vjd3btuOgwpQPEY7ci,EU VOU COM CARINHO ELA QUER COM FORÇA,10,78,23,Mc Don Juan
79,spotify:track:2rtsT3CefzKc05JdAm8aQ5,Digo ou Não Digo - Ao Vivo,79,—,1,João Gomes
80,spotify:track:4qsOrxBv09HhNSpsgMRXdC,Esqueça-Me Se For Capaz,1,81,55,Marília Mendonça
81,spotify:track:7KWKWJnbGJ3Soag6Oopion,CACHORRINHAS,8,73,16,Luísa Sonza
82,spotify:track:3ZKwh2EZwtbLl36lhJONuA,Lula Lá no Funk (O Pai Tá On),82,—,1,Festa do Lula
83,spotify:track:6sZYCAvTEYjTtQ9Tt5ACbX,São João Chegou,59,99,5,Renanzin Pressão
84,spotify:track:4NWqFtTU1wnvlsU7XjeIGM,Mina Sensação,55,—,1,Deavele Santos
85,spotify:track:3imzmQM2DPPVBLMiBBexRL,202,38,85,10,Kweller
86,spotify:track:0BWEkqsmPe3qOzrRVztHU3,Acabei de Terminar - Ao Vivo,37,64,15,Paulo e Nathan
87,spotify:track:2wSCalnGOnXdAJC0Fn8OUY,Vai Lá Em Casa Hoje,5,87,51,George Henrique & Rodrigo
88,spotify:track:6JppDQy0FW1nRAc5gCvoJI,Lula Lá 2022,88,—,1,Esquerda Festiva
89,spotify:track:0oB3IBEhbmgTrL7mV0VnFq,Novinha do Onlyfans (Tchan Ran Tchan Tchan),89,—,1,Kadu Martins
90,spotify:track:0MKd4uZd8Ag8qyReZBTarP,Pino da Granada - Ao Vivo em Rio Preto,54,88,22,Murilo Huff
91,spotify:track:3v6gYFuAXQcm1EO5yW7yfX,Proteção de Tela,33,96,55,Tarcísio do Acordeon
92,spotify:track:5r9CZJMoMmxio2AnJdxuDS,Pot-Pourri: Melhor Eu Ir / Ligando Os Fatos / Sonho de Amor / Deixa Eu Te Querer - Ao Vivo,70,—,1,Grupo Menos É Mais
93,spotify:track:5mJFh4iRzgmWuEVPG8257V,Quem Não Conhece Tá Sem Internet,89,100,3,MC Marks
94,spotify:track:14uWxelOuAUajP8fDvc0Ct,Falta Você,83,—,1,Thiaguinho
95,spotify:track:4a0sqvCBo7aRIS4GzBQpnp,Kikando e Me Olhando,22,94,28,MC Braz
96,spotify:track:5XeFesFbtLpXzIVDNQP22n,I Wanna Be Yours,80,92,4,Arctic Monkeys
97,spotify:track:1cybtRrPQaec3kSihCYL55,Você Não Entende Nada - Spotify Singles,89,89,2,Mari Fernandez
98,spotify:track:2zpiccjPSl315SqthyDf9j,Na Movimentação (feat. Faixa Rosa),72,95,8,Mc Livinho
99,spotify:track:7afaZ37wJJL6880z1NRgJS,Fim de Semana no Rio,15,83,3,Teto
100,spotify:track:2kJRlOyrxsy7Ot3c5TZ8Q6,Meu Pedaço de Pecado,2,—,1,João Gomes
