rank,uri,track_name,peak,prev,streak,artist_names
1,spotify:track:7bhvRvE56NHBvedx0EeALS,Comunicação Falhou - Ao Vivo,1,1,23,Mari Fernandez
2,spotify:track:1OZ4uv7OAP24Ix6j3vojLt,Casei Com a Putaria,2,5,9,Mc Paiva ZS
3,spotify:track:5vC8UAOHeG95ehRzZChniB,Ai Preto,2,2,16,L7NNON
4,spotify:track:3yHXEidSu4gYVRqKoI653O,Assunto Delicado - Ao Vivo,4,16,6,Guilherme & Benuto
5,spotify:track:7qoIhutxU269Zqo9PG5IOj,Poesia Acústica 13,3,3,3,Pineapple StormTv
6,spotify:track:2qmG7dokbGpDGD0T5wORWt,Balanço da Rede,1,7,30,Matheus Fernandes
7,spotify:track:4ASA1PZyWGbuc4d9N8OAcF,Eu Gosto Assim - Ao Vivo,7,36,3,Gustavo Mioto
8,spotify:track:0XyPPyGes0omXppV5YE8gy,Gostosinha é Ela,6,8,10,Felipe Amorim
9,spotify:track:6Ulh9GPYz6JKdv04qc3q2U,Dengo,1,9,21,João Gomes
10,spotify:track:7AwVSKaQxpidrtYBerkHKk,Pipoco,1,6,15,Ana Castela
11,spotify:track:1ELsaYdj2NlxLvkx9g24xZ,Haja Colírio (feat. Hugo & Guilherme) - Ao Vivo,4,4,14,Guilherme & Benuto
12,spotify:track:3nqQXoyQOWXiESFLlDF1hG,Unholy (feat. Kim Petras),12,25,2,Sam Smith
13,spotify:track:4QWumyD2uwiePBBha9XBHI,No Ouvidinho,1,14,27,Felipe Amorim
14,spotify:track:6gEOM9IEBzvTdbwNrSkBdC,Fala Mal de Mim - Ao Vivo,10,11,13,Gusttavo Lima
15,spotify:track:4xxeEWGQNFQ6qehlnev5LS,Te Amo Demais,5,10,11,Marília Mendonça
16,spotify:track:25rz3D4oroFC0GXm3xFXnG,Tem Cabaré Essa Noite,1,15,12,Nivaldo Marques
17,spotify:track:4vWh6tEfcLzdvYWp2IlOJS,CORAÇÃO CIGANO - Ao Vivo,6,13,8,Luan Santana
18,spotify:track:3gCWngngUs1uojw33vrE8K,5 Regras - Ao Vivo,12,12,9,Jorge & Mateus
19,spotify:track:6gyhp7IcNhTYzwlk8utsgP,Beijo de Glicose - Ao Vivo,19,35,5,Diego & Victor Hugo
20,spotify:track:3ShKPhFkexrwl7WoyTtNND,Tchuco Nela,4,19,25,MC Rogerinho
21,spotify:track:6Zw25LRLP0j0MsezDFIUM4,Mal Feito - Ao Vivo,5,20,38,Hugo & Guilherme
22,spotify:track:4x5q5T5mhE1xvoCVXY6qrN,Melodia Alucinógena,15,17,9,DJ AK BR
23,spotify:track:7HdWqZjUmIHK5B8zwPCRds,Áudio Que Te Entrega - Faixa Bônus,7,27,28,Leo Santana
24,spotify:track:4Dvkj6JhhA12EX05fT7y2e,As It Was,12,18,27,Harry Styles
25,spotify:track:4NNZZXHgn9F3cCgC1YGmLl,Todo Seu - Ao Vivo,15,22,22,Jorge & Mateus
26,spotify:track:5PSkF3QpVMlAx8U5Inxj39,Vento Forte,12,24,11,Mc Jacaré
27,spotify:track:5etfNcFAD9M8uibXpYMxfQ,Tu Tava Na Revoada - Ao Vivo,9,34,20,Wesley Safadão
28,spotify:track:3lQnTQFBxk1HMsj8aa4syY,Virando o Olhinho,23,26,13,Kadu Martins
29,spotify:track:5PZAbR6JHYYV9xp5gv0XES,Bandido,1,21,16,Zé Felipe
30,spotify:track:2ykYxd8UGHOsdjP3Z5jSHh,Cheiro de Balada - Ao Vivo,22,23,9,Hugo & Guilherme
31,spotify:track:0i4UV3HjjvsUuV3BajEXoD,Baile no Morro,10,29,15,MC Tairon
32,spotify:track:2HMbGPbGiqGaHXzFkQAmZI,Basiquinho - Ao Vivo,28,30,8,Matheus & Kauan
33,spotify:track:3sd2p4kE7xQmFH3lPnFl6h,sentaDONA (Remix) s2,1,33,29,Davi Kneip
34,spotify:track:40fRA3sONEHzt20oKvyhRA,Só de Imaginar - Ao Vivo,34,39,19,Mari Fernandez
35,spotify:track:42nZBOwXNdO24Ml032bLBS,Gatilho - Ao Vivo,24,28,29,Matheus & Kauan
36,spotify:track:1K8AtBJXcdq5mywMnZuARP,Termina Comigo Antes,4,32,27,Gusttavo Lima
37,spotify:track:0jAAnWNbcHf6X1EXOtvOT7,Incendeia,20,31,12,MC Kevin o Chris
38,spotify:track:4cxQWmXmmbFoWvV8qipQTe,Perfeito Pra Ficar Sozinho - Ao Vivo,35,40,9,Murilo Huff
39,spotify:track:6bwx7pcKJY05D9S6CVa1k6,Nem Namorado e Nem Ficante - Ao Vivo | Faixa Bônus,37,37,18,Israel & Rodolffo
40,spotify:track:6bTdZ7xfKp3NqqADJ8HLyj,Vampiro,5,41,27,Matuê
41,spotify:track:4QQTPEwqE4Aq7LXSyIgSci,Primeiro Beck Ela Me Mamou,41,44,3,Mc Kitinho
42,spotify:track:4nRa5qkXIfswPbt20rkslI,Debaixo do Cobertor,24,70,16,Felipe Amorim
43,spotify:track:7KWKWJnbGJ3Soag6Oopion,CACHORRINHAS,8,47,12,Luísa Sonza
44,spotify:track:5lCAtKxkZL6tFDyGX9t87j,Eu Já Tava Bem - Ao Vivo,11,38,44,Wesley Safadão
45,spotify:track:0dcHD9QhnWRA41zoLnC83X,X1,45,48,10,MC Cabelinho
46,spotify:track:4NFkcqZ3jU2O9rgEbuluVn,Bafora o Lança - Remix,16,43,8,Mario Mc
47,spotify:track:2orGm2E68ODFYOURjaES62,Felina,47,—,1,WIU
48,spotify:track:4W4tbncuac0neqLbTpByen,Botadão,48,52,9,Eric Land
49,spotify:track:72g37RoelSnovZakG5MwnF,Parada Louca,2,45,47,Mari Fernandez
50,spotify:track:3JHIuBa3hDJk3DQ9m6xFrp,Pelado,39,59,13,NATTAN
51,spotify:track:7dG9DMiqxz365ItjlsRGMQ,Acabei de Terminar - Ao Vivo,37,46,11,Paulo e Nathan
52,spotify:track:7bh2ybqXcEoIYL8FwiAMou,Intuição - Ao Vivo,29,53,15,Mari Fernandez
53,spotify:track:3imzmQM2DPPVBLMiBBexRL,202,38,51,6,Kweller
54,spotify:track:19RJnfs2PjkAooSGjUQqix,Amor ou Esquema,53,60,7,Wesley Safadão
55,spotify:track:4NWqFtTU1wnvlsU7XjeIGM,Mina Sensação,55,100,2,Deavele Santos
56,spotify:track:3ITkrUvAA6gzxer2UIom3P,Molhando o Volante,10,49,43,Jorge & Mateus
57,spotify:track:2TdOWHAolNaQx8gyRDVS1N,ERRO PLANEJADO - Ao Vivo,6,42,25,Luan Santana
58,spotify:track:7qD2vjd3btuOgwpQPEY7ci,EU VOU COM CARINHO ELA QUER COM FORÇA,10,50,19,Mc Don Juan
59,spotify:track:3XF598RmEUF3XW4XKo1lyP,Meu Número - Ao Vivo,36,56,25,Hugo & Guilherme
60,spotify:track:3IMLoeLerS7TMpKjxUgAhx,Arranhão - Ao Vivo,4,58,51,Henrique & Juliano
61,spotify:track:4uUG5RXrOk84mYEfFvj3cK,I'm Good (Blue),61,62,3,David Guetta
62,spotify:track:2johnzqTeIdgF1kUV4Yaeo,Me Chama de Amor,14,66,21,O Tubarão
63,spotify:track:3EM71GPnUGJ75uDhkH77pq,Insônia - Ao Vivo,46,57,6,LUDMILLA
64,spotify:track:0tM4J8aID6qYZOE3e14sCj,Acordo - Ao Vivo,29,63,46,Henrique & Juliano
65,spotify:track:4qsOrxBv09HhNSpsgMRXdC,Esqueça-Me Se For Capaz,1,61,51,Marília Mendonça
66,spotify:track:2wSCalnGOnXdAJC0Fn8OUY,Vai Lá Em Casa Hoje,5,64,47,George Henrique & Rodrigo
67,spotify:track:6o6PKPQH9c6egl0VROLpLN,P Q P,37,71,26,NATTAN
68,spotify:track:7uWbLSH88a5oNqZrbkTLxN,Deixa Eu Te Superar,68,92,2,Tarcísio do Acordeon
69,spotify:track:5IgjP7X4th6nMNDh4akUHb,Under The Influence,69,76,4,Chris Brown
70,spotify:track:7gRFDGEzF9UkBV233yv2dc,Shut Down,48,54,3,BLACKPINK
71,spotify:track:0MKd4uZd8Ag8qyReZBTarP,Pino da Granada - Ao Vivo em Rio Preto,54,68,18,Murilo Huff
72,spotify:track:2zpiccjPSl315SqthyDf9j,Na Movimentação (feat. Faixa Rosa),72,85,4,Mc Livinho
73,spotify:track:1XcmAgREOuJQb91sr68AAD,Sentadinha Diferente,55,67,11,Dyamante DJ
74,spotify:track:4a0sqvCBo7aRIS4GzBQpnp,Kikando e Me Olhando,22,55,24,MC Braz
75,spotify:track:3v6gYFuAXQcm1EO5yW7yfX,Proteção de Tela,33,81,51,Tarcísio do Acordeon
76,spotify:track:6TnCI16uLWhyQCrHva9VWj,Te Love - Ao Vivo,76,91,2,Kevi Jonny
77,spotify:track:11fqunD6qlOCrRd88kMOk6,Evento Cancelado - Ao Vivo,36,79,20,Henrique & Juliano
78,spotify:track:6BF3nZQkAg9qvE0DLVSfyH,Hotel Caro,9,73,17,Baco Exu do Blues
79,spotify:track:3QxKHcpNt6CWNUYCLLBHeZ,Escolhe o Bandido,40,69,13,MC CH da Z.O
80,spotify:track:5r9CZJMoMmxio2AnJdxuDS,Pot-Pourri: Melhor Eu Ir / Ligando Os Fatos / Sonho de Amor / Deixa Eu Te Querer - Ao Vivo,70,77,41,Grupo Menos É Mais
81,spotify:track:5A35xC90Nk6tXmcOAOOavi,ABALO EMOCIONAL - Ao Vivo,10,75,35,Luan Santana
82,spotify:track:7G2LNG0EDgU5IyeeP6pevW,Pode Apostar - Ao Vivo,52,84,17,Mari Fernandez
83,spotify:track:14JKzKrJbPDflw8XyATMey,A Maior Saudade - Ao Vivo,18,72,51,Henrique & Juliano
84,spotify:track:2kJRlOyrxsy7Ot3c5TZ8Q6,Meu Pedaço de Pecado,2,83,51,João Gomes
85,spotify:track:3AJwUDP919kvQ9QcozQPxg,Yellow,33,65,4,Coldplay
86,spotify:track:35ILpvFvH8u8dVfjG2txtw,Descontrolada,86,89,2,Pabllo Vittar
87,spotify:track:14uWxelOuAUajP8fDvc0Ct,Falta Você,83,—,1,Thiaguinho
88,spotify:track:1xzi1Jcr7mEi9K2RfzLOqS,CUFF IT,69,—,1,Beyoncé
89,spotify:track:6nkoWsFZeFt5dUdNmlIceh,Bloqueado - Ao Vivo,4,82,45,Gusttavo Lima
90,spotify:track:4PF5eA9ng97UcU5hjaqQnc,Meu Cafofo,49,87,29,João Gomes
91,spotify:track:7afaZ37wJJL6880z1NRgJS,Fim de Semana no Rio,15,88,27,Teto
92,spotify:track:53tfEupEzQRtVFOeZvk7xq,DESPECHÁ,36,78,10,ROSALÍA
93,spotify:track:3ZtHHGpAPSWC7Gnios4lmK,Metflix,49,96,10,Mc Poze do Rodo
94,spotify:track:5fYMMUN5xPo77r9qiBH0A0,Love Terremoto - Ao Vivo,82,90,5,Os Barões Da Pisadinha
95,spotify:track:6sZYCAvTEYjTtQ9Tt5ACbX,São João Chegou,59,—,1,Renanzin Pressão
96,spotify:track:1td5kc4eF8J6esdCiWRvbs,"Andou na Prancha Cuidado Tubarão Vai te Pegar, Tubarão te Amo",74,74,2,DJ Silva da Norte
97,spotify:track:0qYW2jULeN9giEty0ee9Fy,Botadinha Saliente,3,—,1,MC Rogerinho
98,spotify:track:04vzhKfl5HtPEgrdZJCZ7L,Bagulho Louco,79,86,7,Mc Paiva ZS
99,spotify:track:1TFqH3zKOiTZoVe0OQuJte,Até Que Durou / Tu Mandas No Meu Coração / Adorei / Supera,99,—,1,Grupo Menos É Mais
100,spotify:track:3QKv1RIrWsLTA63oxscVrZ,Meu Bem,25,—,1,João Gomes
