rank,uri,track_name,peak,prev,streak,artist_names
1,spotify:track:54u86CmMqGI1rRuULlTqaB,Toca o Trompete,1,1,10,Felipe Amorim
2,spotify:track:64CovjRwInpOJW4PiGMprY,Faz um Vuk Vuk (Teto Espelhado),2,2,9,MC Kevin o Chris
3,spotify:track:7lTVXJfNK4xaJSUXCUac6a,Fode Bem,3,3,9,Felipe Amorim
4,spotify:track:4f0aDk7HX37SfzerfznYlr,Lapada Dela - Ao Vivo,4,4,28,Grupo Menos É Mais
5,spotify:track:2InS5VWKJQbsFBKOsf1cJB,Let's Go 4,5,8,2,Dj GBR
6,spotify:track:0fABszUFNbNq9IW503Gj8v,Tá OK,1,6,18,DENNIS
7,spotify:track:3XIXklO3e0uWUAUkOR7NLI,DENTRO DA HILUX,7,7,4,Luan Pereira
8,spotify:track:6drlqBh6BeYZinmYQ9qR2n,Furduncinho do Rogerinho,8,17,5,MC Rogerinho
9,spotify:track:2BlFIe0712LBUtTHxbqjme,Love Gostosinho - Ao Vivo,2,9,38,NATTAN
10,spotify:track:4pWsXhLUdtBKlw9npIXZAl,Halls na Língua,2,12,17,Kadu Martins
11,spotify:track:4Z2i41GDQyu3KRpBavEnyR,Solteiro Forçado - Boiadeira Internacional,7,13,12,Ana Castela
12,spotify:track:43eRVwfXFkY3kXN4K47gNT,Chico,2,5,5,Luísa Sonza
13,spotify:track:1Vy9Wn5sbiduZKBqBlH3Mc,Ballena,6,11,11,Vulgo FK
14,spotify:track:2uhw2oYbugGJbn10wipNX5,Novidade na Área,3,10,13,Mc Livinho
15,spotify:track:4hKLzFvNwHF6dPosGT30ed,Novo Balanço,5,14,19,Veigh
16,spotify:track:6AENBD8I0mDGglFqrRZGu7,Canudinho - Ao Vivo,16,28,4,Gusttavo Lima
17,spotify:track:6xRDvureEBwHgwAYDufbJL,Chorei na Vaquejada,13,18,22,Eric Land
18,spotify:track:4uqJelb9THHmJ3OCohg4ZJ,Nosso Quadro,2,16,33,AgroPlay
19,spotify:track:51pxwIxDVCbFHW8oyJFQXD,Erro Gostoso - Ao Vivo,1,15,34,Simone Mendes
20,spotify:track:181TYnNi3wNGrdsCykmI4A,A Dona Aranha,11,21,5,Luísa Sonza
21,spotify:track:3P2ubMyuL9NQOVU67TVCXA,"Love, Love",9,19,15,Melody
22,spotify:track:42JNab8NPeCADJ9D3Cl5wS,Barulho Do Foguete - Ao Vivo,22,33,3,Zé Neto & Cristiano
23,spotify:track:3PH1nUysW7ybo3Yu8sqlPN,Seu Brilho Sumiu - Ao Vivo,2,20,30,Israel & Rodolffo
24,spotify:track:7GScY8oE12cqTiNBzVQpUB,Mala dos Porta-Mala - Ao Vivo,22,27,11,Gusttavo Lima
25,spotify:track:53PpijFATt35Zxfl6LTxoK,Leão,1,22,42,Marília Mendonça
26,spotify:track:0U9CZWq6umZsN432nh3WWT,"Gol Bolinha, Gol Quadrado 2",4,25,14,Mc Pedrinho
27,spotify:track:3PqU6gHWUaBTtIZi5oxEJ7,Um Mês E Pouco - Ao Vivo,25,26,13,Zé Neto & Cristiano
28,spotify:track:35D06z7kmwMmYYbyJ0BkSm,Daqui pra Sempre,28,—,1,Manu
29,spotify:track:4zNy0cxc4p36OLdPr0sI6h,MONTAGEM ANOS 2000,29,—,1,MC Maneirinho
30,spotify:track:0redQHBfejmPUhonR5ppGC,Duas Três,12,30,32,Guilherme & Benuto
31,spotify:track:7DkhndGTKaqkFxxKN7XlAh,Manda um Oi - Ao Vivo,25,31,19,Guilherme & Benuto
32,spotify:track:4zUFA8l78k4tCmoVuGtV8z,MEIO TERMO - Ao Vivo,21,32,16,Luan Santana
33,spotify:track:2exu569k07hUulN9CoPnMH,Campo De Morango,9,23,6,Luísa Sonza
34,spotify:track:4lL0M9HzNFspnIwj2WfU6c,Oi Vida - Ao Vivo,34,35,9,Gusttavo Lima
35,spotify:track:0bfJWhn3r3UQBF8WYKWT4K,"Vai Novinha Ah, Ah, Ah / Citação: O Chêro Da Carolina",5,29,14,Dyamante DJ
36,spotify:track:7r8yMaSOy4XmuhRz7iv1gi,Traumatizei - Ao Vivo Em Brasília,10,34,34,Henrique & Juliano
37,spotify:track:1M6rclDhYmqRBMFGNJOFKB,Americana Na Vaquejada,6,39,26,Grandão Vaqueiro
38,spotify:track:5btDKzAsFh975NSWxwBHRc,Coisas Que Eu Sei,14,36,24,Felipe Amorim
39,spotify:track:0t5cfOZxePTvuYXTywHzjH,Penhasco2,4,24,5,Luísa Sonza
40,spotify:track:39xOREhViooEYFpmnKTdrl,Engana Dizendo Que Ama,24,40,19,Veigh
41,spotify:track:6F0ldIcRC6oCcn3hDukg9T,Cadê Seu Namorado Moça?,23,44,18,Thales Lessa
42,spotify:track:4KGyltc1ugN2WFcjkSPHwh,Não Vitalício (Nunca Mais) - Ao Vivo,5,41,34,Matheus & Kauan
43,spotify:track:07DskqQ1NbTiotX1WIV7ob,Piloto,43,86,2,Flora Matos
44,spotify:track:4bxAq0zgWQKMaQJ7HLJJxk,Ombrim (ai que delicia o verão) (feat. Mts No Beat),44,66,2,Marina Sena
45,spotify:track:1mimc5QiUuwmVYdXkWvgOQ,MOLETOM,21,38,12,Luan Pereira
46,spotify:track:5g7sDjBhZ4I3gcFIpkrLuI,Locked out of Heaven,37,37,4,Bruno Mars
47,spotify:track:2uGk60j3LR5bp6tGq9vtII,Halls na Língua - Remix,37,49,9,GORDÃO DO PC
48,spotify:track:4ldcxPVAtih8alepJTu8Hx,"Faz Completo, Chefe",48,51,5,Mc IG
49,spotify:track:3ktTWpYdXrYApH54cBo4Ap,Conexões de Máfia (feat. Rich The Kid),3,45,22,Matuê
50,spotify:track:6p6ohOKSzL4JaIRzSeOmWx,Cama Embrasa,32,48,19,Felipe Amorim
51,spotify:track:0ZVWliWjMmYFxQe9U63Y5W,5 Da Manhã - Ao Vivo,51,—,1,Raí Saia Rodada
52,spotify:track:7G2yGMHlcPPTCDhMrAaMyZ,Tô Voltando - (Boiadeira Internacional),52,63,4,Ana Castela
53,spotify:track:4xAGuRRKOgoaZbMGdmTD3N,Oi Balde - Ao Vivo,6,43,32,Zé Neto & Cristiano
54,spotify:track:3fkLH5wAzni4mcXl4c6cAC,Sinal,31,54,18,Nadson O Ferinha
55,spotify:track:1nf1HJdTWXwf9XHQebGlOd,Quando Apaga A Luz - Ao Vivo,20,50,35,Gustavo Mioto
56,spotify:track:0SWDToufOxRVIngk8c1oZi,AMBIENTE ERRADO - Ao Vivo,49,52,7,Luan Santana
57,spotify:track:1dv8qeBPtLAli7J3xNeTDR,Surreal,26,47,5,Luísa Sonza
58,spotify:track:1Z3QqD45wKKN6fUKBXSvcZ,Pirulito Vermelho,56,56,6,Diego & Victor Hugo
59,spotify:track:56y1jOTK0XSvJzVv9vHQBK,Paint The Town Red,59,72,2,Doja Cat
60,spotify:track:6L2ule7uWSdh1qjcMO3vUD,Quem tá Pegando,45,60,15,Murilo Huff
61,spotify:track:3khLpwuyIjEOw8vfJ1oUIT,Papin,11,53,23,MC Kevin o Chris
62,spotify:track:0WrM1ON5poAsmKw3x5uPhD,Narcisista - Ao Vivo,46,57,9,Maiara & Maraisa
63,spotify:track:5XeFesFbtLpXzIVDNQP22n,I Wanna Be Yours,61,61,31,Arctic Monkeys
64,spotify:track:0KhLYwYVhi13hMhxX73m55,MULHER SEGURA - Ao Vivo,64,100,2,Luan Santana
65,spotify:track:0QcKkN8b4iVkmVsbaze8OS,Devia Ser Proibido - Ao Vivo Em Brasília,61,68,5,Henrique & Juliano
66,spotify:track:0xjlf07YcizDPmtLIGl5Og,Iguaria,46,65,4,Luísa Sonza
67,spotify:track:3o4wcB1Y6xC62eF02n9RSZ,ELA PIROU NA DODGE RAM,25,62,26,Luan Pereira
68,spotify:track:2LTlykcdu0gwb7zcKneo2a,Melhor Só,9,46,26,KayBlack
69,spotify:track:1kWcd9h9HoeXsKaDVhSOtj,Ela - Ao Vivo,69,74,2,Sorriso Maroto
70,spotify:track:6hu4HvpNzrW2RIEEAZC3vD,Segredo,37,64,24,KayBlack
71,spotify:track:6MCaEL0pQo1Jg1vlKpMWop,Dois Fugitivos - Ao Vivo,71,—,1,Simone Mendes
72,spotify:track:4uLzGOlqSanpNS3htaUViY,Pátio do Posto - Ao Vivo,30,59,19,Zé Neto & Cristiano
73,spotify:track:6ELMBm3lZFitAZp03GBBNG,Me Atraiu - Ao Vivo,52,69,31,Gabriela Rocha
74,spotify:track:3aWrw4JOomNFr334vCOMdx,Quem Perde É Quem Trai,74,—,1,Manu
75,spotify:track:64JdLJ0dFwI5lptGXHQxZs,Sarradinha,75,—,1,Mari Fernandez
76,spotify:track:1a5LfJGq0vuCWQ9Mme0Ac7,Deserto (Ao Vivo),61,73,37,Maria Marçal
77,spotify:track:24LGL93o3wuVuYLCBhV3c5,Principalmente Me Sinto Arrasada,25,55,5,Luísa Sonza
78,spotify:track:4Dvkj6JhhA12EX05fT7y2e,As It Was,12,76,3,Harry Styles
79,spotify:track:15nTZqWfpXZk9Xh043Ognh,Posturado E Calmo,12,71,16,Leo Santana
80,spotify:track:77BR4gaUAp3p0uA8UL6HT9,Não Para,41,81,22,Belle Kaffer
81,spotify:track:3Mj0GaRrmpLNZ2Xe47KsK8,Só Falta Eu,67,85,7,Nadson O Ferinha
82,spotify:track:2pidGuLSSVZPcbzE5QA1Ux,Elevador - Ao Vivo,48,96,4,Hugo & Guilherme
83,spotify:track:0oB3IBEhbmgTrL7mV0VnFq,Novinha do Onlyfans (Tchan Ran Tchan Tchan),1,83,48,Kadu Martins
84,spotify:track:5o9H0zAGTGrZQpH5WWh1Vi,Duas - Versão Arrocha,55,79,12,Dilsinho
85,spotify:track:0btol0yAwaK1mJdyQfnKFn,Eu Nem Lembro,83,—,1,Henry Freitas
86,spotify:track:12YCtLHGk6tP6RbHDHflCs,Cartão Black,5,67,20,MC Caverinha
87,spotify:track:7Ht57bh2FwiQLwRH9zqESG,085 - Ao Vivo,8,42,31,MC Rogerinho
88,spotify:track:5a2CIQaMW3Keqtx4BdXbEY,Anota Aí - Ao Vivo,68,—,1,Avine Vinny
89,spotify:track:7nFvKgVumc9FcU97zGjjei,Coração de Gelo,5,70,42,WIU
90,spotify:track:4kRLRWnn5u9wO2wOKAAdEN,Automotivo Bibi Fogosa,49,78,9,Bibi Babydoll
91,spotify:track:5r9CZJMoMmxio2AnJdxuDS,Pot-Pourri: Melhor Eu Ir / Ligando Os Fatos / Sonho de Amor / Deixa Eu Te Querer - Ao Vivo,70,93,3,Grupo Menos É Mais
92,spotify:track:5eID9KNVJV2fDSPQGzQHQg,Oficializar - Ao Vivo,92,97,4,Gusttavo Lima
93,spotify:track:22sAwsBH0NoNJXnrBenQuO,Sem Aliança no Dedo,6,—,1,MC Xenon
94,spotify:track:156LKAN2oh16qflL5oz4tO,Os Bico Tão Se Perguntando (Let’s Go 3),20,89,24,MC PH
95,spotify:track:1gUKbDEyGK4uo8t8MdjKMZ,Namorando Ou Não - Ao Vivo,21,77,28,Clayton & Romário
96,spotify:track:0oZrvoCYEbKGCsU7cQqNnw,Imprevisto,38,91,2,Yago Oproprio
97,spotify:track:0Q1oLvAI9QaD3DIlvluTqx,Voltou Com Quem Não Voltava - Ao Vivo,74,80,8,Israel & Rodolffo
98,spotify:track:0XyPPyGes0omXppV5YE8gy,Gostosinha é Ela,5,—,1,Felipe Amorim
99,spotify:track:4ASA1PZyWGbuc4d9N8OAcF,Eu Gosto Assim - Ao Vivo,1,75,54,Gustavo Mioto
100,spotify:track:00SFicbFKGIT0ONRRD79Uw,Você Me Conquistou,79,—,1,Eric Land
