rank,uri,track_name,peak,prev,streak,artist_names
1,spotify:track:4uqJelb9THHmJ3OCohg4ZJ,Nosso Quadro,1,1,13,AgroPlay
2,spotify:track:3mzbab4H0iZYkHggSEj0UX,Oi Balde - Ao Vivo,2,2,11,Zé Neto & Cristiano
3,spotify:track:3PH1nUysW7ybo3Yu8sqlPN,Seu Brilho Sumiu - Ao Vivo,3,6,9,Israel & Rodolffo
4,spotify:track:51pxwIxDVCbFHW8oyJFQXD,Erro Gostoso - Ao Vivo,4,4,13,Simone Mendes
5,spotify:track:5v8EhStRWlvoY2qbcZR5R2,Mágica - Ao Vivo,3,3,5,Hugo & Guilherme
6,spotify:track:2K9kZpwD2CzTa6iiSYYOoO,Leão,1,5,13,Marília Mendonça
7,spotify:track:0JIYoXtJfORxI6gRpHv6ZW,Traumatizei - Ao Vivo Em Brasília,4,8,13,Henrique & Juliano
8,spotify:track:0redQHBfejmPUhonR5ppGC,Duas Três,5,7,12,Guilherme & Benuto
9,spotify:track:4sqpSDnTrbS8v7RMNCUyqS,Não Vitalício (Nunca Mais) - Ao Vivo,7,9,13,Matheus & Kauan
10,spotify:track:0SCMVUZ21uYYB8cc0ScfbV,Bombonzinho - Ao Vivo,2,10,13,Israel & Rodolffo
11,spotify:track:0ZAL7RbP2FsM3rObV60o7T,Namorando Ou Não - Ao Vivo,10,11,8,Clayton & Romário
12,spotify:track:3o4wcB1Y6xC62eF02n9RSZ,ELA PIROU NA DODGE RAM,12,13,7,Luan Pereira
13,spotify:track:6cZqw8wIrMsFxCNMzLRbNU,Metade De Mim - Ao Vivo,8,12,9,Hugo & Guilherme
14,spotify:track:7CUQQLRMIeSfa4m2uQcRHp,Rancorosa - Ao Vivo Em Brasília,14,16,6,Henrique & Juliano
15,spotify:track:4ASA1PZyWGbuc4d9N8OAcF,Eu Gosto Assim - Ao Vivo,4,15,13,Gustavo Mioto
16,spotify:track:5aqwwgL4XOv2YJYwLiqKOZ,A Culpa É Nossa - Ao Vivo,5,18,13,Maiara & Maraisa
17,spotify:track:1nf1HJdTWXwf9XHQebGlOd,Quando Apaga A Luz - Ao Vivo,9,17,13,Gustavo Mioto
18,spotify:track:51FFbyL0PjkYtjXJQP0JoP,Saudade da Minha Vida - Ao Vivo,9,14,13,Gusttavo Lima
19,spotify:track:1L7hWEc3tVjvmbw48ShktM,Desejo Imortal (It Must Have Been Love) - Ao Vivo,19,20,3,Gusttavo Lima
20,spotify:track:7sopDXkuzXtHt8AQpdBxmT,DONA DE MIM,7,22,13,Ana Castela
21,spotify:track:18yZLabAj1liqEUcgxDgeJ,Perdoou Nada - Ao Vivo,10,23,13,Israel & Rodolffo
22,spotify:track:2M4kQD87lKnAS9vFlb4Bez,Pactos - Ao Vivo,8,24,13,Matheus & Kauan
23,spotify:track:7CJJ7JC3kj9XdweWTvfVhX,Vacilão,4,21,7,Zé Felipe
24,spotify:track:0KXdSF0Poa57KOepZ3hKrh,Palhaça - Ao Vivo,11,26,13,Naiara Azevedo
25,spotify:track:156LKAN2oh16qflL5oz4tO,Os Bico Tão Se Perguntando (Let’s Go 3),25,25,3,MC PH
26,spotify:track:22sAwsBH0NoNJXnrBenQuO,Sem Aliança no Dedo,7,19,12,MC Xenon
27,spotify:track:5WsM6qhZzRSD3oKbtorxzD,Aquecimento Senta Senta Suave,20,33,7,MC Kevin o Chris
28,spotify:track:2BlFIe0712LBUtTHxbqjme,Love Gostosinho - Ao Vivo,26,30,13,NATTAN
29,spotify:track:5AdPP30mjJCtBMyYKZUEU7,Assunto Delicado - Ao Vivo,14,29,13,Guilherme & Benuto
30,spotify:track:3C99BfGe301JNp7BqTX5Uu,Média Boa - Ao Vivo,16,28,13,Felipe e Rodrigo
31,spotify:track:5yscNPMHmhqHQX9B9GFzMp,Te Esqueci Sem Querer - Ao Vivo Em Brasília,31,55,2,Henrique & Juliano
32,spotify:track:2LTlykcdu0gwb7zcKneo2a,Melhor Só,31,31,4,KayBlack
33,spotify:track:4f0aDk7HX37SfzerfznYlr,Lapada Dela - Ao Vivo,33,41,7,Grupo Menos É Mais
34,spotify:track:7Ht57bh2FwiQLwRH9zqESG,085 - Ao Vivo,31,37,8,MC Rogerinho
35,spotify:track:5Ubx4DpvVodvsGH9ilxPVi,Haja Colírio (feat. Hugo & Guilherme) - Ao Vivo,6,32,13,Guilherme & Benuto
36,spotify:track:2hkwwmmLC90T8BQ7t3xufq,Roça Em Mim,13,39,13,Zé Felipe
37,spotify:track:7nFvKgVumc9FcU97zGjjei,Coração de Gelo,14,36,13,WIU
38,spotify:track:3gCWngngUs1uojw33vrE8K,5 Regras - Ao Vivo,17,34,13,Jorge & Mateus
39,spotify:track:2slHCHYP7ogpGSsCumJT1a,Fulano - Ao Vivo,33,35,5,Murilo Huff
40,spotify:track:5pBU3Yihoa4hiwQ2T5fGhH,Esse B.O é Meu - Ao Vivo,9,27,13,Guilherme & Benuto
41,spotify:track:0AIA4KsMsyqur8FbTVhGNT,SOLTEIROU - Ao Vivo,22,40,13,Luan Santana
42,spotify:track:5y7yYXNSsT89A27DQxbmUL,Covardia,29,38,5,Wesley Safadão
43,spotify:track:77BR4gaUAp3p0uA8UL6HT9,Não Para,43,51,8,Belle Kaffer
44,spotify:track:74Le949TrZk4zwDjtWzH23,Cavalo de Pau,36,42,13,Bruno & Denner
45,spotify:track:1jHgfC8T5KxUyC5Ldw6lk9,Zona De Perigo,2,44,13,Leo Santana
46,spotify:track:6Zw25LRLP0j0MsezDFIUM4,Mal Feito - Ao Vivo,34,47,13,Hugo & Guilherme
47,spotify:track:6obqb3vA4kufqEHibtF5W1,Guarda Roupa - Ao Vivo,39,48,13,Fred & Fabrício
48,spotify:track:1M6rclDhYmqRBMFGNJOFKB,Americana Na Vaquejada,48,58,3,Grandão Vaqueiro
49,spotify:track:0tt0kaL2vefCw19a2bk54N,Planejei - Ao Vivo,49,70,2,Hugo & Guilherme
50,spotify:track:5TtTijiNYtFc6ktQARjY30,Preferida,46,46,4,KayBlack
51,spotify:track:4kAMyuJBbmJrbr6TLOWbEk,Beijo de Glicose - Ao Vivo,24,49,13,Diego & Victor Hugo
52,spotify:track:2Vl7x4BkNhhJkEmQQMcV0V,Toma Tapa,26,57,13,Mc Jacaré
53,spotify:track:2kBbHpJTc7MWs8F3XhClBD,Altas Loucurinhas (Uni Duni Tê) - Ao Vivo,36,53,13,Matheus Fernandes
54,spotify:track:3SWqd8gFeeItkeXwcPI77K,Flor De Plástico - Ao Vivo,47,50,4,Fred & Fabrício
56,spotify:track:235CP5ItAYMS6usv3C8jkP,DEUS É MUITO BOM - Ao Vivo,56,—,1,Luan Santana
57,spotify:track:6tW23l5oRR8XyYJsF5si9G,Eu Minto (Ao Vivo),30,61,13,US Agroboy
58,spotify:track:3khLpwuyIjEOw8vfJ1oUIT,Papin,58,—,1,MC Kevin o Chris
59,spotify:track:5WGTBzRLbjj0Sm3Br8X1rI,Bandido Não Dança,37,63,13,Mc Paiva ZS
60,spotify:track:4t6eam3rC9JoNFVkfOHK4s,Pátio do Posto - Ao Vivo,60,64,6,Zé Neto & Cristiano
61,spotify:track:2orGm2E68ODFYOURjaES62,Felina,45,59,13,WIU
62,spotify:track:5btDKzAsFh975NSWxwBHRc,Coisas Que Eu Sei,62,86,2,Felipe Amorim
63,spotify:track:3ktTWpYdXrYApH54cBo4Ap,Conexões de Máfia (feat. Rich The Kid),63,—,1,Matuê
64,spotify:track:3XF598RmEUF3XW4XKo1lyP,Meu Número - Ao Vivo,57,62,13,Hugo & Guilherme
65,spotify:track:5tk0ERnzadzyexVfXA0yed,Mec Life,65,78,2,DJ ESCOBAR
66,spotify:track:1TgVaCf8D5mXZrK1d7uIZe,Bebê Tá Solta,42,56,9,Yuri Redicopa
67,spotify:track:6eNRGL6Nkdg7RhJtmbcl0j,Luz do Luar,20,52,13,Mc Tato
68,spotify:track:4mD9hjoTckjeL1CrJCx0MT,Puta Mexicana,15,60,13,DJ Jeeh FDC
69,spotify:track:0BWEkqsmPe3qOzrRVztHU3,Acabei de Terminar - Ao Vivo,62,67,13,Paulo e Nathan
70,spotify:track:1Pr9qCSmklPyiF6ACiNIYi,Fazendinha Sessions #3: Som do Interior,45,45,3,Fazendinha Sessions
71,spotify:track:5GbvrjiAu6tt9qweHNSban,Vaqueiro Apaixonado,71,93,4,AgroPlay
72,spotify:track:7aZnuwpivaj4N7XFhhqBiO,Love Absurdo,53,79,11,Mari Fernandez
73,spotify:track:11fqunD6qlOCrRd88kMOk6,Evento Cancelado - Ao Vivo,44,66,13,Henrique & Juliano
74,spotify:track:0bBwi6ddYeTv5fXgHAdfiH,Evoque Prata,19,73,13,MC MENOR HR
75,spotify:track:4NNZZXHgn9F3cCgC1YGmLl,Todo Seu - Ao Vivo,33,74,13,Jorge & Mateus
76,spotify:track:72vwG7lcOTPgT2YgYpg505,Hackearam-me,40,68,7,Marília Mendonça
77,spotify:track:0GgmNgZbpx4fdSLTqsGCPL,Privacidade - Ao Vivo,71,71,2,Matheus & Kauan
78,spotify:track:2X5o4nRiocnoaaQ2wMwaeC,Sorrisin De Puto,61,77,13,DJ Cayoo
79,spotify:track:21XQbePSeOSvfuLRaZbZ7a,Mas Existe um Lugar - speed,52,76,4,Cryzin
80,spotify:track:2zDwJnP9n9yCUyfiLIwkDM,Se Ele Soubesse - Ao Vivo,35,72,13,Guilherme & Santiago
81,spotify:track:6hu4HvpNzrW2RIEEAZC3vD,Segredo,80,80,3,KayBlack
82,spotify:track:2HMbGPbGiqGaHXzFkQAmZI,Basiquinho - Ao Vivo,31,75,13,Matheus & Kauan
83,spotify:track:5geU4byUA1hnQofQPOsPDS,Sereia,53,88,13,Orochi
84,spotify:track:1ACALdBWViTpLBC14Ecv8E,Namora Aí,32,84,13,MC Ryan SP
85,spotify:track:3O2wrDL7nnSDZOrdZqxyoY,Noite Fria,36,81,8,Mc IG
86,spotify:track:7AwVSKaQxpidrtYBerkHKk,Pipoco,60,94,13,Ana Castela
87,spotify:track:6bwx7pcKJY05D9S6CVa1k6,Nem Namorado e Nem Ficante - Ao Vivo | Faixa Bônus,43,89,13,Israel & Rodolffo
88,spotify:track:6dtQM0CXRFJgD7ifUNosZj,Desandei - Ao Vivo,88,—,1,Lauana Prado
89,spotify:track:42nZBOwXNdO24Ml032bLBS,Gatilho - Ao Vivo,50,87,13,Matheus & Kauan
90,spotify:track:4PQ5AInr4YoBauth9YPduL,Ai Papai,27,90,13,Anitta
91,spotify:track:5u0iZ81Yf2L90FQLYQUiiG,Famoso Machuca Xota,83,92,6,Mc Larissa
92,spotify:track:2jZrMlMuTk1N3LJS8yQM6q,Carinha de Bebê,45,97,11,Ana Castela
93,spotify:track:4IjXsEmEJI6UhpFUmCPa10,Fim Do Mundo - Ao Vivo,58,69,4,Gustavo Mioto
94,spotify:track:1OZ4uv7OAP24Ix6j3vojLt,Casei Com a Putaria,47,91,13,Mc Paiva ZS
95,spotify:track:1JQ1ylL2JEjC6Ib7IJgOvS,Coração Amoleceu,75,—,1,Mc Don Juan
96,spotify:track:0VhG6qzFZo9JrHu56Wq7gh,* da Anitta,54,54,2,Mc Daniel
97,spotify:track:0P0k5KoLcxi0kf1jik4v8X,Deixa Eu Viver - Ao Vivo,97,—,1,Mari Fernandez
98,spotify:track:1cmH3nQCYgR8lmq1ZFAXcI,Alô Inveja - Ao Vivo Em Brasília,50,82,13,Henrique & Juliano
99,spotify:track:6ELMBm3lZFitAZp03GBBNG,Me Atraiu - Ao Vivo,90,98,4,Gabriela Rocha
100,spotify:track:4bT4Gbs7FA4cLyZeKtlGVO,Facilita Aí,4,100,13,Zé Felipe
