"id","genres"
"1puzPcrOHKTMQ6KTuYfqU0",funk carioca
"5K5J6RbtOXM5E39QQLhNKT",
"0Xe75LdkGXQ25N0kSsjBO5",
"75mhykEaDKr6pzcNuCWJFo",
"0hKp8L65UPQd5iWPo3cVqz",
"5b7N6Le7TXrNRdoTcqOLMF",
"18PzCN6SSqd7FcS21URnnN",
"5BbtxgCxQnqdGTZ50Z50JP",
"4jthJGVVXY7PUVXUvI56Ny",
"3DyjEI6EfW1JcJmBGtHiFq",
"4xcFNIVM3qTAXKmGRcBxx2",
"7LFu0rTIuaK4oxkm80nZez",
"6jJ0s89eD6GaHleKKya26X",pop
"0jD7VeE1m2SdHbOWeCtB9l","funk carioca,sertanejo,sertanejo pop,sertanejo universitario"
"7dzq55YG3wjViqexDwiycQ","arrocha,axe,mpb,pagode,pop nacional,samba reggae,sertanejo universitario"
"1HBjj22wzbscIZ9sEb5dyf","pop,pop dance,tropical house,uk dance"
"6KImCVD70vtIoJWnq6nGn3",pop
"50co4Is1HCEo8bhOyUWKpn","atl hip hop,atl trap,gangster rap,melodic rap,rap,trap"
"2RdwBSPQiwcmiDo9kixcl8","dance pop,pop"
"4A0TivfinfALCAMJqqjZIk",funktronica
"137W8MRPWKqSmrBGDBFSop","hip hop,pittsburgh rap,pop rap,rap,southern hip hop,trap"
"3NPpFNZtSTHheNBaWC82rB","modern alternative rock,modern rock,stomp pop"
"4I4iP1ZXPT2eLo3R4cBPig","axe,funk carioca,funk das antigas,funk melody"
"1AL2GKpmRrKXkYIcASuRFa","arrocha,forro,sertanejo,sertanejo universitario"
"4nDoRrQiYLoBzwC5BhVJzF","dance pop,pop"
"6eUKZXaKkcviH0Ku9w2n3V","pop,singer-songwriter pop,uk pop"
"4962T3pz7AkQQaDNVBbEXf",deep funk ostentacao
"3qvcCP2J0fWi0m0uQDUf6r","arrocha,sertanejo,sertanejo universitario"
"1elUiq4X7pxej6FRlrEzjM","agronejo,arrocha,sertanejo,sertanejo universitario"
"0QHgL1lAIqAw0HtD7YldmP","hip hop,miami hip hop,pop rap,rap"
"1uNFoZAHBGtllmzznpCI3s","canadian pop,pop"
"0VRj0yCOv2FXJNP47XQnx5","atl hip hop,melodic rap,rap,trap"
"60d24wfXkVzDSfLS6hyCjZ","dutch edm,edm,pop,pop dance,progressive house"
"6M2wZ9GZgrQXHCFfjv46we","dance pop,pop,uk pop"
"5pUo3fmmHT8bhCyHE52hA6",pop
"6xerOqBLmelL3xZNZkVbGl","sertanejo,sertanejo pop,sertanejo universitario"
"3J0BpFVUc9LeOIVeN5uNhU",r&b
"6tzRZ39aZlNqlUzQlkuhDV","dance pop,funk carioca,funk pop,pop lgbtq+ brasileira,pop nacional"
"6Ka3TKKRqhWwbmuxjhrmo6","funk mandelao,funk rj"
"6MDME20pz9RveH9rEXvrOM","pop,uk dance,uk funky"
"1vppDmG3i5sXf3DJzrK4T1","pagode,pagode novo,sertanejo universitario"
"6VuMaDnrHyPL1p4EHjYLi7","pop,viral pop"
"0C8ZW7ezQVs4URX5aX7Kqx","pop,post-teen pop"
"1HY2Jd0NmPuamShAr6KMms","art pop,dance pop,pop"
"4ZfTpxwHwtot9Ps59bXAF8","nova mpb,pop nacional"
"4iWkwAVzssjb8XgxdoOL6M","folk brasileiro,nova mpb"
"77AiFEVeAVj2ORpC85QVJs","edm,electro house,pop dance"
"1URnnhqYAYcrqrcwql10ft","atl hip hop,hip hop,rap"
"0EmeFodog0BfCgMzAIvKQp","colombian pop,dance pop,latin pop,pop"
"7Ln80lUS6He07XvHI8qqHH","garage rock,modern rock,permanent wave,rock,sheffield indie"
"3ECsaSd1fom8coUUkkFzqt",ritmo kombina
"7FNnA9vBm6EKceENgCGRMb","funk pop,funk rj,pagode baiano,pop,pop nacional"
"0Ye4nfYAA91T1X56gnlXAA",pop edm
"3a9qv6NLHnsVxJUtKOMHvD","complextro,glitch,glitch hop,indietronica"
"4mb1xtQVGSK5dh8AbtwBiR","funk carioca,funk ostentacao"
"7n2wHs1TKAczGzO7Dd2rGr","canadian pop,pop,viral pop"
"17lzZA2AlOHwCwFALHttmp","atl hip hop,hip hop,pop rap,rap,southern hip hop,trap"
"78nr1pVnDR7qZH6QbVMYZf","pop rap brasileiro,rap baiano,trap brasileiro"
"5SVFuUaS3BKAdJs6I8rVa4",nova mpb
"6E2st8OqIaS7PU5gj95FSE",pop rap brasileiro
"6hsjrcWvWqeIJaEUa9Fh3c",brazilian hip hop
"09U6hmCerKcIJrixubiBjm","rap baiano,trap baiano"
"21Z6OxfrB1jTI53TaDMm67",r&b brasileiro
"0obu7Om4zu9ahul5DI4JtY","brazilian hip hop,rap mineiro"
"1fcS44jH4wr0qwxSVdxWyX",pop nacional
"6U98XWjrUPnPtPBjEprDmu","brazilian hip hop,rap cearense"
"5WUlDfRSoLAfcVSX1WnrxN","australian dance,australian pop,pop"
"2feDdbD5araYcm6JhFHHw7","indie poptimism,pop"
"6IZ4ctovY9dl7bgHClAvKJ",dance pop
"0NGAZxHanS9e0iNHpR8f2W","electro house,pop nacional,slap house"
"2hqaYLpZg89K0aKGqEMSZi",brazilian hip hop
"5CCwRZC6euC8Odo6y9X8jr","dance pop,pop,uk pop"
"64M6ah0SkkRsnPGtGiRAbb","dance pop,pop"
"4kYSro6naA4h99UJvo89HB","pop,rap"
"6OpOg5HVCc8xVf7OVrd5Fk","brega funk,funk carioca"
"7c0XG5cIJTrrAgEC3ULPiq","hip hop,pop rap,r&b,southern hip hop,trap,trap soul"
"4gOc8TsQed9eqnqJct2c5v",k-pop girl group
"2kRfqPViCqYdSGhYSM9R0Q",pop
"2AfmfGFbe0A0WsTYm0SDTx",k-pop girl group
"0tRFWXqKBBQcu5oFVOgVzX",alt z
"4W6fwRbqEy1dfEoE6OCyZu",new french touch
"1D6vAeVUcgMbSx80IA3Zun","arrocha,sertanejo,sertanejo pop,sertanejo universitario"
"7KVJCU4z5L4EUHILL8aMxR","arrocha,axe,forro,pagode baiano,pop nacional"
"5ZsFI1h6hIdQRw2ti0hz81","pop,uk pop"
"1WQBwwssN6r8DSjUlkyUGW","funk consciente,trap brasileiro,trap funk"
"3rfM2cGqF6DB0kUyytMkXx","brazilian hip hop,trap brasileiro"
"0vLuOi2k62sHujIfplInlK","brazilian hip hop,rap df"
"6syQjkQSMIrzw5cFnNRheo","afrofuturismo brasileiro,brazilian hip hop,trap brasileiro"
"1KCSPY1glIKqW2TotWuXOR","dance pop,pop"
"64KEffDW9EtZ1y2vBYgq8T","brostep,edm,pop,progressive electro house"
"4DITWCDQL8b3VZTBYpNDR9",brazilian hip hop
"45Yz90pqjzEdJzpEQg1eII","brazilian hip hop,rap df"
"1MzXJ8AaHdidMAnjgcahS4",pop nacional
"3hteYQFiMFbJY7wS0xDymP",dark clubbing
"6vWDO969PvNqNYHIOW5v0m","pop,r&b"
"5p7f24Rk5HkUZsaS3BLG5F",pop
"3W10YNoIzqgJymjc5ULDzu",rap mineiro
"6eYFryfcEu3QSq59D62wZQ",
"6uW3jO0Wi5gBP0d5mrD40p",
"57Vnemieu10x71jR2UWc4o",
"7lpjzX5n0ka7cGEBi6xsKq",
"1T0F05F7TEo6QYr4vtGJdb",
"17TFSnqADESRM8BPSaM5aB",
"6dqohi36avY0M9urnyhITr",
"0TeVa4xdLB8vdzjsvKH6Ri",
"0veZkZPeWoJQ9gt6VAXlkN",
"3W3JovBaRZsYyIWY2FslWq",
"0nzfP49X2nrzmmkwZf180L",
"2FHS70d0Slskx7fTNkGRzF",
"6dS9sxlp4vf34zzi6TtQ8C",
"2PaZWGu5T5nHjY2xxAkFsT",
"4AVFqumd2ogHFlRbKIjp1t","dance pop,edm,pop,pop dance,progressive electro house"
"3b8QkneNDz4JHKKKlLgYZg","contemporary country,country,country pop,country road,modern country rock"
"4olE3I5QU0dvSR7LIpqTXc",modern alternative rock
"1oSgjdbgLYULVmEBojPRw8","agronejo,arrocha,sertanejo,sertanejo pop,sertanejo universitario"
"5pBMkZNIlbGTH3hrsQJqAa","funk carioca,funk ostentacao,funk paulista"
"0pcoadNMmvrUyab1RxWBoV","funk carioca,funk consciente,funk paulista"
"0du5cEVh5yTK9QJze8zA0C","dance pop,pop"
"6PvvGcCY2XtUcSRld1Wilr",neo soul
"1sPg5EHuQXTMElpZ4iUgXe","folk brasileiro,nova mpb,pop lgbtq+ brasileira,pop nacional"
"3FlCKtwOEYQQYyGVEbxG2Z","agronejo,arrocha,sertanejo,sertanejo pop,sertanejo universitario"
"5LHRHt1k9lMyONurDHEdrp","hip hop,pop rap,rap,trap"
"5M06IyTZgyRlWeNjazqsZK",brazilian reggae
"7gAppWoH7pcYmphCVTXkzs","boy band,pop"
"4VMYDCV2IEDYJArk749S6m","latin hip hop,reggaeton,trap latino,urbano latino"
"5he5w2lnU9x7JFhnwcekXX","brostep,complextro,edm,electro,pop dance"
"4obzFoKoKRHIphyHzJ35G3","latin pop,latin viral pop,rap latina,reggaeton,trap latino,urbano latino"
"06HL4z0CvFAxyc27GXpf02",pop
"59FrDXDVJz0EKqYg39dnT2",pop nacional
"6gLW5LlLEXdtWaS0EWfzaJ",sertanejo universitario
"6Y8pfJkEdw4EAST4g9C026","agronejo,sertanejo,sertanejo pop,sertanejo universitario"
"0Y5tJX1MQlPlqiwlOH1tJY","hip hop,rap,slap house"
"5MS6HieNmKxzkAM8amE8sr","funk 150 bpm,funk carioca,pop lgbtq+ brasileira"
"3nD4yj5ojI0Xts9fhWw8ui","batidao romantico,funk carioca"
"3k68C6mNMJL6OaAdWeW2ZF","arrocha,sertanejo,sertanejo pop,sertanejo universitario"
"1nca3OA1kKCpP6aPJcBL92","sertanejo,sertanejo universitario"
"0id62QV2SZZfvBn9xpmuCl","pop soul,r&b"
"7rXMvXRnWHaSwnVvPeUUfw","funk carioca,pop lgbtq+ brasileira"
"4LAFtDzlQM89xov636hMVv",trap brasileiro
"76Xa625geVw0Q7BdyxNjA2","funk carioca,funk ostentacao,funk pop"
"3XcCT5MPlQPWFTJyzXbfuX",detroit hip hop
"0xA8Rmfl9di0sVaPl9AyR9","funk carioca,funk ostentacao"
"28uJnu5EsrGml2tBd7y8ts",brazilian edm
"5YGY8feqx7naU7z4HrwZM6",pop
"00FQb4jTyendYWaN8pK0wa","art pop,pop"
"7xX15v6ahAkcT14kHfB9wB",k-rap
"2YFBOR9KIxC6WqHclkj9Yq","hip pop,pop r&b,post-teen pop,r&b"
"6Xg22wJOAcnvPUfk5WvODH",k-pop
"2OjoIDVPQKT9B7loZbPEfp","axe,pagode,pop nacional,sertanejo universitario"
"6tbjWDEIzxoDsBA1FuhfPW","dance pop,pop"
"0bg3fNpRQgZTCAg3Bseyly","deboxe,funk carioca,funk mtg,funk ostentacao,funk rj"
"06zC1Z0YDLeWPBLIEAkswh",funk rj
"0IVBT8qQNwvHLzOJL6kGpE","brazilian hip hop,brazilian reggae"
"1cYhx7ZOhYoVmnDPb9KMwo","funk carioca,funk mtg,funk paulista"
"2iK1rsbYstkSVn57M4s8ut","funk carioca,r&b brasileiro"
"23ot0eI6ByBW6LrlBfr2bm",trap brasileiro
"2cWZOOzeOm4WmBJRnD5R7I","pop,r&b"
"5YwzDz4RJfTiMHS4tdR5Lf","brazilian hip hop,trap brasileiro"
"2450WxbFxHjnttFAv31zGk",pop rap brasileiro
"5nP8x4uEFjAAmDzwOEc9b8","r&b brasileiro,rap cearense,trap brasileiro"
"77qukKzmdI5BeMBR7WGUrN",chicago house
"56mfhUDKa1vec6rSLZV5Eg",nz pop
"07YZf4WDAMNwqr4jfgOZ8y","dance pop,pop"
"6kaefrHSdAvxhhCVDFTCEL",latin arena pop
"26VFTg2z8YR0cCuwLzESi2","electropop,etherpop,indie poptimism,pop"
"0OVOH98bZTn0lsdL7MclGw","nova mpb,r&b brasileiro"
"3zhKxZr516VdNDa8v3oft2","funk carioca,nova mpb,pop rap brasileiro"
"5ZfBThYiIIhL7jHMG8gDB2","funk carioca,pagode,pagode novo,sertanejo universitario"
"6fs2or0cKLEM2xohWq8SoX",chinese electropop
"2FDaBZt51fOXh2rbHL8Afr","funk mtg,funk paulista"
"1mV9h1AwhRXSjBFcYpajgY",funk paulista
"4fBAsjJmj6lwaOuWS15stg",funk consciente
"4d175LvxCzxt5vHbJyv49q","funk bh,funk carioca,funk mtg"
"1XLWox9w1Yvbodui0SRhUQ",melodic rap
"0hWRVPGWjaXcEvg8l65Tx0","brazilian hip hop,nova musica pernambucana,rap pernambucano"
"2UMj7NCbuqy1yUZmiSYGjJ","funk 150 bpm,funk carioca,funk rj"
"5hPHLE5ssifxHX5bhK8iXR","funk carioca,funk rj"
"57FU7zh1oXdQMT4XhjSsHL",funk carioca
"3tJ9PkBOrG7hFkHeNM2tbw","axe,brazilian percussion,pagode,samba reggae"
"7ecRwFks8F2vYad383BkKf","funk 150 bpm,funk carioca,funk rj"
"4m5LghDfOKFZNEBZ0GO1OQ",indie curitibano
"7mOHrerbDSX5PbvTbuFAS9",brega funk
"3lT6gKD7eGb3dZRutZ3Jol",funk paulista
"6vTqEFbTtTRJsuIpzZgjxi","pagode,pagode novo"
"2uSwBbWqsXgoMYQjynmwQ7","pagode,pagode novo"
"7qd6KGoABHifvXKeFNe2Yb",trap queen
"1o2NpYGqHiCq7FoiYdyd1x","alt z,pop,talent show"
"1QAoT8rjnSPy5pXpu3yiHS",trap brasileiro
"3EiLUeyEcA6fbRPSHkG5kb","reggaeton,reggaeton flow,trap latino,urbano latino"
"20L3gYREq24KddkFreyiNv","axe,pagode baiano"
"3PhoLpVuITZKcymswpck5b","glam rock,mellow gold,piano rock,rock"
"606eWexxNhc6Mj0RuCxMA9","arrochadeira,brega funk"
"0fA0VVWsXO9YnASrzqfmYu","hip hop,ohio hip hop,pop rap,rap"
"5X5jKBLJ88Ji6tzwfL0g4c",
"6Ovxg5WDcnSQc8iQXv0IvI",
"3qm84nBOXUEQ2vnTfUTTFC","glam metal,hard rock,rock"
"0QHeVlSNj20H73pBvefBNZ",
"6sp12XzqjowOJNO1jkbXMR",
"3oo4KrgV0t3uqQ4e7jHHNs",
"0veT0fwV68EiAfkWWqRNFw",
"6xKZzLqIevrBxolUsY72ve",
"68RoQ83MT6FpsNJQwfMOWK",
"633d3XXJxSlkxnQfDpYwPW",
"1Po5CvMZ0cXWGS2bplQL1i",
"1UFLR3TTJAODTIog5FNv3e",
"1honjfWrOeLAymPLT3gZEV",
"6bM5REqN0So8716K9JGTfd",
"0aLzQHdUrOIrpwqQIGyLW5",
"08KQfADhvzZNtQnplCAIyS",
"3ZOpvSIzCBGbEeqiTcJxsG",
"1I5miROzH3MFMhRsphAvQJ",
"3I44LJGCaI0gSPPz3n16xn",
"57VQCKnZ9nhS7bvoviXuZK",
"0GM5Kxf1k00U2KzgFznWxi",
"57nPqD7z62gDdq37US9XJR",
"5h9joM2EsxToLaDG7XZM8M",
"2eKpDydKIHp3fkST2ZDB8s",
"6IRQqK4ODeABKC4kLRoiHe",
"0MU7bIngzZFJkLksK8Hh94",
"4anI4492Z1ogF7JJqCiI0i",
"2gx1zKYcIAUboisufcHkjB",
"5mBUw2lTWpPs3bMddcvoLh",
"2OMImVZQlaVtav9HoKxrbv",
"3S2rkkMBRzNz7urXkLjb6n",
"7cmuxPnXRJxwuYDHfbD8Eu","agronejo,arrocha,arrochadeira,sertanejo,sertanejo universitario"
"0jTDeBJQr3unrK29LklnAv","funk carioca,funk pop,funk rj,pop nacional"
"2TWBei99x2tV70bdYbWdAf","circuit,guaracha"
"00CMSJdbf36zOzKB3z8JrR",guaracha
"0cCNT5RyWndpS7Zx7ISEDw",guaracha
"2Cra8I2P4OnMkVguqZRVwi","arrochadeira,brega funk"
"07qgzS86XBNsyrY6MAVDAc",funk carioca
"28ie4NNTa2VW2QV4Zray8M",funk carioca
"0y7B2G0jNMGWyQJsOoRMUt",trap brasileiro
"25XJqeReVV38w0tR04GGBd","trap carioca,trap funk"
"6S2OmqARrzebs0tKUEyXyp","pop,post-teen pop"
"5RmXJq0g7MNmgtxXLGbd6K",funk mtg
"4U3o74Io4hwQPsm6iIj4fu","funk bh,funk mtg"
"7u9115faVQY8xNrCXqY0zx",funk viral
"2CKOmarVWvWqkNWUatHCex","agronejo,sertanejo,sertanejo pop"
"4YqwRbMLqGHRHLS1w2ZKse",trap brasileiro
"7saGN6a32YNpiMPo2SWJxE",trap brasileiro
"3prRKGJz16RRMRSIM97nHw",trap brasileiro
"1etNnR2SdlelBQAICa2Q5m","funk carioca,funk mtg,funk paulista"
"04QHNiih9ZesPvals6II1h","funk consciente,funk paulista"
"5kKzlgNRX8FgC6Bni5DNNC",funk ostentacao
"3Hew3AuvrbKxCbehT4Rorq","forro,sertanejo,sertanejo pop,sertanejo universitario"
"6bLELAmHgltNbfZBjcaRjS",funk mandelao
"70xKWQ1IGhrMV75N3OKcqA",trap funk
"1WXbiUMl1AT9Inb619xPUg","rap baixada fluminense,trap brasileiro,trap carioca"
"6v4PBIzRAGaLp43LVureQc",funk carioca
"1mvpEXClANunyiHFtAXCxt","funk bh,funk carioca,funk mtg"
"0oNOkdVXXFaWC9tPb7Ol10","brazilian hip hop,trap brasileiro"
"7Lmrb6KcIzfkmgbtokjsAL","arrocha,batidao romantico,funk carioca,funk mtg,funk paulista"
"2XbYkRNqc0WKV871nxnOno",funk paulista
"4maKTxhTIDEnWKra7wEIMR","funk carioca,funk mtg,funk paulista"
"1Bp5RHQ2K9k986YoxNvACB","funk carioca,funk mtg,funk paulista"
"5nkzLizeD93QtabjeK4oyl","funk consciente,funk paulista"
"3hq7WoPJsrRP0KMSLhUgRz","arrocha,sertanejo,sertanejo universitario"
"1U1el3k54VvEUzo3ybLPlM",colombian pop
"2hVWBpjLW4Q7fboYz2pVYK",ghanaian alternative
"48HORs6F9P7IgdyKrk4MZC","arrocha,forro"
"4TU81hdJFiCuzvaPsajuUo","funk mtg,funk viral"
"0PLUhcaPtfTkL6ckBw0btt","funk bh,funk mtg"
"0MlMFTEEEk0uSwI4hYSxrq","funk bh,funk mtg"
"6XFc29m1ptfUNmaa1UTuBT",funk paulista
"0dMxJWycjt9JSslipcs3J6","funk carioca,funk paulista"
"2zWqENF4cnsd1nLmraG9IE",agronejo
"7gJN8W0589FisSYJS17K54",pop rap brasileiro
"3xJ3stRn1VTzH0EgGmF4hm","deboxe,funk capixaba,funk rj"
"6exBFuevXZvHrbP3oKtfWe","funk bh,funk mtg"
"5jJWDuZUhCy7cP7BH6Thf0","funk bh,funk mtg"
"5cj0lLjcoR7YOSnhnX0Po5","dance pop,pop"
"1OwYxVDNKP9JtSpp5E0uA4","funk bh,funk mtg"
"6Dzh6uXgA0QKVg1eIWxdDY",trap brasileiro
"3TJGVUkSJzk5ZPixMFczZX","arrocha,forro"
"5mBzms8INTkASOeSDLvwoe","funk mtg,rave funk"
"5DwizTSMRuMOEM1ylVOUYP",funk rj
"1CbQrKvCpEnekM3QMGJtXK","funk mtg,funk rj,funk viral"
"1YOVBTvznjiDvtAj4ExHeo",brazilian hip hop
"0xRXCcSX89eobfrshSVdyu","edm,pop dance,pop house,uk dance"
"1rIc4yTieeRq25NA3T8RQ5",funk consciente
"78Y1NpgD0yMKoBetaYlUzS",funk paulista
"43DRDu6nLSeIedZ7T1A616","arrocha,forro,forro de favela,funk carioca"
"0dNyaMJp0r9zBYG86JgRDI","funk carioca,funk consciente,funk paulista"
"5e9fQ7H6ynkMPiZM2ADQDm",trap brasileiro
"0PNcEYeVDBqbywI00Y3ANT",trap brasileiro
"7v4hw85pzG0M9kJHlBGsi3",funk mtg
"2OTaGBs7DQkUYV63K7BQVv",rave funk
"5Bu531hmIZDhu7yEEmPHm0",funk mtg
"0IhzJFf4QBEz0ifqLwScKV",rave funk
"4PLdCloYxu2bMKfuuB9lI5","funk consciente,funk paulista"
"48H2LKju3qH1hMJhhnhYvY",funk mtg
"0aEDa47F4RWuk4Udm0SEoH","chill baile,trap funk"
"0xXEI1dXDaCOmkIPNYtPWF","rap feminino nacional,rap mineiro"
"4vU3LV354CpezI42tPRiVN",funk rj
"38KlCsh4vAknywZfVbJuvH",lambadao
"1SXhEXzOTF7YeuQX59m7pT",forro
"6j2S2PjYFjQdge0HPc4IRK",funk carioca
"4jxavP0DgDmPzx11P5HYxS","funk mtg,funk rj,funk viral"
"6WIjKbyqeO9MkfNMFJsF50",funk rj
"6t0Zo9vl0h5qUavwMjQPLz","funk 150 bpm,rave funk"
"6ydoSd3N2mwgwBHtF6K7eX",pop
"0iZz25uH5PLaShpqq84uYv","brazilian hip hop,funk carioca"
"57mkZiyi1RbNRp58F3RACm",piseiro
"1b8S7EPzdckRyIh0uSbOMI",
"4JBL9SoZVzV14jqKe77LGG","arrochadeira,forro"
"3roCHPNwTqMEBs3MhcQCeO",
"0VlljnadDEDOcDVGTFQE8T",
"5g1Ojx0MsvmNEjnVKGmHVw",
"6cBgK7jLKrcynjD5E6mKNu",
"5l8uNQWdIozojTbL2tzBa7",
"6akRUh5g0XiVQaZj6U23fd",
"5SholNdfQZrHBSrOJ6C34X",
"1m2ae8UiHCWhIARPw33Xhx",
"0p0wrJX8lQEIbxCHU7JzIA",
"6EjGbKRm2EruQW0ZAIKzoK",
"0YOr5sV4zMMyj5xviWiFjW",
"1szIIFdhWodOHfQUDn39ib",
"2f88CSOFEgN0ATmxgXaCTb",
"0xqfPNw8PlhGeWAucPrbkr",
"3UfwtvPZZea2HHwI23VtKP",
"5iR3NEmAFbIBa7v8y3fRbM",
"5AWdsNtZ3cFCrvGQovuPzu",
"0QTxqtxb1Ynangd0fpm3PM",
"5coW9ioCpvEYGx4v1nvWec",
"0nppFBXdpNggDY3LdjX29c",
"12ayBbABWnctytOKqQwMyr",
"7Bcxsb61NAnVziEUPVvbIw",
"6IlN4Mij49rPYznzeOMD1F",
"5ZN9qsKINzpikhHsCBvYpW",
"0ByBhGIqP8T6O0YZWnAMCR",
"5Rs4gTYf15iES8jXZqhx2L",
"1vzbmGlmb0yoO6drUgxm5C",
"0TfWqqSFcyuhcNnp5oL83k",
"6IARCys83hSamwkFJYAdj4",
"1IDgBR9gfIJOS5lB7SwE6W",
"5HevMdws455L9tIAE1nEwu",
"7Eli9jWjQ5F1d06clIH46R",pop lgbtq+ brasileira
"3l4fsEzoeabsET7ddv0lZW","funk mandelao,funk mtg,phonk brasileiro"
"0OYVtrqGQ97ub2QGLNbOql",funk mtg
"1K3wppIvsUK99HODkiNgeu","funk bh,funk mtg"
"0n57jUvvtDjkdrnbV7kOvB",funk mtg
"07hde6KjeHapJ75M3jSfFl","funk bh,funk mtg"
"24L3YrvlTuAzCPmZyiLTWS",funk viral
"4Gso3d4CscCijv0lmajZWs","pop rap,rap,trap"
"72ipMVQcFmP8kVnlHbcV3q","funk bh,funk mtg,funk rj"
"70Xuy7hYKF1SMmWsrIuwit","funk carioca,funk ostentacao,funk paulista"
"1boMFBiRXiba4RCcPs5DMm",funk mtg
"2DMQ1LeygTDGeyErwBwaeG","deboxe,funk mtg,funk paulista"
"3zvsV2QKvNELyByQFLSRou","funk bh,funk mtg"
"0JjPiLQNgAFaEkwoy56B1C","funk rj,pop rap brasileiro,trap brasileiro"
"6f6ccYxDNgsPCMemKceSY4","funk carioca,funk ostentacao,pagode"
"6Us5Zsn5MAHBk7SHBUsG5X","funk carioca,funk rj"
"26dSoYclwsYLMAKD3tpOr4","dance pop,pop"
"27azwwkxutWL1BWMkgNIh0",trap brasileiro
"48r1nXoaPXPSx1LoM0Rnzl",trap brasileiro
"6nZ39vMOOOgXQ471Jy5jhR",trap brasileiro
"5wEgjH2s4SAiffRmzkBqHB",trap brasileiro
"4dnPDc045bVjibyATxVUOs","arrocha,forro"
"4KDxYlnGZEiS60pAnfZf4W","arrocha,forro"
"37mqXU98U5GmH5ZDtlHM1c","arrocha,forro"
"5itNRAG8DPcD6Yrm1rFPLv",trap brasileiro
"0BMccF4OSgl180EzdVFY9m",trap brasileiro
"68PYmgkbRP1qZnEWOry7sB","funk carioca,trap brasileiro"
"4yGgbQJMq9orWypwqtdzYT",trap brasileiro
"2MUXvv3lFulPYMUCtNrEBu","deboxe,funk mandelao,funk mtg,funk viral"
"6bmZfABIjvLMAMYwujdjFy","deboxe,funk 150 bpm,funk mtg"
"6ZiGAU6TJQEyidFQ22eIOS","deboxe,funk mtg,rave funk"
"460m2YG30duLCuHwFdiLgX",trap brasileiro
"05qCf6M7E7AxizHVmrcPqh","grime brasileiro,trap pesado"
"1xezfhrRJTpRtYZPplWHcJ",trap brasileiro
"0lHB0Qc4pmD5RkTLlHeESo","funk bh,funk carioca,funk mtg,funk ostentacao,funk rj"
"1BrFcFtIp3ZqvuI5C0VcK3","funk bh,funk mtg"
"2sJi2UQrxTzhekQYGLxvT6","funk bh,funk mtg"
"6sCbFbEjbYepqswM1vWjjs","pop,post-teen pop"
"1mXaaMbQM3IYuhNWaZdFuE","funk carioca,funk das antigas,funk ostentacao"
"0vdcZzmneH0nK9CYFHQBjk","agronejo,no beat"
"5kVgcCdPbeUwxBqWxi2Ktl",agronejo
"10fWVVVG2zx5VMJPL4N8wC",agronejo
"7gXnv2nAoF9X0XJQ3AMp7d",agronejo
"1b3ausgCrK4oN5Apv1GAhB","sertanejo,sertanejo pop,sertanejo tradicional,sertanejo universitario"
"68YeXpLt3jB7JHQS5ZjMGo","trap baiano,trap brasileiro"
"0nFdWpwl7h6fp3ADRyG14L",pop lgbtq+ brasileira
"1a3fr7NdeBT4JlGj6YlbDL",trap brasileiro
"5cPFz5IHZH7LE8h2DOuhDA",brega funk
"7jVv8c5Fj3E9VhNjxT4snq",lgbtq+ hip hop
"2s1GtomGAJ3fnqQBkUXbIL",funk rj
"6WRpFyCGbRCFl3LGARktzd",agronejo
"6aoGgTKGqtsjj48ymcNs4Z",funk consciente
"7BT8x82CjBZUjJy6xj1G3O",funk mtg
"1J8pZCdGoz8iM2BiTbykWj",rave funk
"3nFkdlSjzX9mRTtwJOzDYB","east coast hip hop,gangster rap,hip hop,pop rap,rap"
"3HqSLMAZ3g3d5poNaI7GOU","k-pop,pop"
"4ttjWi3eElnVE8qPjqhj9x",funk rj
"1CbWrXtZpVnkN8cstE2VL2",funk viral
"0ebNdVaOfp6N0oZ1guIxM8",k-pop
"2h5Ha0ZiMFmOQD3iYcSXsy","trap brasileiro,trap funk"
"74rzyUJxQzZ7YoSdsuzXvS",funk mtg
"22RXQj1gd5zEbcRjdxiJbu",funk mtg
"3LZZPxNDGDFVSIPqf4JuEf",bronx drill
"2tIP7SsRs7vjIcLrU85W8J",australian hip hop
"5YZEcrC3yHeiZ1bBvwKRUF",brazilian hip hop
"76hYPcWML9NGEh8LashwT5",trap carioca
"3CGLLDfrPjF2FJ8HDCKMMv","sertanejo,sertanejo pop"
"1tnx55teqOt1cV6IlKcgNs",rap feminino nacional
"1ZzJx2AgPmbnOE6OXhnn5K","detroit trap brasileiro,trap brasileiro"
"1EMUjMLPKwHMe4tgY2szbF",plug brasileiro
"3lIU3RoZiHen1QXAQ3KQ9e","trap brasileiro,trap funk"
"1Zl5Ac1YyOHBkJKInGxbaS",no beat
"21ELc2P2rA3Cu6xw3VWqvv","funk consciente,funk mtg,funk paulista"
"0ghlgldX5Dd6720Q3qFyQB","k-pop,k-pop boy group"
"6YzSM19LzpLH0nVKKU6Jsy",funk viral
"7I4OIWw3Zm4lUmt2QHnz30",trap brasileiro
"1RdD4CJBoJIEo0vOogJCCF","deep funk ostentacao,funk carioca,funk ostentacao"
"6HaGTQPmzraVmaVxvz6EUc",k-pop
"0gHj4MPwwcZ8Zl9CY0hqT5","funk carioca,funk rj"
"2879HZwIGp09pCeg5CGuna",funk viral
"64DTkZLH6KkkMwZEEZ5VWC",
"3FVZlbowUWV4h0nKFKVb0a",
"7KEZl3nvHOJaaLZUo1wLwc",
"3Og0gjJyLFUdqIYzXxq6T6",
"1wT33JDD3YLC0fqFnsWo9F",
"3z1hkcmUuBH6lmB91l73MC",
"58zckWmoqAOoqPtZggJ9OZ",
"1hKoauICyrx7JojasOI1EU",
"2rb4yUz7taAlwIu5hobMv4",
"0KcbRunfjZHfwEnEgd1Dy6",
"1rRhJIu1ufxCjbmMWon6ax",
"1GYx2LBI5bt0xRUpvdGYYt",
"6XX6KGpomRDPmGGm7bofCK",
"7IOSPo9oGCLWtDEZtmxgTi",
"4J2dAJV1pnSqZIXUhN9615",
"39QiJaZ1HzRcpY9xlMKCsF",
"3UN5sCtgFEyrkxMQ7oFUKk",
"6cX9Qyl1Ug5lli2y2yBm52",
"3mmlFKPzrG0ZGYneLDt1Y8",
"2XKAwrTieZHEnU6mgALhgN",
"1joea7bjTfUwH9ywyXGjgR",
"6tWD8u5kp6Fab82ziFL3mH",
"0liNK1NH5Nr1VSGUhwLA4z",
"6eAy4nN6UvzDb34zjWd54q",
"72FJTmBqUIZKXs7HkBN0yi",
"14IIWGbDqOjAFpxmOoEsmt",
"2ArneQH6ESNYdlFL2D5oO9",
"5qp8TAAiHI3XMSD53FVPaG",
"7jqVVRFgBPvHWLnUwfRF6C",
"1An26e0sz6wDS4NvEgWB6W",
"6fGH2Qk8eKAcvEU1nHOi8x",
"2BUCvMiMXfeacgCy3saqs6",
"4XKaUDBk0BdRMqp2m06fXL",
"3de56pt399CWcGlNa7kB5N",
"44Eoyx3pVM83sgqDzyY7sk",
"0d1QBQ39OeRIO5jEqyYJmu",
"1f0uTZ6roXfWpYsN8V1QqM",
"269SFZr8uoaZhf2KH1mQ02",
"0prVcHClgriabTlRTSha2j",
"5B1BR71Q9cBvvoNocPSHiL",
"5Llx4U4MgdWDvK34NpNUyi",
"7M4wGNG2NYHUBFHOMKeg2V",
"2rXlweX6BgtjMXbvKJbSbE",
"3EXK7XPU63iv5wKtHGnzaA",
"0By75sLZQ06mWyzNiSdLUB",
"4VZY0nxYMSNotbS7WjNVQy",
"6sW5k31iA8sTy0i2goUKF9",funk consciente
"5qyPbwqvOEp7FvR1EeTQQ2",funk viral
"5XEiZVyQHpIDjhkIBbpf2G",trap carioca
"2ippo8G3HMB1qEEJvkj8PT",trap brasileiro
"6lpzj8HzoVgeA24NN1GnPV","deep funk ostentacao,funk ostentacao,funk paulista"
"2MKq3nQOfCRUwxtmmAOpqR","funk mtg,funk ostentacao,funk paulista"
"7Iojib0lifaGJnw2oip1pu",no beat
"6qqNVTkY8uBg9cP3Jd7DAH","art pop,pop"
"0uGWkZRPp1Urk77XBrPBsZ",agronejo
"5arfYeRczWtKre7ptGoEXp",trap brasileiro
"6TPJK8tv3AKKSsw0lENTQk",trap brasileiro
"4Z9aFsrQeXQbKIOryEkfqe",no beat
"4IEFTmI2K5xj488kIn268F",trap brasileiro
"46SHBwWsqBkxI7EeeBEQG7","florida drill,florida rap,melodic rap,miami hip hop,rap,trap,trap latino"
"0ErzCpIMyLcjPiwT4elrtZ","memphis hip hop,rap"
"1oSPZhvZMIrWW5I41kPkkY",k-pop
"164Uj4eKjl6zTBKfJLFKKK","modern indie pop,pov: indie,singer-songwriter pop"
"7hLjkyL9Pz9xtQNahzJZki",pagode
"3CIIaeZuFYrAD6PRVyuO4U","arrocha,arrochadeira,forro"
"1oBkccDqIDMTntIIHKlJBp",trap brasileiro
"0xEdwBYYjxw6wk179Tq2sJ",rap cearense
"3Ie7tlw7AZSqd9GNFjCRAP",funk mtg
"6JX06TYY9weAIjfnzFWqZL",funk mtg
"0HvttROjoLimYVYCrt5bC9","pagode,pagode novo"
"6R26kGib2ubbZJMh7kKVGV",latin tek
"6MSMZkBlZT4vhQmjO5Ynv3",funk mtg
"69o8iufFnvKcM2HcURIkbc",rap mineiro
"03evdtQP9vcuqdDU6hOluN",trap brasileiro
"59gFRpopXIytwMDYDggebp",trap brasileiro
"5s27i7oqhNWIcE4HeoVdq0","funk consciente,funk paulista"
"0DfaMTk8VkJ0aWFSyEtdwi","funk consciente,funk paulista"
"0jLROJ4FhMIKMF9XzlR5IZ","agronejo,sertanejo pop"
"6Wlvsn3IPHiZwAv02lB5eC",agronejo
"1LIuN7ov1IBQDdLsU83ojl","agronejo,arrocha,sertanejo,sertanejo pop,sertanejo universitario"
"65bbpBkkAHZOAwSYE1pKpk",deboxe
"3rhakTNPxErgnHr3q6hUmp",deboxe
"2qOkka1IztYKtVxyIUdwbr",deboxe
"0f1IECbrVV952unZkzrsg2","funk carioca,funk mtg,funk paulista,funk rj"
"7tojcuXcZ7eBlQjbAc65Ee",trap brasileiro
"71LRKKvAjoc6LyNmob269Q",no beat
"7gZu6kPnY9enEi5FvgTO4F","sertanejo,sertanejo pop"
"0Rrl4hJQjRAbGtiEwAqS5N","axe,pagode,pagode novo"
"0SPHfj49UeOgHKwSYcn8xZ",sertanejo pop
"65ZLHgyZxmEMcWFyyeNkjF",brazilian hip hop
"4zCVTLvRnKYmkVyCxfV2ny",pop rap brasileiro
"29OyPpZR54SPGzG4YmQ8gY","forro,piseiro"
"45MLFvHRAGIOvnslTnzS8C",forro
"2Q5VrODXSCgdp1UxJWAZbc",no beat
"4JNo6Q5KdcRf1vtSX9mB0S","forro,piseiro"
"0BHm7qbh3ENxvXzkQAG7MP","agronejo,arrocha,arrochadeira,forro"
"0xmajCb4YjWW6pRLcmQkWO",forro
"30Hiyu8fW3upjYdoXoXy8i",trap brasileiro
"3AQ1kwnzBdMEHNmkJOKHeA","arrochadeira,forro,piseiro"
"7KdmibNmW5J0q5YtGnJqQ8","arrocha,forro"
"3VZXmYrB3MxMfTZKIVZA1J","axe,pagode,pagode baiano"
"5K8Rmjmf4RZFffz94EmBRt","arrocha,forro,forro de favela"
"76NC6up0g0RCsGRma5lwrI",funk mtg
"19JY4BpaJkAlSR4iDxB1MX","musica capixaba,rap capixaba"
"2zGf6lwQ9PxXdoeo5XXP2K","brazilian hip hop,funk carioca,pop nacional,sertanejo universitario"
"1RyvyyTE3xzB2ZywiAwp0i","atl hip hop,hip hop,rap,southern hip hop,trap"
"1l8Fu6IkuTP0U5QetQJ5Xt","girl group,pop,talent show"
"3JhNCzhSMTxs9WLGJJxWOY","pop rap,seattle hip hop"
"4utLUGcTvOJFr6aqIJtYWV","piano rock,viral pop"
"0uGk2czvcpWQA383Im6ajf","alt z,dark pop,pop"
"0CEK8AzyeD5ZUdUloB6yQV",pop edm
"0mKfkzDXQzYEa1qXH6AAWf",brazilian edm
"738wLrAtLtCtFOLvQBXOXp","dance pop,edm,electro house,moombahton,pop,pop dance"
"374sWpAJsbZckf98df2jJJ","afrobeats,azonto"
"0CjWKoS55T7DOt0HJuwF1H",gauze pop
"0TnOYISbd1XYRBk9myaseg","dance pop,miami hip hop,pop"
"6P6fVBXZjnqdgq2z2b8WlO",complextro
"3aANIxbg5GNj2aGxxpg4Mr",
"1uU7g3DNSbsu0QjSEqZtEd",australian hip hop
"48Oxa6B9euthfl9VTQsArN",
"7hw1G1LNEb25ticRiy6ZWK",
"3WhKStgXqBomTpLZr6Q07a",
"4JrSPyzLVPKQlEHHpqt4c3",
"09bMYbg60r42iQsG8afMnA",
"7qPLO2XOUaRrRxkvLZ3AEK",
"4EcY2W9Ve4PPpbSe1ILOdl",
"1B5n6jsxvFldc6Nq8Wx8VJ",
"0MwoAGUkTS0E1spoSOtbXd",
"5UjifI1TYefXWn9GdqDOHl",
"4QZjx3AfLqJhGYkmWAEUm7",
"2q04a37NLffQ003EhtOjwx",
"7GlAYFuTPHWxfieITHslOU",
"7hMFtszM1RGcIy5HVg643H",
"2qO980bLuBOI3XFp0FyuOW",
"0HTe090uRvK2wjx8rdIOl3",
"5ltK3eeQBgVitzvCh2bJpi",
"0Kq9Zv9dZ3tbePa9QqoXEe",
"2Do8w43Dk5YRoTcgStCltQ",
"5xcDWx5ijKmZyxlgbtcK0C",
"38Yog5iHQZZ7BCeR7uvudl",
"2wx6CMJZtsVGvyMngwkoHs",
"1Z3YNZcUqXypOajb1Y7naJ",
"6JyfXyzoX303xiXFwhT9Za",
"72DK3UxDm7IOR9jCwnZKEz",
"3ge4xOaKvWfhRwgx0Rldov","brazilian hip hop,funk carioca,funk ostentacao"
"7q1aEytv83jXNECmyaMhgn","brazilian hip hop,trap brasileiro"
"7bNqXqIrIfwJnipx7oGeU4",brazilian edm
"14D0I0RYqvIorkPL2EWoQh","funk carioca,funk ostentacao"
"64TmPY6gR7164wIueE4vo0","funk carioca,funk ostentacao"
"57WHJIHrjOE3iAxpihhMnp",pop
"3hWuWrOOgSCDkP5iqEHxMy","sertanejo,sertanejo pop,sertanejo universitario"
"0TXfVIHlCROnWuH89PfnJj","brazilian edm,brazilian house"
"69GGBxA162lTqCwzJG5jLp",pop
"3RqBeV12Tt7A8xH3zBDDUF","contemporary country,country"
"4kqedTxyE5EDJWLLplYXpu",brazilian hip hop
"1E4r5qziZja6v8jA7iTqjn",pop nacional
"4qn9aKmT3CaRVPWnlTQCwX",r&b brasileiro
"4r6d4drhz83kHCRVJnzgdr",brazilian reggae
"41qil2VaGbD194gaEcmmyx","hip hop,pop rap"
"1Ejjxuav6kpsSyb6QIhjHa",brazilian edm
"2FrLTuXGuFDzQsjKidB03W","agronejo,sertanejo,sertanejo pop,sertanejo universitario"
"0eecdvMrqBftK0M1VKhaF4","boy band,latin pop,reggaeton,urbano latino"
"5veVxxPm1vzgi6pO2iVA8L","brazilian edm,pop nacional"
"4V8Sr092TqfHkfAA5fXXqG","latin pop,puerto rican pop"
"6WY7D3jk8zTrHtmkqqo5GI","classic texas country,contemporary country"
"4lDBihdpMlOalxy1jkUbPl",pop edm
"6BXiBj4eAZsiynbcmSRHUs",pop lgbtq+ brasileira
"5wz306kfhCBTtqb9wuILIt","funk carioca,funk ostentacao"
"2ZZuZ6UcrdTleUPtc0rwBI",funk mandelao
"20JZFwl6HVl6yg8a4H3ZqK","modern rock,pop"
"7bXgB6jMjp9ATFy66eO08Z","r&b,rap"
"6mU8ucezzms5I2kNH6HNlu","post-teen pop,talent show,uk pop,viral pop"
"1d2PrJ5wELpihT8yrwH4mO","funk carioca,funk mtg,funk ostentacao"
"3shPgAzHMyRwWOkXeoWKeB","batidao romantico,brega funk,brega romantico,funk carioca,pop teen brasileiro"
"22jNvLBrXGKr4CcV2tw8Ag","arrocha,forro"
"3jZHKeRywmm5JiVw5uWmQv",pop rap brasileiro
"7Ceg1mJmu4lAzuhQU9hQFJ","brazilian hip hop,pop rap brasileiro"
"01JSyuJJh1WCHIuM3Zx7hn",nova musica paulista
"7ltDVBr6mKbRvohxheJ9h1","pop,r&b en espanol"
"1oMiDFyAgmIzw9ZBQYHOJI","deep latin alternative,musica canaria"
"3vL5YvNXI8BDr7foh27rzv",forro
"06lnOkY99sXVW44Y0M4BDP",pop nacional
"4cdyqaBREB68H77QKCrKP1","brazilian bass,brazilian edm"
"1GEoj0CGGUFSqnDepUa3o9","arrocha,forro"
"18RtsuKFWko5JfeMsIi0YP","arrocha,funk pop"
"6jYkuWzgw8pGto1JFI0RNT",funk carioca
"41MozSoPIsD1dJM0CLPjZF","k-pop,k-pop girl group,pop"
"2PhFsxtwCQLS3e9SJwDN3j",rap mineiro
"0XQgE2Ae0pemGE2zAh9ljV",brega funk
"09EYYUcfEDOvj3D5f45L99","funk 150 bpm,funk carioca"
"2NMYOlZHIEsSq7pp5jBjic",trap brasileiro
"2OKT3UlyCvDefb14iq4E71",chill baile
"1TAiyn19RP753HNE1cUbq8",sertanejo pop
"2AdUWxNm17kkGZiPGuorth","arrochadeira,brega funk"
"0GM7qgcRCORpGnfcN2tCiB","pop reggaeton,reggaeton,trap latino,urbano latino"
"6LWehyU6oi1UVgwp2PhVEZ","pagode,pagode novo,samba moderno"
"41X1TR6hrK8Q2ZCpp2EqCz","canadian hip hop,dark trap,meme rap"
"7KO08sObbX1IHeiIR9b5NB",pop rap brasileiro
"36SRwzRkX5zW3ABjJrevqX",brega funk
"0e68cnJyUTJu1nEuxxMSLm",funk carioca
"6PILkXbgkMh4nUUl6Ov6ON",rave funk
"76JV5kzmRyAtP4cmMgjMZi","deboxe,funk mtg"
"4gzpq5DPGxSnKTe4SA8HAU","permanent wave,pop"
"1McMsnEElThX1knmY4oliG",pop
"2WgfkM8S11vg4kxLgDY3F5",viral rap
"4G3B4Z3ipxgw6DIrdFd04n",forro
"30qXkHd2Thmw1wqJvgRa7o",funk mandelao
"0DLHvj99Ne31Ockr6koARK",pop nacional
"7mFKwJmv39xvJc8Gtr227g",funk consciente
"0O5Okg6jlyviFAxWxHzgDM","funk bh,funk mtg"
"3xIDIb8awFTVp48OtoKEAW",funk viral
"1WmcR9CzK9NuKE0vB94PAY","funk mandelao,funk viral"
"4QQEsGPD4wmoh9hIsKkQuN","funk mtg,funk viral"
"007FXgr0jLBJxhPJjacXQH",forro
"14jVHWj9dqpLhs8hHEMnyJ","funk carioca,funk rj"
"0bzyhFojsIgDceZ4NQK9pY","funk bh,funk mtg"
"0ukgrNYk51TkMQr0f2Br4Q",irish hip hop
"1CoZyIx7UvdxT5c8UkMzHd","r&b,uk contemporary r&b"
"3drLodjKeTMvZMvx07Q3Ku",deep breakcore
"2nm38smINjms1LtczR0Cei","pop dance,uk dance"
"2hlmm7s2ICUX0LVIhVFlZQ","atl hip hop,melodic rap,rap,trap"
"2v5eqze59fqRes2e5QVGhf","axe,pagode,pagode baiano"
"1Qp56T7n950O3EGMsSl81D","hard rock,metal"
"44AXaX2aJKSQhMxVTtNb0s","deep funk ostentacao,funk mtg"
"2fzhICndlL7ikUtUqSmlFq",rave funk
"59QeFVjDVrtm42TTVs4ZR0",
"656sFhsnTuJ79P7apmFSVc",brega funk
"4ETNIYvsn5m3JJeLJG9RoU",
"3H11NVxDFzLRBcTcEIrfeH",
"048eLqPGxqWk7PblwFmXgE",
"7b5xQYXOGADyt95myhrJZ3",
"0mCLY8Z5X5H9mNsu9pQ7mY",
"65gA1Fzv5EBpFqOezGLupY",
"26L8m5uIaOJCe0RgMMX3RP",
"7gF4lCtHJnQwZC24D8AaM5",
"4fCTwWqQITi3mPswut2wF7",
"7w1eimo0NMZhuwNZTf4MHY",
"0X7BxMRCyABTrHo168C09r",
"3ymF57lFWXJswhYvjC9O6G",
"1tPQcKxMrvf09Ry8zk68gt",
"48OIkMByRxvJ6bxHrnCwLS",
"3qjoOrsHcxhgKyBsh4ZOEn",
"0SmhJO6Nt4XdUaVwycMRn3",
"4Fdcah41ppKa37zPM0sA1h",
"0zbO4WWM2wJM3ulFmCbMwB",
"5dLqjc2m428QbostsKrUYW",
"0FMBXfGasuAjdpsCs7zgju",
"0aUnOozGoBOVn8guTaU2qK",
"46NHIGaIM5YNY9Wu1kIqvP",
"3O4oCrI8bsnuk5X6mrjjb7",
"33FuWNdIxHsUr3TrXqXwF5",
"26u3LeVpw9EOQLkNVX6NUj",
"6kS3lGSFbGHJbvsnD4MRl1",
"6NHJLHGyF86wd4DT8fNqD0",
"1S2Wiv7Swqnnvp1ktoWaul",
"3joq445M6f168kb3mkp7BB",
"5XUMgbLR3zyRPesnTQY31C",
"1cGv87hgCFMw4H4pG65t7K",
"3TNpNnN7Y8QhtJJnQ08YeF",
"66mL7YE8rG9eCu4QgM64m4",
"2tz0dkPlnWB4NcHNIqWPgh",
"0KjEperrzm0FRTsxnH9xv4",
"6dtCa9SAZHuEJunPGRrsOT",
"4AUugyBbC7wnwh6zF2kg5B",
"5deLgmgAEgy8UHOfJ9Dj8w","turkish deep house,turkish edm"
"4NHQUGzhtTLFvgF5SZesLK","dance pop,metropopolis,pop,swedish electropop,swedish pop,swedish synthpop"
"6cK3NBO6uP7hh0oyuVELFl","cali rap,trap queen"
"7cYik4OyfBXYV5Z2TI7p90","colombian pop,rap latina,reggaeton colombiano,trap latino,urbano latino"
"7evNwWIec7shUErOTwAzk9",funk mtg
"1r4hJ1h58CWwUQe3MxPuau","latin pop,reggaeton,reggaeton colombiano,trap latino,urbano latino"
"37230BxxYs9ksS7OkZw3IU","reggaeton,reggaeton flow,trap latino,urbano latino"
"20wkVLutqVOYrc0kxFs7rA",canadian contemporary r&b
"1cNPXWhKfjI0fT5EMCnamR","arrocha,arrochadeira,funk paulista,rave funk"
"3whgFbrRxsOmYVrq3t4hCY","arrocha,arrochadeira,piseiro"
"1tKrZaph4cLsnEdqC5BNEQ","agronejo,arrocha,sertanejo pop,sertanejo universitario"
"4pnp4w9g30yLfVIAFnZMRd","pop dance,tech house"
"1c70yCa8sRgIiQxl3HOEFo","atl hip hop,girl group,hip pop,r&b,southern hip hop,urban contemporary"
"7gIeuq2qBfYhO1budb6TSQ","arrocha,arrochadeira"
"7qbMZFoPRwWU9m3Xi1KV83",funk carioca
"27X8WM8PeEiVmhq1JoFMnD",funk mtg
"6IcnhoOZCRfWT8viBrredL","funk bh,funk mtg"
"6ulkDr2Bnu7Qlbrs5iDOF1","funk mtg,rave funk"
"17CbKzT0I4256iVuPvrZXr",funk mandelao
"3JrsRa8z1Pngkkf4pDrokD",funk mtg
"62aZgEriKUCni3x4j55BGF",funk mtg
"5CiGnKThu5ctn9pBxv7DGa",pop
"0g4xsygciHCrujQzdXUudC",brazilian gospel
"1A5kGvmKIVtX7NhcbtTZJY",louvores pentecostais
"6l3HvQ5sa6mXTsMTB19rO5","conscious hip hop,hip hop,north carolina hip hop,rap"
"3i7Bn2SoEkRVEGkdz9o6Yu",funk rj
"685uhJgfQlrMNuarOzgyea",funk viral
"0NB5wv4kn6A919CLHUKRmk","funk bh,funk mtg"
"0kj68SnX4WCXwveyBbRX8p","funk bh,funk mtg"
"5uYe4bcAXlMP7d4mrOYkML","funk carioca,funk mtg"
"6i76Njw7mW2TtsQIRVsqAG",funk rj
"0wopeyG3WHLoKcmrFD2jrY",trap carioca
"3AA28KZvwAUcZuOKwyblJQ","alternative hip hop,modern rock,rock"
"5ZyT4ZJtpQdihQ7MTMTluE",trap pesado
"4tfQzFEhNTBnKUrYueeLKX",trap brasileiro
"70dP66OT4eq3soksc1syUs","funk bh,funk mtg"
"2eK9gcJQ6uqVvJL63dnOM3","sertanejo,sertanejo universitario"
"3JOwYU8Yv0wCe18FFanLEK",funk rj
"5Pwc4xIPtQLFEnJriah9YJ","piano rock,pop"
"6iUG0pMyifNBudO9B1s7cD",funk mtg
"68cvVh3HBHdwWfccCTaq0T","agronejo,sertanejo pop"
"4V8LLVI7PbaPR0K2TGSxFF","hip hop,rap"
"13VVAjO14WSrctkGL7U3xc",funk mtg
"6EQ2GT80A1oXZarAalUWNE","funk 150 bpm,funk carioca"
"46pWGuE3dSwY3bMMXGBvVS","afrobeats,nigerian pop"
"4cdmVPqOs2GXPoP4qJHJXv","funk bh,funk mtg,funk rj"
"5uD6uRKj2xYxpqx8bscaco",funk viral
"3Xt3RrJMFv5SZkCfUE8C1J","alt z,pop,transpop"
"4fdCGYM7dtJLa3LvR1ccto","adoracao,brazilian gospel"
"5Dz2FizMLqV0Cr3c8uhEcF",funk paulista
"70l6HIf0rz8ZMQCW5qK6QI",sertanejo pop
"0vsVZPe7ziQLQ3eqwUTc4H","sertanejo,sertanejo pop,sertanejo universitario"
"5tJOBjBtoHgSp1x7iYWsPP",sertanejo pop
"0QdXxGxexr3JA1bR48eXQy",deboxe
"7F7k9SfoWysUn9SIIwy96n",deboxe
"1HJO94rJDdIYO6hoj4NU3b",deboxe
"3GqXVw652gT1gSj8B3P27Y",deboxe
"1N7kfPBmqOQFi3tQNHpX46",deboxe
"5a011kcpWX7riRZtSIkP0n",deboxe
"0fVY6ib28shhHeWonJ3nDQ",no beat
"559vxOLTzlAv0zB77JMcdG","manguebeat,mpb,nova musica pernambucana"
"6dYz4qrbbjN68JMix228lD",forro
"0PdTHXvqmbWdzAYqjPnINn",forro
"6sFRadg88wiacDp0uIQ6VW",pagode baiano
"3OBkZ9NG8F0Fn4oNpg0yuU",k-pop
"4yLJVAYJPwCbhmmRMUxvk3","rap guarulhense,trap funk"
"29bg2tYJCCyiuZdbsc9mFh",brazilian edm
"0eG7BXt40ztpJQ7nUOYvg3",pop nacional
"3uCu2WgyG0Iw50ylOYDSpH","mpb,nova mpb,umbanda"
"2w9zwq3AktTeYYMuhMjju8","dance pop,romanian house,romanian pop"
"6a9WLQ5NsIV7U2qB16uFWD",nova mpb
"6gqBZ0kAjgVLsZQKkHcaB3","funk 150 bpm,funk carioca"
"0OLpdla9YvZOtlPnQkXScl","trap baiano,trap brasileiro"
"5fyDppLDl1juIu1BcUT5zh",uk dance
"0ZED1XzwlLHW4ZaG4lOT6m",pop
"2qSEpijpT3YSXgxcXac1ly",
"15NtJjjHRFybdNSMyM9smT",
"5AJWGh9NGtTwzTCVq7zFbe",
"4q3N2WZiTq26rLMdpIGRgP",
"3lQvg5w1PYUH7HzcbTBsLu",
"7kUbO9TQchk9kF6nvfhOcY",
"3jwlPv4dziZosl1qZ44ylz",
"6aI1hAdb3IC4JNgYJOsVr7",
"3dn7kwlWC7zHZ3yBsssXf0",
"004h2uqVUpmOuz4oY6aTqw",
"5PrbEnp9LJ9XWbpCdZqipM",
"71WKCzdb2UljETpDl2o9Up",
"1D8g0sSx3lKf9qZeFhYBku",
"63W02eshTwySpJjkeiMDEA",
"7dUNKhz7HdxExteqcREGLi",
"4WMYNh2etFJTSIOMp5xT0K",
"6GX3y0u61X0EHZZogsQFbL",
"0n9VWli2NkR8OqJS4dXTqw",
"4KETaPlGYZiaOhhpqrTrrg",
"5nX28sEyu1TH2jbYmSD82b",
"5EehXjjMktLuJmbRsM7YfB","house,pop dance,uk dance"
"6V3F8MZrOKdT9fU686ybE9",british soul
"1zNqDE7qDGCsyzJwohVaoX",pop
"5X1JzPIIonP3u9lA580pPT",canadian pop
"4kYGAK2zu9EAomwj3hXkXy",uk pop
"4sTQVOfp9vEMCemLw50sbu","dance pop,edm,pop,pop dance"
"58lV9VcRSjABbAbfWS6skp","glam metal,rock"
"13ubrt8QOOCPljQ2FL1Kca","east coast hip hop,hip hop,rap,trap"
"6LqNN22kT3074XbTVUrhzX","dance pop,pop"
"0hEurMDQu99nJRq8pTxO14","neo mellow,singer-songwriter"
"4laQz4PaKeh2Hu6QL6evVD","brazilian rock,mpb,nova mpb"
"6kXm2YCtdUOpRYNKeKhfue",hollywood
"68Uwx1d3EbjDJhYsLjqvIq",hollywood
"0l82Lk1LX5X2qqYuPSXTuf",axe
"4HF14RSTZQcEafvfPCFEpI","arrocha,sertanejo,sertanejo pop,sertanejo universitario"
"4u5smJBskI6Adzv08PuiUP","alt z,electropop"
"2FwJwEswyIUAljqgjNSHgP","electropop,uk dance"
"25u4wHJWxCA9vO0CzxAbK7","danish pop,scandipop"
"3JXpwnHbLvXxY99EuXqFPX",pop r&b
"5iNrZmtVMtYev5M9yoWpEq",pop dance
"5mXYWM38dlAs01e3XQEtma",r&b brasileiro
"3YQKmKGau1PzlVlkL1iodx","modern rock,pop,pov: indie,rock"
"3hO9no9q7NErmoSlsAjJ2r","funk carioca,funk pop,viral pop brasileiro"
"3q2dSq7VZnj8TmoJUyRm40",brazilian edm
"0rupveNGxCnS1mm7OBCI75",musica para ninos
"2wUjUUtkb5lvLKcGKsKqsR","canadian contemporary r&b,canadian pop,pop"
"0X2BH1fck6amBIoJhDVmmJ","indietronica,metropopolis,pop,uk pop"
"4Ws5zFS1keQh8yfCbYhW7A",funk mandelao
"2ja6pvYptps6ke3ZWvw9z1","funk mandelao,funk mtg"
"79ehGac6casNGvc5n8XL7J",trap triste
"5DIR6IADBl1MixJ75bNvAz",funk carioca
"1zNqQNIdeOUZHb8zbZRFMX","melodic rap,rap,trap"
"31TPClRtHm23RisEBtV3X7","dance pop,pop"
"5TmW0cFVEYEbypgTdSNNDn","funk carioca,funk ostentacao"
"3iri9nBFs9e4wN7PLIetAw","alt z,pop"
"3DnNQH13SfSOjZDsVEa0ht",brazilian edm
"1Hsdzj7Dlq2I7tHP7501T4",pop
"6T5tfhQCknKG4UnH90qGnz","dance pop,pop"
"3wyVrVrFCkukjdVIdirGVY","emo rap,miami hip hop,pop rap,rap,trap"
"0yFvXd36g5sNKYDi0Kkvl8","bossa nova,brazilian jazz,mpb,samba"
"3dMwyz18VQKmHHEBkFlWJ3",brega funk
"4yZ8oMx1UD9PWn3M0SP8LS","funk carioca,funk paulista"
"50sftj2oW2iBviA6RkTzsz","nova mpb,pop lgbtq+ brasileira"
"2KZFvVVk9lxD85USaOv76T",sertanejo pop
"4GvEc3ANtPPjt1ZJllr5Zl",pop
"1tqhsYv8yBBdwANFNzHtcr","comedy rap,indie pop rap,pop rap"
"5uEeqYFuIChoWKy34jp8xE","dance pop,pop dance"
"0w5G9RC0o4u8L0cCchFwBb",brazilian edm
"6DR8ile3ilLZdfuA1lllNZ",batidao romantico
"2YWOP324cKGfkTo2PydgJR","sertanejo,sertanejo tradicional,sertanejo universitario"
"3fMbdgg4jU18AjLCKBhRSm","r&b,soul"
"2RKcy8YT2w2QYn0D7TjiIi",brazilian hip hop
"2o5jDhtHVPhrJdv3cEQ99Z","big room,brostep,dutch edm,edm,house,pop dance,slap house,trance"
"0bdJZl7TDeiymDYzMJnVh2","canadian hip hop,canadian trap"
"4RfTXjK9aiiIKDaKUHpL57","dancehall,jamaican dancehall,reggae fusion"
"7e6KqpXfInWHjdQufAnsyj","brazilian edm,pop nacional"
"5K4W6rqBFWDnAN6FQUkS6x","chicago rap,hip hop,rap"
"4SLEmV2rAQ71Ts0qyDGhE8",spanish pop
"6CO3icJe86W5FK3U73zyyR",brazilian edm
"3EOEK57CV77D4ovYVcmiyt",israeli pop
"1pk1stIyHnuK6lXZ8QiNKt","funk carioca,funk das antigas"
"1dfeR4HaWDbWqFHLkxsg1d","classic rock,glam rock,rock"
"6tRBlIPvgIrWAJc93ppbag",pop nacional
"6bGwi8TG7T8Vcp415XooE5",funk carioca
"6C1ohJrd5VydigQtaGy5Wa","boston hip hop,hip hop,pop rap,rap"
"3WGpXCj9YhhfX11TToZcXP","australian pop,pop,viral pop"
"7pFeBzX627ff0VnN6bxPR4","pop rap,rap,southern hip hop,trap,viral trap"
"5JYo7gm2dkyLLlWHjxS7Dy",swedish pop
"4TEJudQY2pXxVHPE3gD2EU","memphis hip hop,rap,tennessee hip hop,trap"
"0WP4PLxwWMBq3WWc01TBgJ","sertanejo,sertanejo pop,sertanejo universitario"
"0TSMy9QFSMnBR2si7qZ0VT","brega funk,funk carioca,pop lgbtq+ brasileira"
"4WN5naL3ofxrVBgFpguzKo","pop dance,uk dance,uk funky"
"2U3FuHYvL3vhkbDAXm24Ep","neo soul,uk contemporary r&b"
"25tMQOrIU4LlUo6Sv8v5SE",irish pop
"1h6Cn3P4NGzXbaXidqURXs","edm,pop dance,progressive electro house"
"4FTFlQC5nmDiOgU1hcMfaI",sertanejo pop
"2X97ZAqRKRMYFIDqtvGgGc","edm,uk dance"
"03lJxNYml1ArLjcZLxfIvz","sertanejo,sertanejo pop,sertanejo universitario"
"2uGKgNuq7MnKksXiSO6HjB","brazilian edm,trance brasileiro"
"4r63FhuTkUYltbVAg5TQnk","hip hop,north carolina hip hop,pop rap,rap,trap"
"4VIvfOurcf0vuLRxLkGnIG",hollywood
"2auC28zjQyVTsiZKNgPRGs",k-rap
"3MHaV05u0io8fQbZ2XPtlC","bachata,latin hip hop,latin pop,urbano latino"
"1Jt3lGxY5pqiWrh3cyIgwy",
"6StSmnCKNJNBLn1B3l003v",
"0tvACMjTDrW7HCo4F2wiIb",
"2d92LVCevmO89rznIQqOhL",
"5HhqHgbJkwLwOpQpF1qfST",
"1Wc8D2AENsik0LzTt637xc",
"0o8C0JTcwCUwBqhZIWKZWJ",
"5n2IZsKmqGVSgMkM5sfURJ",
"3TjDKq8HEiL9RlLfeZYtOh",
"34IKMjXZ3Qy0vjG82n97r6",
"6Kk3DH8cxWFrTq9ajqck22",
"16hlg6k7mG0fnOOWxVBmuV",
"4FGcERJWMg8ENOLixwF71U",
"1NNT7LXreEsY7C0bHlCWDp",
"5mFMTcmSFaMIkmHvXZUrVZ",
"6WPObl7LHD8pWAPPi3yPoP",
"1hHF2FlDbfrkJVmPEJs8TY",
"2QjuiqjrRDISMbPYSNKRna",
"18gW08xNNP8xJRJW0EsgEo",
"297NNYE3ZnNvyNxHYV1KmN",
"21WAvVROZ83oUvJwFTG2dH",
"5w1nAbyHRxNRxjrhh7Lp1o",
"6Xyb9CVZ7vLvkmULx9CUfB",
"7CxdMYhvlRpIec8zzsTP69",
"5fWvTvWy2NCaVy8pFmWIvk",sertanejo pop
"40t5KmKTi2ajyJmerMYY4C","sertanejo,sertanejo pop,sertanejo universitario"
"2K4WKKLOh0k8NwbzDRgIqi","sertanejo pop,sertanejo universitario"
"3ai5EunpfxIbitku9xWLrE",sertanejo pop
"0oSGxfWSnnOXhD2fKuz2Gy","art rock,classic rock,glam rock,permanent wave,rock"
"3KedxarmBCyFBevnqQHy3P","canadian contemporary r&b,canadian pop"
"1oOTUMbydEi6ogss5Klsom","sertanejo,sertanejo pop,sertanejo universitario"
"74VKtdiqmUGvy1MXU8cHBX","sertanejo pop,sertanejo universitario"
"5fSVkkuijRIpxuvSqysYiP","sad lo-fi,sad rap"
"3EWwR3BxuCaiYKniPGDjE7","nova mpb,pop lgbtq+ brasileira,transpop"
"4LTPxLxjiT5pzYd5WZAR3v",sertanejo pop
"7n1XMwvxPf10t4OX6h6Ufy","brazilian rock,mpb,pop rock brasileiro"
"4npEfmQ6YuiwW1GpUmaq3F",pop
"4rTv3Ejc7hKMtmoBOK1B4T",canadian hip hop
"1xxS2WrLlgl9QNGEUCsbPG",rap df
"1cFrkBniD1fh6m5UHmmOBC",funk consciente
"329e4yvIujISKGKz1BZZbO","reggaeton,trap latino,urbano latino"
"6gEzJZrbm0F4ihvE9iXR9z","pagode,pagode novo"
"7m4l75rnuQbI88PGYVYLkm","batidao romantico,sertanejo pop,sertanejo universitario"
"7u9RPOpEILUin8BbIUJbsj","batidao romantico,funk carioca"
"4f9iBmdUOhQWeP7dcAn1pf",neo soul
"5qvphJwi72TG198xn5VVYH",pop rap brasileiro
"0H39MdGGX6dbnnQPt6NQkZ","melodic rap,slap house"
"0QJIPDAEDILuo8AIq3pMuU","escape room,indietronica,new rave"
"2cFrymmkijnjDg9SS92EPM",pop
"5yy76ufVriyvidNSvXlRU1",alabama rap
"3wVXTWabe3viT0jF7DfjOL",pop r&b
"1QBWA6tuiZ0JuDluPqbe71",trap brasileiro
"4Y0VwRwAOyJutxoVpPX4td",detroit trap brasileiro
"3YZaqF0u6XGhg6MoZBWN58",trap brasileiro
"2RDrgRouTQ289ET075WYuC",trap pesado
"3GM0VyM1n1qvk0v2PfXX4n",brazilian hip hop
"7phpDFUX97M0DTGIcjXKRk","brazilian hip hop,pop rap brasileiro"
"337gunwEwXj6BjKbSo3Uo6",belo horizonte indie
"3OIgEjtDz65hK92WaMH2g4",funk bh
"2yeneyYRzEtwarcFfYdrEo","funk mandelao,funk mtg"
"5UOOgRWguRmVZo1voJuQpf",pop rap brasileiro
"5FEcNzwbLj2pvhgZFojYAp",brazilian hip hop
"4T47gOchMUCmHFoVBE28NH",trap funk
"0jhNzTzC1CZaf2FFgBVCMT",sertanejo pop
"7uaIm6Pw7xplS8Dy06V6pT",melodic rap
"6wPhSqRtPu1UhRCDX5yaDJ","dance pop,girl group,pop"
"1BRkfP0amngMbqJ4aV3KKp","brega funk,funk carioca"
"60rpJ9SgigSd16DOAG7GSa",country rock
"7hD5x2RknluqTntIyuxzSa",rave funk
"3bMxoALDz4DJM8pJG0bnvs",sertanejo pop
"6mKwmTMzDrye9elc8JWiw3","funk bh,funk mtg"
"0awYrHoDgY7bTDlAb3wGuF","deboxe,rave funk"
"0u6GtibW46tFX7koQ6uNJZ","german dance,pop dance,pop edm,uk dance"
"6uYrXgVHctAJtIdSODcyLJ","mpb,nova mpb,pop nacional"
"0ciLF0bOuu2BhqzCEZgHoB","funk carioca,pagode,pagode novo,sertanejo universitario"
"1yxSLGMDHlW21z4YXirZDS","dance pop,pop,pop rap"
"7EyzyrMNgqiK8bMrbkOT9l",rap mineiro
"6ac253D3NynjiNAjkkR2TJ",funk 150 bpm
"46MWeeHNVMYRIIofQBEX98","canadian hip hop,trap soul"
"1lmU3giNF3CSbkVSQmLpHQ",pop edm
"4ArPQ1Opcksbbf3CPwEjWE",social media pop
"181bsRPaVXVlUKXrxwZfHK","houston rap,pop,r&b,rap,trap queen"
"4ETSs924pXMzjIeD6E9b4u",bedroom soul
"6q7nMIVgGohQ14mSsq3F8t",nova mpb
"7Dz1HatpprkP9lmZIezKiE",agronejo
"3DIMAAaWSlVl1YQ9nsQmUN",funk mtg
"1rzgK16tw9LTPmu6eMFyMF",sertanejo
"0kjGPGtoyKwKVOZAKmv5K6",pop nacional
"4OKS4k4lBy2KOeftVHJDXu",funk mtg
"2o08sCWF5yyo2G4DCiT7T9",slap house
"3rbG069NuFKBCXYPoGjB9g",sertanejo pop
"6fWVd57NKTalqvmjRd2t8Z","cali rap,pop rap"
"6ASri4ePR7RlsvIQgWPJpS",melodic rap
"4o81gV1CcJK6gge4ZhWd9r",brega funk
"1WgXqy2Dd70QQOU7Ay074N","art pop,norwegian pop"
"5bSWLXu8tYxI5ISra9j6IF","deboxe,funk mandelao,funk mtg,funk viral"
"4OI9MSXu1JqXoKlS6P5H4F",funk mtg
"7fKfVo62Yx50GtTdIgeBqk","arrocha,forro"
"0cZ0hBu2JZFT99wDzEfS89",forro
"6HpIVA13SPof8sYuXRUfxj",alt z
"5g9XiEkkceEjmAGXfWHpt5",brega funk
"7Jb6GR4PIxHSkDJK8MWuVg","funk carioca,pop nacional"
"1kiq2kUV0cbLUhJsr7cpW0",norwegian pop
"03fAgNGmTOpMcJDAEGQGNS",funk mandelao
"736JbivCkAkdLP9xOA3jLs","arrochadeira,brega funk"
"2qYZSQSiIcYhpEN85hgWnp","funk mandelao,funk mtg"
"5icwIVKIEdJwzeHjQ6XYJG",remix brasileiro
"3klZnJvYGIbWritVwQD434",dutch pop
"1e5A3rWcqk9WfLjeg5T3dI","sertanejo,sertanejo tradicional,sertanejo universitario"
"2X0MrONadqUW9Iw3pW8S57",
"4PzPx1yc3kGVo4EgCiLqCQ","trap brasileiro,trap carioca"
"5ZTnWo7IY6rdIxm6aTSR84",
"4dyfZnveYGyJCPx8XZt0MM",
"6h1X8zUal8YFzOWko9d6vH",
"4WrL8YBVkibeodZIhBLjsn",
"6UZ0ba50XreR4TM8u322gs",k-pop
"49T8i1paijMAK9rYtjO4lu",
"06KW64mW1lFahvaJVV0TRe",
"6gGJH7joTDx9M3xREiAq9U",
"0xTWPVQfXgaj6Je1inSRKw",
"53Igo3wsijmDpvwrbaRBI4",
"38EmEgXkgK51MT2tPY0EoC",
"1GvQoYC3sOGlImdFgiypea",
"4wVcCedmr7FHtUlFnIeJIG",
"7s8i1tsCjtErKt7d1jn0js",
"2SDKb8y7KxJ6aMLQ2thraY",
"1DvMyNx25NgalSWBp0kZWF",
"66y9wEcA9aucJ69FTYYbGb",
"71VXdKWeovwJtO5nzDQ7mt",
"7Kqcr4CkcQHjHiw3aPfFkC",
"1aZEF5IIFQAA2Z4bGFGihH",
"40ksVxRxRIP4ayr9kGB813",
"5lomh7H0yuxEtZnvtSCHI1",
"4N2lyAuQF0kXt3UnsN7XZx",
"6ckKeUM4OxpRhdXzWamJAN",
"2CxOaVqRvTLZAZ7nFnJhsU",
"4wKMCoPdqFIdM8I1jDERYX",
"2kz0IOC0n4w9Zg7X7HigTB",
"4E4TZnDHlrhclSJgeund1d",
"3gNtJCqmFD4p27qCQiQWvW",
"4o2hAURyVlQ8suw1KDz6gi",
"59NRr3XbowClIMNw0w90pC",
"0MkyYYm0OKY2rZohgy750o",
"7iTLGcddv1bOPirdYJjKVy",
"5fUXK5m3BNwoRgTyKq8tnz",
"2VykmpwjNmZuVWKiKnqonz",
"3P1msOpSX2q616eW8UewYU",
"3InqACcEpcWEHMTiQcwB4Y",
"4XZR4NawJ2XBNzaINpqrI5",
"2kge0I5DHgUgkmFXRey3iw",
"1ki7YZPuQY8PYZ8cugIzBc",
"1TYJOhNSxMOODWiDVhuyZb","brazilian hip hop,trap brasileiro"
"0xj9MJx9r0wO2o4aqdergP","deboxe,funk mtg,rave funk"
"0Vxqvpm9tpZcz6d4egDtjX","brega funk,funk mtg,funk viral"
"1FtBEIWAwvw5ymBen5GICR",contemporary r&b
"3fll16LLw6kdDxWzSpJPEQ",arrocha
"0zp4Tuw2qRqrPTZyBkk8pS",arrocha
"6zVHIzLwyLIENAUBY6mRQJ",arrocha
"6yEKZXXjkBPBcAQAFdvSlz","forro,piseiro"
"07YUOmWljBTXwIseAUd9TW","colombian pop,latin pop,reggaeton,reggaeton colombiano,trap latino,urbano latino"
"6n28c9qs9hNGriNa72b26u","alternative dance,aussietronica,australian dance,australian electropop"
"7579yDSrhA6ZAArOo7m6UT",funk ostentacao
"6R7sYePCn27YnyKI61lBPz",funk pop
"72aE07MxpePfCELo4vGZcK",brazilian hip hop
"7M83IzPXGA4ClZJ5reW2Ro","arrocha,sertanejo pop"
"7iK8PXO48WeuP03g8YR51W","reggaeton,trap latino,urbano latino"
"0vsOB7tW4ItHtdZBzKQZxp",pop nacional
"6DgP9otnZw5z6daOntINxp","dance pop,pop dance,uk dance"
"5vV3bFXnN6D6N3Nj4xRvaV",k-pop
"6xF3XdxG7VHRmQmTJxRqX8","pop lgbtq+ brasileira,pop nacional"
"4v1mao101nIWvxzotCSKyz","mpb,nova mpb"
"4BbsSamQy6XSByO4O4Nymt","funk mtg,funk viral"
"64ZV1p2uqJZi2StfpemVFD",funk mtg
"6tQDQivRhULyEMBCneS7f9","deboxe,funk mtg,rave funk"
"687cZJR45JO7jhk1LHIbgq","afro r&b,alte,nigerian pop"
"46xBNx0j6cwY6sD9LgMTm1",alt z
"2KEqzdPS7M5YwGmiuPTdr5","art pop,electropop,escape room,indie pop"
"6PCKJU7fu36U4fRl7354wU",trap brasileiro
"3rsAVfmh0I2umrMmMgP4Yt",funk rj
"6olE6TJLqED3rqDCT0FyPh","grunge,permanent wave,rock"
"5L1lO4eRHmJ7a0Q6csE5cT",k-pop
"147EV9TBf4KgDU75GHwZgJ",funk rj
"2emd6h8cx0U8QUAxDddXPF",viral pop brasileiro
"4xnFkvb5Pk259qAXQ6yrYU","funk carioca,funk das antigas,funk melody"
"4t1dyWrRQBmxAzhO6HGmsl",arrocha
"5AkhuEE9FYontxsHqqmtNQ",funk bh
"6yZKPB8eRoJesHjtxPxSLs","trap brasileiro,trap carioca,trap pesado"
"2lJQn1DHF1ipwxytJBMljq",rave funk
"5OjUzfzhGFTQDWfKiPcxAE",funk mtg
"1pQWsZQehhS4wavwh7Fnxd","reggaeton,trap argentino,trap latino,urbano latino"
"5RHWqLCNmcKFDME3G7sxiJ",trap brasileiro
"0zuan1WYTIhlisigYXsqY9",trap brasileiro
"4zP89WNloauEX8v8JdZbxP",trap brasileiro
"6JL8zeS1NmiOftqZTRgdTz","hip pop,pop"
"3IpEaHgeWoUW5D2Wtfz1k9","forro,piseiro"
"6TLwD7HPWuiOzvXEa3oCNe",alternative hip hop
"70x9rYb58QCNNeNxuO3StS","agronejo,sertanejo,sertanejo pop,sertanejo universitario"
"0s5MMDYKWYf4XksClf5Oiq",trap brasileiro
"1ew4rMO5r0Oon1R9xZxo8Q",trap brasileiro
"7CK5FIA9viaFGVnDnfbuw8",remix brasileiro
"2wRZGo2e20INyHf8wtVPVn",trap brasileiro
"5oqu436HPM9PGpNSlPBpAT",arrochadeira
"7t0BSQtRRdLyO3VseiGBBy",funk rj
"6QiUH0jJVJUdnte0jX1Wzj","funk capixaba,funk carioca"
"46KQM3HJyONaKRTbcfNPlU",korean underground rap
"4xHlg3Tcv7TZZzFq0aW2hQ",korean drill
"1pmixngtBJleMrGUG5o8DE","azonto,dancehall,reggae fusion,soca"
"6rygauyIMQJrXRC4e5rQJP","agronejo,funk bh,funk consciente,funk mtg"
"1L5QOwu01wcDbozwIL1XXd",funk mandelao
"5VYxsvivVgcLrPjgLUFRG1","brega funk,funk rj"
"5O30nI9WzhHuxqFZqReBQu",funk rj
"2XGuDrQEuJXo3FfBQMeUn4",speed up brasileiro
"3LqcLDGw41dRZKsM51H9GI","deboxe,funk mtg"
"7bDY7ck0pXuKESZtEt1X5d","forro,lambadao,piseiro"
"1j7PjmYNRQUYk1xNfPDox7",funk rj
"36CiwS6BaZffBHzjJL8y6N",arrocha
"67MNhiAICFY6Pwc2YxCO0K",alt z
"048LktY5zMnakWq7PTtFrz","afro r&b,afrobeats"
"4W4NkfM4A1sX2S2bfYlV07","r&b brasileiro,speed up brasileiro"
"5UkeFCuymumzsQizZ1xzsW",speed up brasileiro
"5RzT7CM6Ot0sh0EHefMicV",dominican pop
"4AvoASFHoFCDxWR2yWV3Cn",reggae do maranhao
"3PVg0vaMUNTOu7C2GmYfSg","arrocha,forro"
"2ZtIsSrdk08ODFYVLeYZKq",
"5bZh8YQDUYXGHrkWwjakNF",
"5Jv8vC2RoInNR3CsxANXhS",
"2p95ymqzTS36FNCRY9uM3r",
"3G7pRLSS9s5h09hdaluISz",
"28nq89OjJTepzEqPnziinT",
"1OCu3xpRtpqgbk6aoxoxJp",
"6iApZhWkdXv40VOWDFAGFe",
"1jt8MU2um5rIprsn87sDtR",
"1gveCzOmKMjqEMwuB5kKNH",
"0JrZ7I50iqRoiPc60m8ony",
"4yFJeWVY6IZLc5KcYCvtBE",
"4v4g6B3AmczdtPlNE4t39X",
"7skt0YXuBGQZr4LGkyTShp",
"6Z9eUCDtjeQRAp4eZhTztf",
"6ysi6BecWzevAJ3HYaZNMS",
"5zKrn256dtGXDCpOVlr22G",
"01tECeLpHN4yRu1gBqZ6WZ",
"0jbo7KFNMiIkfBR6ih0yhm",
"2TjH3yhwPkVDvc6U5GWwQ8",
"1md31EhusZo6xEhEXVXbb3",
"3JsHnjpbhX4SnySpvpa9DK","j-division,korean ost"
"54x7oKoInjIgCDHUkgyPtu",
"55s1nOqpHGET1gHUReBJZh",
"3SozjO3Lat463tQICI9LcE",
"2IhVpxz1wJpQWdAq28nYQ1",
"0FYpZOHSyfPpCSsLwydVbL",
"7v3YsPZy6l4QPJQ8RqnfZ4",
"021AgNRiFV8NmuDqQceKvF",
"2z4LMq3xuAqNh0gNIicsVi",
"141A3MG7O4f3lkJTwhCiHc",funk rj
"6zFMFB1JvNHkHvCSudF4id",
"1bpnl8qbR9GxmiNlkEufW6",
"7ILjmCKDG0TQfb39Tgo5aC",
"25H4QTGqIQKQXi1xmA2kxm",funk 150 bpm
"4EMRE0wdcc2xjv1PCmTqUU","deboxe,funk mandelao,funk mtg"
"0F1EEVbFwozNDGU9DAdpq8",
"3eegqYNOBDWAuQME8S5W1q",
"1SMznDhRBFnnUWJvFWXJgQ",
"19aWf0vIIRxNrwYSu30Iqf",
"2Bv3elHepLCEiMceBTPqpe",
"5kfgervAs5bJUOC0vbYB12",
"7L1wqmAtk7pQwj2xtPWIbq",
"19yiaMgl4Z5TFhUNp7R1JJ",
"2J4i3afJjXrqDGWRYn6sBI",
"6ReTdS1woQ2Qx7h8VwXRgS",
"3bY8SmKlzUFImE0mt0zDjY","funk pop,pop lgbtq+ brasileira"
"1THj0JI7zld7YDsWERcSUz","adoracao,brazilian gospel"
"22NFWM3F5kyI8KsRZVCSRr","deboxe,mega funk"
"6QshhXyQBLzoTMIfN5UZLI",deboxe
"1pPmIToKXyGdsCF6LmqLmI","atl hip hop,melodic rap,plugg,rap,trap"
"3wGtjtHSh7D31VZV9wPupB",
"1DqzXlcCmklnLECrUuo1DC",funk mtg
"5v2bQ2dsdQmr2ARUYwnDHX",
"7HoPy2YmahCCaYaFSFq497",
"5Et1UarIEfiHvErAJSer9B",
"42xf1iqSOZluDWJ8RW2B9H",
"1HBCU4PyKgKz6nFTuFyMbA",
"4HJnsUVBubdKJ2aV0sr48u",
"4RrUEOjdBGivO4OHgTnyH8",
"5Ywgqsa6t5yNiD1wgQuw43",
"7vuLSxTFztprQ8dW0sX47p",
"5Mea9nekf726JwgbkKKq7c",
"1X842P1hBNRnwsuy0e3DLS","funk mandelao,funk mtg"
"0oCIFyJNwJen2o09bwpy8K",
"77BRZxLjoqGGTrra6Sx8uP",
"6qZiNueIsha6f6RlrLLC3H",
"1xUYzPQi0zdezdLkEjuqQH",
"4pby53BFNfng1G88nYhBaM",
"19kP8LcEBcxfaxKOW0URAK",
"78jcF59aMpz63E2TYmntws","funk carioca,pop lgbtq+ brasileira,rap feminino nacional"
"4qNZfaBcaNA2Q2a9danTGP",funk consciente
"4OgpoVCB5dqTzLGZ9e5VS4",no beat
"12GqGscKJx3aE4t07u7eVZ","corridos tumbados,sad sierreno"
"4iHNK0tOyZPYnBU7nGAgpQ","dance pop,pop,urban contemporary"
"250b0Wlc5Vk0CoUsaCY84M",k-pop
"1pBLC0qVRTB5zVMuteQ9jJ",pop
"699OTQXzgjhIYAHMy9RyPD","atl hip hop,plugg,pluggnb,rage rap,rap"
"12kiggyMtZvgZjQuhmp6Xy",sertanejo pop
"1vb3NH4REyIWVAKShUYQUh",funk mtg
"1CKLOLezvcRuPRzOiGvxS1","funk mandelao,funk mtg"
"5QQUuUIP9gjrkI8amLfIlb","brazilian gospel,sertanejo gospel"
"3JcD2LnyvfEki9d7705GaY",funk mtg
"4Uc8Dsxct0oMqx0P6i60ea","bedroom pop,pop,pov: indie"
"5C01hDqpEmrmDfUhX9YWsH",football
"7uMDnSZyUYNBPLhPMNuaM2",singer-songwriter pop
"6TtI28JVtV3RufOCwLvHod",funk mandelao
"45dkTj5sMRSjrmBSBeiHym","alt z,pop"
"7hiUUv81g2TwR7AyoRduYJ",sertanejo pop
"1pZ1kGj7yoPvG1sSN74imk",brazilian gospel
"5TNtQJ4H8JLAMAdvppHSq7",no beat
"29CQLw9uLWsl8Qkz9holfr","boom bap brasileiro,brazilian hip hop"
"6udveWUgX4vu75FF0DTrXV","k-pop,korean r&b"
"583d9476xT4d6A0pADiRJg",agronejo
"60Weneae5YHv3X6F3pyZkQ",pop nacional
"3nfVTPYDnppERKGCRS4vim",trap brasileiro
"3YVxmhkewoRHu8WFgWlCb7",trap brasileiro
"0CdnnCbbKD4oIzBmxi2o7r","arrocha,brega paraense"
"3vvHdmRO7G0C3sWP5mHxDE","arrocha,forro,forro de favela"
"4xJQUv60hFofQfApMsPtJu",no beat
"0pVJXCGsBydS7rq0R4w4hm","funk 150 bpm,funk mtg"
"3914e1ewXuF036M63rgK0d",trap brasileiro
"15elHVyIMS1aobjNNJXcvK",trap brasileiro
"3Hdc7swmjddSFP8ZQavm43","funk mtg,funk rj"
"5peXkFS2EUmRp7Llv7yDty",trap brasileiro
"03R5vvmqjPsxS7Y5be6IAY",funk viral
"3hXocXy7cs7SZ1JLZUgKBp",funk viral
"4N4HofKkmZkBZKITLfNsPW","funk mandelao,funk mtg"
"5NTYeBxuaFuZ6uU9bpdVmd","funk mandelao,funk mtg"
"0ixIqccVXNU45qPhq3kWex",brazilian hip hop
"5jysNZ8I6vAiNTsFbrIj1K",funk paulista
"1IVneWn4g15GupVFKwNdGJ",funk viral
"4tjtE10Cy3hoYiDdPhoVem","funk mtg,funk rj"
"7lc98VPDdogFv3eLfCX7sq",funk viral
"2h73KyGixa4A1xlhcxjpG1","agronejo,sertanejo pop,sertanejo universitario"
"5SulO4l40qDuV9zUGLZx7n","italian hip hop,italian pop,trap italiana"
"0JRPF8WIKUtSO2IUYfrcuh",sertanejo pop
"29fHZcTMW9pUzhTF4Deu0j",forro
"5BZtJagimq2zY5TNXoQSKr",forro
"048CqIDe4PysymPNk8SD4N",deboxe
"5ZCQ6Xubmkwd1s1uixTywm",sertanejo pop
"0MZjTmgoSErzmMapfREhGv",sertanejo pop
"13yQqjPy4Esq0Ru3R1fipU","chill baile,trap funk"
"6X2DiawXyujKvUv0jVtehL","axe,forro"
"4cMT9oSbMRlVPrkFyZAtzb",no beat
"7wQO16n82QaPAnxFkAGIFt",
"0HBQtIkqXtoKagoPOgxK8k",
"1mjuRRMumbLmGmHmYvMDcb",
"78TUxGXS6Jpos6nj2oEqSP",
"02ESSPEzwYHnLH7SjiG8oj",
"5zvgzd56jcRvu40O5mdyGB",
"5WU4h67XOA721bLCbvPVoJ",
"3asivM2DaHPt3PP2ZohGR3",
"4xyZi8RUfi2Dh5UAHA8Ylq",
"3Ox3B3axZGNt5FtMDAXJou",
"0QY3FktU1SwpEqPRf4w1YX",
"2DI1slYsq86c5PNrjgaE8m",
"67PBOFpTBFaNkhz5IouBwi",
"24vrKnZGJIBTrc8U6TUDZI",
"5cK5EH4W59cBb9NsvFdq6M",
"3qBKjEOanahMxlRojwCzhI",
"37iUO7tCm3rs5D0cy5YfAZ",
"74WDLxBsm1TLxV6WVwD994",
"5BAQqW0Tve7GJW8tlP8MSF",
"2CxY9CoyzvvNv8b7aafiCX",
"2zzpznMuhKlKlqh1ma7Sms",
"3tQ3S05OMjsRpkQr8CvIqU",
"511AKBfXwSHIIekEKrjqab",
"65DioSSCLQ9vmedjsaA45y",
"7kT7skfOOZaxMm52OqW2Oe",
"7tsmrNpbLkT4xL1nzRLpCu",
"6jncnjvxMwbLIEYDhwsGlu",
"1NdfaQNOGvEdXntHKo9a7R",
"5JNJDtyiFwY74t1uZx0N3Y",
"1VfZSS1zUo2URLAriN3zZs",funk viral
"33GsYMJgWMgIt4vbhUwTEe",forro
"6LTXhD91f2rjmAq5f55sns",lambadao
"6cAXmjYOHC2R7jLrs96KTZ","axe,carimbo,forro"
"1bhqpMFFgoa0NTz82BprgL","axe,pagode"
"5feRNJZcXs4vrHF77OqheX",pagode baiano
"2EvJpjISn1Emk9OXpKzTLY",pagode baiano
"1UisTLtsrXMrV7T5jvMcHB",deboxe
"65rDOE3AADnFqdbJoawIry","arrocha,forro,forro de favela"
"3J4WurF5XyCy2ToWeCof5Y",forro
"41S9HR3EotaFgxGQwTGxAT",pagode baiano
"1v0Qxl9N6zVc4zL023szAJ",musica popular amazonense
"67G7A34oz5qDRzcSsEVonF",musica popular amazonense
"0FMV4DOyK9yxgyn0FupBXk",musica popular amazonense
"0GdMuH0u9HyAz8cLvmg7gD","funk bh,funk mtg"
"37eYuWTOZtUG8PgFOsj9h8","agronejo,sertanejo pop"
"06EMbW4WO6U4fGNnKjeuI5","axe,funk das antigas,funk melody,pagode"
"0ROprJwPDQ1NleWURpFgFj",agronejo
"4RxoNU65Os6pHkmuEzSlTg",remix brasileiro
"4fCsvWlGVsQTrqrJX3jc05",musica goiana
"29QbBR0oTzA7A0kiOzrbbr",uk pop
"5gWzmnHTLNXz5CjOc0wAuK",dutch pop
"1m00QT2CkW6rHi4dly8rVN",nova mpb
"5yG7ZAZafVaAlMTeBybKAL","australian hip hop,dance pop,pop"
"50JJSqHUf2RQ9xsHs0KMHg",indie pop rap
"3gJK5PRn2FUQIT7cbgVryV","funk carioca,funk das antigas,funk ostentacao"
"7KUri7klyLaIFXLcuuOMCd",norwegian pop
"1QDrz3DMMaz3TB1cm0PGDu",singer-songwriter pop
"7MPhjKo9pLJ7mPJOOxeIf4",tecnobrega
"0cGUm45nv7Z6M6qdXYQGTX","pop,r&b,rap"
"7qG3b048QCHVRO5Pv1T5lw","dance pop,latin pop,mexican pop"
"3E6xrwgnVfYCrCs0ePERDz","reggaeton,urbano latino"
"6ioOEWNNGK40H8xrGj6XPW","alt z,indie poptimism,la pop"
"6veh5zbFpm31XsPdjBgPER","rap latina,trap queen"
"6oMuImdp5ZcFhWP0ESe6mG","atl hip hop,hip hop,pop rap,rap,trap"
"6WblGc5J26o230eRVSNGV3","brega funk,funk carioca"
"02A3cEvlLLCbIMVDrK2GHV",aussietronica
"33JQK4UoS2aMPYBfdB5Ftt",melbourne bounce
"4YXycRbyyAE0wozTk7QMEq","pop dance,tropical house"
"4ryoUS0W8qXokfMxrlJt6O",modern reggae
"3tVQdUvClmAT7URs9V3rsp","afrobeats,afropop,azonto,nigerian hip hop,nigerian pop"
"7keGfmQR4X5w0two1xKZ7d","edm,pop dance,uk dance"
"2KsP6tYLJlTBvSUxnwlVWa","dance pop,pop,pop dance,pop rap"
"5luyt0SUvGkDMY4ILP6Qhl",cubaton
"6s22t5Y3prQHyaHWUN1R1C",pov: indie
"01WrcqajqftNjrRuSqgyQA","sertanejo,sertanejo pop,sertanejo universitario"
"6Dd3NScHWwnW6obMFbl1BH","alt z,pop"
"0p4nmQO2msCgU4IF37Wi3j","canadian pop,candy pop,dance pop,pop"
"5H3IVg3012xSskH8ZjKwDg","brega funk,pop lgbtq+ brasileira"
"73sIBHcqh3Z3NyqHKZ7FOL","atl hip hop,hip hop,rap"
"2OUgs5INWK2UEvZ6amWiJr","sertanejo,sertanejo pop,sertanejo universitario"
"7mnsTGmApJRfHFs1ymmBIi",r&b brasileiro
"4fpTMHe34LC5t3h5ztK8qu",r&b
"65nnKJaJx9MgbknLvQ6QHW",trap funk
"4mnhyGRAuExTL4J0soT4za","axe,forro,sertanejo,sertanejo universitario"
"45Hr5etuwmSx4gSyn5qSeW","funk carioca,funk ostentacao,funk paulista"
"40UZHykE9w6eVKyURGjpgF",brazilian edm
"7gZfnEnfiaHzxARJ2LeXrf",emo rap
"2A34a0y7xLXf20pXZpbjCY","axe,funk carioca,funk das antigas,funk melody"
"3o3p6fGYftm6nJpS6YJ11Q",deep funk ostentacao
"6fOMl44jA4Sp5b9PpYCkzz","hip hop,pop rap"
"4xRYI6VqpkE3UwrDrAZL8L","conscious hip hop,hip hop,pop rap,rap"
"1NBkKa2SgVP0uirl5vAB8t",sertanejo pop
"3cKD8x85OnB9pu8T8k5GYe","funk carioca,pop lgbtq+ brasileira"
"2EMAnMvWE2eb56ToJVfCWs","kentucky hip hop,r&b,rap"
"15mR9E7xTmVPmKeHcPByzD",pop nacional
"7BPHTWFEfvH7HPfHLU1EOg","folk brasileiro,nova mpb"
"0OROVBEZCocg0FcgJpyBse",reggaeton
"3J0t4JNgTyjwqRaXo5pNlW",rap df
"2wwWukJBsCikjlj7vlbQkM","sertanejo,sertanejo tradicional,sertanejo universitario"
"64aJYyrXljOodnUG6jvhRD","reggaeton,reggaeton flow,trap latino,urbano latino"
"7HGNYPmbDrMkylWqeFCOIQ","bossa nova,mpb,samba de roda,tropicalia"
"62Hped8KMeSwPABlhpcqst",batidao romantico
"6cuYN8aZLQ1ZSKkJJwi2eY",sertanejo pop
"4Ga1P7PMIsmqEZqhYZQgDo","melodic rap,pluggnb,rap"
"6nS5roXSAGhTGr34W6n7Et","edm,house,indietronica,uk dance"
"4Eoddnw0pOewmCHQYofuwh","brazilian bass,brazilian edm"
"3mRXxBNJb2YDNuSAGEl3Mw",trap brasileiro
"4BZ0ACrHCLropCpHJypPvV",trap baiano
"7xRbrPoxLDHtoZ8PkUKAOr",
"4zXnXeaimhcUf7idYglLme",
"29Tpb9NIA4RIZ6knnYXGDR",
"4xkQMPQ0OkbgQc0JGNObwg",
"44L8N1EUrXqWYKnqT98uhJ",
"6i6NHBSzvzzqesHxEpyQqm",
"3bc5LOOhGbLvDUcybl3LY8",
"4hvKwCPgk7IGVynYX8bQqc",
"0trHMgCbRohjsr2uzM6scS",
"1WZNkLRhjvZKzZlSKL7FxX",
"6EaIRN2UvHGu9EdeBvfPo1",
"3yWtLbJMXNarBl4CQRA1go",
"7A7wnJp6eGBNV5Foax2kYg",
"7cTDzhfHIHqhaKbNqcjhmf",
"2s3XhkYhy3bag3w84FBJdv",
"0LyfQWJT6nXafLPZqxe9Of",
"6GW21sFa6YFY7HLVqFHFp3",
"6ano6kSzweJbXGVMyHvwrC",
"6Xjde3MJ6198WTe9Chv4Ii",
"70cJFTHKCTRuBdNNn741Xh",
"6FP14bsH6aFtDwsiBOBc9B",
"28XZ2YzULz7EN54ZcurSUI",
"2R2g5gRifq9X63vvqWzik6",
"3F6YQLCVjGIS7MHQnFOd61","batidao romantico,brega funk,brega romantico,funk carioca"
"5Y8NCcdoogj5Dw75t30c1K",
"5AQpcBCqfE0mHDM4dh02mf",
"39up0DYNwId5U9CaUtgVCy",
"2SDYnXWEAiTFyyKyRDy79I",
"7Hy3BcTukq6HpDzVFrnJ8L",
"7LioJE25SJYNLAFe1Opar0",
"3aHNIgKMKMb0hmklcLXxkm",
"4o1QghKQF2AWdomKx3xHGq",
"2XmTkbP8dGwsl7Yh6WDUr3",
"4EB0QEW9QxBrWPFrcbnszS",
"3ifiFpeJ4X5nYagCluflvg",
"23buF7CmOZll8oQveAvsut",
"1aQbanZ6xPrOtTYtsMdm3Q",
"2BvV4u6AUwFCrAriUIo9Sm",
"3xbUtkAk7Bbhwosg3mI3ez",
"3uMHwSzAIRTT0pRMihvQJw",
"2yPMPTTgC5RA4nOe9XVZCw",
"0y7p9FFFrFIHUfSgaeF9hR",
"7aqyet29QYmprf0i3n9kqU",
"1txNI43n0I4SIvKeOEfM7g",
"0H9tTaXDtqyfFd30C0AyXc",
"4cQ6t2SYfuOGQmyeXZQSkg",brega funk
"2NdeV5rLm47xAvogXrYhJX","dance pop,hip pop,pop,r&b,urban contemporary"
"5crFHCCb7j1zkIiIUpN2In","funk carioca,funk mtg,funk paulista"
"3lMQtpA4i6FrIe6DmDfDVa",boom bap brasileiro
"7hssUdpvtY5oiARaUDgFZ3",norwegian pop
"3v6Ji4uoWtKRkhuDUaxi9n",edm
"13A9x5VINTOaVnYxK4rbNQ","funk carioca,pop nacional,pop rap brasileiro"
"2QLSJqqGIstNbO6nYRR16o","nova mpb,nova musica pernambucana"
"5f7VJjfbwm532GiveGC0ZK","atl hip hop,atl trap,rap,trap"
"6Vxu4TDCN5TMlRpdu6a2Ag","funk carioca,funk ostentacao"
"6fTuuqOYCnU7oleecp16zB","brega funk,funk mtg"
"0eDvMgVFoNV3TpwtrVCoTj","brooklyn drill,rap"
"7MPGCB854Qo4alYMOPkBka",bedroom pop
"6bxqwbU9pD8GXcuSmNSSHU","adoracao,brazilian gospel,rock gospel brasileiro"
"2UiLeUnwb6HIGBjyp6BK8J",batidao romantico
"584RKJOLzbEflvpk6qFPS1","brega funk,funk rj"
"2PUFM2gNHDytcWNwsJkpN3","funk 150 bpm,funk carioca"
"09hfYBymHrOKB1grAuZ7mT",deep funk ostentacao
"5K854sjdzabwOy9KltU3Po","brazilian hip hop,plug brasileiro"
"1BjUnGUvkdXUi1ULgcgZvQ",brega funk
"4jkOEd7kQE6UyiXnuQy9pa",adoracao
"04O00MEN0lHEKWTwRjb1nS",uk dance
"4wwEIIZHZG4WFy0PfZnKTn",rave funk
"0Cp8WN4V8Tu4QJQwCN5Md4","alt z,nz pop"
"6sHCvZe1PHrOAuYlwTLNH4","bedroom pop,indie poptimism,pov: indie"
"1pJmGoAf22z9Yrp35lRFzI",funk mtg
"5zctI4wO9XSKS8XwcnqEHk","melodic rap,rap conscient"
"3eVa5w3URK5duf6eyVDbu9",k-pop
"4agEoWIGGjlbMRlUmUOszR","forro,forro de favela"
"4MgxRxXLgmdcrfWXjutvd9","funk mandelao,funk viral"
"2WuvtQ2O6J0tTQDrvs9RFW","forro,piseiro"
"26cMerAxjx9GedFt0lMDjm",modern alternative pop
"2SvKC08nVN1betbwPtr3Lc","funk mtg,rave funk"
"1edseOzmoKjzS0PijF7b0G",funk viral
"2zxmK0IJ2irkaF1XnUFmc4",deboxe
"3vlUveVfzPXzhiPGjHHxOH","bossa nova,mpb,musica paraibana,samba"
"2pV4eqEWsHrgwSbuAg2fmi",funk mtg
"5sgcRRQA3HrL1AVk6oMUeg","musica triste brasileira,nerdcore brasileiro"
"2Xwhv9ka5HeBx9c1Sq3o6C","funk bh,funk mtg"
"01CFmzv28eTtJAjhrvOsiW","funk bh,funk mtg"
"4V1lwrcs4a4JDSslNDLbJE","agronejo,sertanejo pop"
"5cS7sjRxRrlA7v6uWpEoTb",funk rj
"4IVAbR2w4JJNJDDRFP3E83","atl hip hop,melodic rap,r&b,rap,trap"
"7FMscVRC6dsjpDpgt1r4Hn",arrochadeira
"0f6Q3bpuXN7TfNxeJJBd3m",funk viral
"1sUkDjXjPTILSBKDO7x2kW",funk mandelao
"1ZcIMjx9kP46pUdFOdjWKQ",trap brasileiro
"4TShXxXZjnjd1nnEw9R5Hs",arrochadeira
"4GNC7GD6oZMSxPGyXy4MNB","pop,uk pop"
"2NjfBq1NflQcKSeiDooVjY",australian pop
"4bqKmu3kRUl6X7pTl1CuVs",brazilian gospel
"4dM6NDYSfLcspt8GLoT5aE","edm,electronic trap"
"7a6OmakIInI0Q0VjbYCASe",sertanejo pop
"6KBUMm2KCA5skrvDvxYqKM","arrochadeira,forro"
"1uX8JNsav9VvLggGUZvDjl",deboxe
"2ye2Wgw4gimLv2eAKyk1NB","hard rock,metal,old school thrash,rock,thrash metal"
"7iL9fIPP4OLxfxmjrHlpmI",agronejo
"4sbXXFzEWJY2zsZjelerjX","french hip hop,pop urbaine,r&b francais"
"0DjQFfVxBipTFTXRCwImMP","funk bh,funk mtg,funk viral,rap mineiro"
"2VSHKHBTiXWplO8lxcnUC9",modern alternative pop
"3Ns5FA1ANQOzsHLWspsrC6",trap brasileiro
"6QrQ7OrISRYIfS5mtacaw2",indie poptimism
"2W8yFh0Ga6Yf3jiayVxwkE",pop
"7htxZTR76qcXYJylEmkLiJ","funk bh,funk mtg"
"3t79G9FgRevO8CGsP9B6I8",funk mtg
"6aLdhHUqgdKE86xbtNmY8g","k-pop,korean r&b"
"4yvcSjfu4PC0CYQyLy4wSq","gauze pop,indietronica,modern rock,pov: indie,shiver pop"
"0L7NGVE2t7zDGOL3x53Axo","forro,piseiro"
"5NGO30tJxFlKixkPSgXcFE","album rock,classic rock,permanent wave,rock"
"1hQmHcl3pHMVM1ayvMlgFc",
"1evrJRths0Y9virdhbQBDx",
"7541kRGbFjmVsqPV4CMVzp",
"4klGZvLtbfhDtrdTTS2EhK",
"5QsFQx8phlzqvnNkTFCVfP",
"4Te2r9IIed6PlTSSib46TB",
"26cXdFW2i1PE5HuCzxYvC1",
"1YYDS54YoZeR7WTokK7eEf",
"4s3lxX76LwxzMdQEAFYdzv",
"2qATSoNFfzMaTEZFfJpG4c",
"4ACGdFl6mPI3lntaYef1gc",
"0zi2XpPvQum7s1oIBFmufL",
"4fKJ81BAFxuwAFUI3B1BXM",
"4UhPHvXjn0st73ksfh8DjU",
"15v6FcwjMytlEEhsG6mcLU",
"3SB4jbHhsv6NQTh7ZT5GzS",
"6GMmFqiKnDdTDgxPqcdBg5",
"034hICE3RKwd6hmV7N383u",
"6UiNFle7UUqz6t9x8A6i0A","ragga jungle,rap mineiro"
"2mxXr2xQSfM4JVO4pxhJjP",
"6Ny0MCoPZVcIrYP8Jn9olj",
"1EihkUZJcXOwXN4tedcfxd",
"12Zk1DFhCbHY6v3xep2ZjI",new jersey rap
"4CjwZ3c0XNrtf2JkXV0Ss6",
"3ZfuJqd34fmfkTMpqDW2iI",
"3Uees4yarZxpOrkxJsU8jA",
"60ArvoSDGNI2WPhezAqz6u",
"6DsMACWhJ5AgWLkZA2f5BV",
"3kz1MToxXOeJU18hzSRbRm",
"20MbZeDJcbXxkcZWumh9rC",
"7o2ZQYM7nTsaVdkXY38UAA","alt z,gen z singer-songwriter"
"67IEitKrrQwfGupMhUNQ5O",
"0lQLEejtZqv5SydrKNiEhp",
"0YOsZDMM7o21C8pXFfcP6i",
"0wWjibY3LHaDStvVUwYY9h",
"6KHnECmT9Nn73k1tKs62Wu",
"1ZPs71pxgkYzB0NHHdqaBk",
"3vLsNyfzPpGWdfWcoKKvDV",
"3zBh63FeLXKl7X4M7Axqjo",
"5lpH0xAS4fVfLkACg9DAuM","new romantic,new wave pop,soft rock"
"4TQQfni0Ql808AhLVD7Tdo",
"2hr2Pae57x29iMVqjKnHnf",
"217MNMhqZ05mfyG4CUO7WH",
"3m9GiwM3Fa2EDsp60ddnJm",
"5sWitGY2SNYabXITsrSBBv",
"7qxSPHgd4lPNkrMLXrRlqp",
"2p5DEEpHgoW3OlsmBkSBXF",
"1xsv5MEj5bOCccOaKDbp5h",
"3BqCREDFLYfJiX8yZrKtrR",
"29E8kI5zXqBnKkwQCi0vhM",
"4iFHEbdGaV010QjbSCeFk7",
"4PUjkcBuLz6OR3Xhm2OA1t",
"60a9Gfh622Iz7aPSgxsrtm",
"2j6yMldmOfGh5i8vOYSFKt",
"1R1ZEXs62UOx3OJt7Eagr1",
"2suTBg2MjbgarQaazYMYdU",
"4Tvyl6wOvxBGZcAInRoOF0",
"2DxvI4Nw6a1oTI7E6qOVEc",
"4TqlcgMFDryY96KWcvrhTv",
"1zB84fp3Bg3FCHcz0eGc5s",
"5rgGEItdOwNLB079BDuHJt",
"0QDtEwBuAbylERTOT4PntE",
"0FbOZwBS2giL3NOXLUoLQu",
"0pt6ayywULwGyoiZyfWe1f",
"2PyMbAyHhTofwt07234U0f",
"1qObxOBQWYkdfJhMGdMwmU",
"3B9OIkWTZIbUNdWpzYwxob",
"4LHTgACY32k94VDjenF0nP",
"44sYX4gwGmUZBnNT2AZTPW",
"5exS0bytCYdixgv02DaCm3",pop r&b
"7CajNmpbOovFoOoasH2HaY","dance pop,edm,electro house,house,pop,pop dance,progressive house,uk dance"
"66CXWjxzNUsdJxJ2JdwvnR",pop
"55Aa2cqylxrFIXC767Z865","hip hop,new orleans rap,pop rap,rap,trap"
"53XhwfbYqKCa1cC15pYq2q","modern rock,pop,rock"
"4Kv35Xnw1ODjO2nIHLhdBY",funk mtg
"2uYWxilOVlUdk4oV9DvwqK","brooklyn indie,pov: indie"
"5lcYXhAfA5WoaCtUXIzwNb",brazilian classical piano
"3MdXrJWsbVzdn6fe5JYkSQ",trap queen
"32u1p6WuDcC7EUh7iWQPAg","deboxe,funk mandelao,funk rj"
"7iJl63aJyNd8C6NZlMv6kp","axe,pagode"
"360IAlyVv4PCEVjgyMZrxK",r&b
"7ujbuq6hAjLSf7cGr6au0b",funk mtg
"04NtfTeul9H9B41tPvF3MG",funk mtg
"25AjzG7UO6tKfw11bwPscM","brega funk,deep funk ostentacao,funk rj"
"21Pr1Vuj2NjgXiwKpuecrr",funk rj
"7hcLgowsbmmUxHXPmrKHnA","funk capixaba,funk mtg"
"0LzKJGPuCzCpzO1nzfasU4",pagode baiano
"0Otd1ReHJtVAzwAuRj09Zg",agronejo
"0xKbHuoAoxvPu5uGax4d9l",trap brasileiro
"4GJ6xDCF5jaUqD6avOuQT6",k-pop girl group
"6Eni0bpQP6Z3G2CIN7VJRh",funk viral
"2aBp5B1hhPlvVWbocbfA6x",funk viral
"6junQmlAntqTBJPTYCq25a",funk mtg
"0zyPMXUsjcvUvgWmaRt0bY",funk 150 bpm
"5ZEpz4ei1jHqvA4EHUeKqs",funk mtg
"6wPdYcqH47pTiPqsN7SImJ",no beat
"4Ley0K7c2keTiOW0Jpam5g","deboxe,rave funk"
"0XLrjcXTNJmPJTF3ByHJfV",funk mtg
"0VQRHmzky5fo3E5LZB0x3e",trap brasileiro
"6u7ARzZBuJVsufQ6eLldaf",deboxe
"4DGPK44xtNPRNQSH2Bg73a",forro
"3l3kTDXnvYNA4u1kLLvLn2",grime brasileiro
"1FDT0PZnOcCFOEClMFLLsS",pop teen brasileiro
"0oSb8ZEnIS4bPrpDoMT4tx","arrocha,forro,forro de favela,pagode baiano"
"6ugw7JCu0AG7txRcRAxU8d","deboxe,funk mtg,funk rj,rave funk"
"4VJQfP4fjQurfFxS5bNsMd",sertanejo pop
"2ni9UEaV4J7nC6GU6mYWcX","brega funk,brega romantico"
"4hpKB93agzoncsTXEstSpK","pagode,pagode novo"
"1x7Y5zQOvhROVPgy73689r","pagode,pagode novo"
"5mkVUbjeMxfKKjqL1mhplz",reggae do maranhao
"5f7cQBZuBWNeBmglwIWj6a",pagode baiano
"2DlGxzQSjYe5N6G9nkYghR","dance pop,pop,urban contemporary"
"4oZ941RuRcTCaWxV8YptJu",r&b brasileiro
"6I3MElirhT5t6Kf7p0hGk9",alternative r&b
"1igl9M102nuD96lo3ZoW5d",indie pop rap
"0aMqt2uGLuHj4eI8oXgVzN",mexican pop
"5O8cudluftNZ6PCwRzvYxo",mexican pop
"6DDTbUgrNrVcAJFVrOjmVK","brazilian hip hop,rap pernambucano"
"2UzbrOSDiSjcLFN8wZ4bz2",trap carioca
"0410LsuDnINVvVPRBE7pOo",sertanejo pop
"7tjVFCxJdwT4NdrTmjyjQ6",indie r&b
"3BwCvUfnT11B2jJtFZMtfH","sertanejo,sertanejo pop,sertanejo universitario"
"0f2YkMXwFNJNSX7MymevKE",contemporary r&b
"4W7msxIdip7RH18eBaToND",detroit trap brasileiro
"6AVuBAosGPLRJYwoJ88wtt",grime brasileiro
"1yR65psqiazQpeM79CcGh8","arrocha,sertanejo,sertanejo universitario"
"1mXAhKnZEdF6rotyyd4GBi","funk carioca,funk ostentacao,funk pop,sertanejo universitario"
"2LZDXcxJWgsJfKXZv9a5eG","downtempo,electropop,shiver pop,vapor twitch"
"6xlRSRMLgZbsSNd0BMobwy","funk carioca,funk das antigas,sertanejo universitario"
"2XxoyHwf1qOWsJIq8y83cw",deep funk ostentacao
"59jlthNnbmim5l9tmNA7se","sertanejo,sertanejo pop,sertanejo universitario"
"5zpNiDA9xLFWQfPCJOQNGN","agronejo,sertanejo,sertanejo pop,sertanejo universitario"
"06cd30Cv9US973Ika84gDw","funk carioca,sertanejo,sertanejo pop,sertanejo universitario"
"1anyVhU62p31KFi8MEzkbf","chicago rap,conscious hip hop,hip hop,pop rap,rap"
"7MiDcPa6UiV3In7lIM71IN","agronejo,arrocha,sertanejo,sertanejo universitario"
"0BqURncJM5B1BBu7UM51eq","reggaeton,reggaeton flow,urbano latino"
"1vp5pm1DluN0sNXx4tMZzo","pagode novo,pop nacional,sertanejo universitario"
"5Lv2GUVwqmQBPwrTrxucE5","agronejo,arrocha,forro,piseiro,sertanejo universitario"
"3S74KS3tNqMc4S1ot7E26k",funk viral
"1Xylc3o4UrD53lo9CvFvVg","pop,scandipop,swedish electropop,swedish pop"
"7zIRO89G0FBAQtGMHO1Wa0","agronejo,arrocha,sertanejo,sertanejo pop,sertanejo universitario"
"3p7PcrEHaaKLJnPUGOtRlT","agronejo,arrocha,sertanejo,sertanejo universitario"
"6ltzsmQQbmdoHHbLZ4ZN25","indie folk,stomp and holler"
"3Nrfpe0tUJi4K4DXYWgMUX","k-pop,k-pop boy group,pop"
"246dkjvS1zLTtiykXe5h60","dfw rap,melodic rap,pop,rap"
"1sDVuztNhGcetCLChkleDA","sertanejo,sertanejo pop,sertanejo universitario"
"1SupJlEpv7RS2tPNRaHViT","latin hip hop,reggaeton,trap latino,urbano latino"
"1vyhD5VmyZ7KMfW5gqLgo5","reggaeton,reggaeton colombiano,trap latino,urbano latino"
"47mIJdHORyRerp4os813jD","speedrun,video game music"
"1CF8aEN939swnuIZGFI7Hk","melodic metalcore,metalcore,trancecore"
"2W6kbe0nm96COrHzNmfLLd","funk carioca,funk ostentacao,funk paulista"
"6LuN9FCkKOj5PcnpouEgny","pop,pop r&b"
"6vXTefBL93Dj5IqAWq6OTv","hip hop,pop rap,rap,southern hip hop,trap"
"2ayNSoKPCRAfjp6hQ76hRu","latin pop,pop venezolano,reggaeton,trap latino,urbano latino"
"1yDAF4rsplzWHhq3yFGZjM",pop rap brasileiro
"6cUTkFvlPW27lYc3qcoOgy",pop rap brasileiro
"5ZHFfmxPiRYohYVeUnOogj",pop rap brasileiro
"7zxFc10N9BP2lg73b8cwZ0",pop rap brasileiro
"0MInKJqZscEeNc5K3K0mkE","pop nacional,sertanejo,sertanejo pop,sertanejo universitario"
"5fMUXHkw8R8eOP2RNVYEZX","dance pop,edm,electro house,moombahton,pop dance"
"4MCBfE4596Uoi2O4DtmEMz","chicago rap,melodic rap,rap"
"5xnMjuPp1eDXa8du0SKIHD","brazilian percussion,nova musica paulista"
"25uiPmTg16RbhZWAqwLBy5","art pop,candy pop,metropopolis,pop,uk pop"
"6tdM5Njlln7nWkonCppW0u","brega funk,funk carioca"
"1Cs0zKBU1kc0i8ypK3B9ai","big room,dance pop,edm,pop,pop dance"
"487N2T9nIPEHrlTZLL3SQs","agronejo,arrocha,sertanejo,sertanejo universitario"
"0c173mlxpT3dSFRgMO8XPh","detroit hip hop,hip hop,pop rap,r&b,rap,trap"
"2Z0lRIqr997lIUiPtrpKCr","agronejo,arrocha,pop nacional,sertanejo,sertanejo universitario"
"1B0Rp4SWGnFgGCPU5Pju6E","funk carioca,funk das antigas,funk ostentacao,funk pop,sertanejo universitario"
"2QjS2N6sORI7H4qbf6xitS","brazilian hip hop,funk carioca,no beat,trap funk"
"5xYkM2vMrE23taj6tl7qkm","funk carioca,trap funk"
"47uyFQHOD02S0lj9ptRpoB","arrocha,sertanejo,sertanejo universitario"
"3zgnrYIltMkgeejmvMCnes","afrofuturismo brasileiro,pop nacional,r&b brasileiro"
"1Rpp9XZ2UUDmW81JvQP1at","funk carioca,funk ostentacao"
"3CDoRporvSjdzTrm99a3gi","funk carioca,funk pop,funk rj,pagode baiano,pop nacional"
"4oE4ASN8auDhoW9vsXp3VJ","brazilian hip hop,rap nacional antigo"
"1Xyo4u8uXC1ZmMpatF05PJ","canadian contemporary r&b,canadian pop,pop"
"75i9GaW2MJUgt4BkdUnuUY",funk paulista
"3jK9MiCrA42lLAdMGUZpwa","escape room,hip hop,indie soul,neo soul"
"3gZAVWMzKOt1tVO4tHoGwo","folk brasileiro,nova mpb"
"5QuBVnBPEzwYvFrgBbwpmU","art pop,electropop,escape room,etherpop,shiver pop"
"540vIaP2JwjQb9dm3aArA4","edm,electronic trap,pop,pop dance"
"4bL2B6hmLlMWnUEZnorEtG","edm,german dance,pop dance,tropical house"
"3uZFBSsMiooimnprFL9jD1","canadian old school hip hop,reggae fusion"
"0tvpihdAsKiNnP6sWS3jUI","bass trap,electronic trap"
"2cy1zPcrFcXAJTP0APWewL","cubaton,electro latino,latin hip hop,latin pop,reparto"
"5D56dZmhE9DgT01XixdHiD","belo horizonte indie,nova mpb"
"1LGh5vyaoQP9bgTwLSMTyW","arrocha,sertanejo,sertanejo pop,sertanejo universitario"
"6ZLTlhejhndI4Rh53vYhrY","album rock,alternative metal,birmingham metal,classic rock,glam metal,hard rock,metal,rock"
"204IwDdaHE4ymGk9Kya2pY","afrofuturismo brasileiro,brazilian hip hop,rap mineiro"
"6ODCVWBfGNFUf1bpo0c2Ge","afrofuturismo brasileiro,brazilian hip hop,funk carioca,indie curitibano,pop lgbtq+ brasileira,r&b brasileiro,rap feminino nacional,rap latina"
"1fUSLFr4WUBx7joEcGwpvG","pagode,pagode novo,sertanejo universitario"
"5JXhkyafynxCvxtov7C1PV","sertanejo,sertanejo pop,sertanejo universitario"
"1vCWHaC5f2uS3yhpwWbIA6","dance pop,edm,pop,pop dance"
"41QLxRXlc2NwfJZkHGHKid","agronejo,arrocha,sertanejo,sertanejo pop,sertanejo universitario"
"0NsJZ5PMjqghGDuMzY7CuT","sertanejo,sertanejo pop,sertanejo universitario"
"5bzWtCkjIAMgN93gLt56SO","afrofuturismo brasileiro,bass trap,funk carioca,pop nacional"
"0A8ej3hXTozbQAMhcU8RNb","brazilian edm,canadian electronic"
"0slVGXBggrLglTLNKbeEyW","folk brasileiro,nova mpb,nova musica carioca"
"35YkpX0zYwHG8vOIhObvxP","forro,sertanejo,sertanejo pop,sertanejo universitario"
"597XBqZtaiZC7laCNx3nVz","sertanejo,sertanejo pop,sertanejo universitario"
"1X6ORK7IekgmyjV6IFPszP","arrocha,sertanejo,sertanejo universitario"
"5408dzJspuFtrmsRd9zcHL",funk carioca
"0haZhu4fFKt0Ag94kZDiz2","latin pop,latin viral pop,mexican pop,reggaeton"
"0QHGCPmM4UgeNvrNPntSlu","brazilian hip hop,r&b brasileiro,rap feminino nacional"
"2wY79sveU1sp5g7SokKOiI","pop,uk pop"
"1i8SpTcr7yvPOmcqrbnVXY","puerto rican pop,reggaeton,trap latino,urbano latino"
"6PERJZF7wohA034PAxDK0b",trap brasileiro
"4PzYKhC14sTJNEr0dzoo0d","funk carioca,pop nacional"
"7cjh6y0V9SsyCrWSXTzwOs",latin pop
"6ModsWtBph2rE6zCTVxvZt","latin pop,latin viral pop,mexican pop"
"1XggRlhdW70SWvKflaZUEI","musica baiana,samba reggae"
"7tcFzUKSICkJWCZzWs4htq",r&b brasileiro
"5JG9GISYjRLQUJMH2C6iJ5","pagode,pagode novo,sertanejo universitario"
"592JnViQ2tot63c1SbtgK2","funk consciente,funk paulista"
"6TxINSxeDX9C70nAiJZoVA","funk carioca,funk ostentacao"
"0cjkWe9VXcECGiOEHFuTfc","funk consciente,funk paulista"
"4O15NlyKLIASxsJ0PrXPfz","hip hop,melodic rap,philly rap,rage rap,rap"
"6GRG2j3z9S1Lsa47YgPjkH",brazilian hip hop
"6HJiLhKqnOh32p3LSNWsR3","funk carioca,funk rj"
"5GqnSMX8p2hxqsM6LqDty3","agronejo,arrochadeira,funk carioca,funk paulista"
"7me0S5Z40qVWj3gzyK8aC3","funk carioca,funk paulista,funk rj"
"2jFK9ZXWDd7auJvfNfBcuC","brazilian edm,brazilian house"
"03PnQHlbH5nDDVX3hNg628",funk consciente
"5x2zeeLVXEDaMHRaRmH3FD","pagode novo,roda de samba"
"3zUcyANWSbo98ikca4ugrV",funk ostentacao
"4SsVbpTthjScTS7U2hmr1X","latin hip hop,reggaeton,trap latino,urbano latino"
"11iQCRz636WFdHj42qxAF6","funk carioca,funk rj,pagode baiano"
"0yApzRdrUqTGqX9MULdnmV","brega funk,funk carioca"
"7C7NNCiIFavKH6oDarjp0v","arrocha,brega funk"
"4FUMTycjZlEY6ZxMgqNjC8","arrocha,sertanejo universitario"
"2q9wk5fkeU2C9CgCKdh4AN","funk carioca,funk consciente,funk mtg,funk paulista"
"1SZXYhJz4sqEss888VmWLP","funk carioca,funk mtg,funk paulista"
"6VyttZwyEMGBl90oGdKCB8",funk paulista
"27mVhYvJa7apj1zCoZ9TF2","funk carioca,funk consciente,funk ostentacao,funk paulista"
"1S4ASTDQvMwm6jP95pIsYB","funk consciente,funk ostentacao,funk paulista"
"1tGLEVy901arulIovZtdLc",forro
"21UPYSRWFKwtqvSAnFnSvS","afro r&b,afrobeats,alternative r&b,ghanaian alternative,ghanaian pop"
"0RPzmE1iY76tx1eBBXFyYn","arrocha,piseiro"
"46EwhcgfF4cor5KCQQX42i",funk mtg
"5ncITNKBT3RMa1U2NsuE7V",funk consciente
"5InVWl8IZB8zFAoNa5roKm",funk paulista
"7H3XEvrS2PsNzM76MczgHJ",trap brasileiro
"5xKesKsXI1jv2TorLOnbbm","agronejo,funk bh,funk mandelao,funk mtg,funk viral"
"2z8FuS3crq9QwDVKlR31hP","funk consciente,funk mtg,funk ostentacao,funk paulista"
"0WvTL8PecsD3VxRGuHdSxj",trap brasileiro
"0UbJJayomun8CvZKCPH9j3","arrocha,sertanejo,sertanejo pop,sertanejo universitario"
"4oxFgud0qa3A1tE6JFpFVp",trap baiano
"5KNNVgR6LBIABRIomyCwKJ","folk-pop,irish pop,uk pop"
"4c4seBofkiiONBxLBd4CUa","funk consciente,funk paulista"
"3PZTvUS5fUUhV3EKAjqdZk",rave funk
"2vWGxqWbGgmgxVDZ5CBvBP",trap brasileiro
"1b8kpp4DUwt1hWaxTiWQhD","bossa nova,mpb,samba,tropicalia"
"06e0gXtUpvgPUZFrR2ywsg","funk mandelao,funk mtg"
"34BnNmWVguXa3CigvfHJHS","funk bh,funk mtg,funk viral"
"29QKtXMaVczUBDiI3aPBWS","boom bap brasileiro,brazilian hip hop,rap mineiro"
"6U3ybJ9UHNKEdsH7ktGBZ7","hip hop,pop rap,rap,underground hip hop"
"34dfPo3Zi55yM6oV46q4y7","funk carioca,pagode,pagode novo"
"5WFFFHVqeVk5tLuYh2KjQy","brazilian hip hop,pop nacional,pop rap brasileiro,r&b brasileiro"
"7f5Zgnp2spUuuzKplmRkt7","belgian edm,edm,pop dance,tropical house"
"1OnaDJeU2PxDBZZFkzkvZl","arrochadeira,forro,piseiro"
"2hKfWlZLozDVOkReXCYJXq","funk bh,funk mtg"
"6jBww4kwlSrjaNYP7AQPtX","trap brasileiro,trap carioca"
"0A0FS04o6zMoto8OKPsDwY","cali rap,hip hop,pop rap,rap,southern hip hop,trap"
"3Nipsl6GVwwGyeAk0J29C6","funk carioca,funk mtg,funk ostentacao,funk paulista"
"6DtpcJP3QBgHfte3eKzUCI","agronejo,sertanejo,sertanejo pop,sertanejo universitario"
"0hCNtLu0JehylgoiP8L4Gh","hip pop,pop,queens hip hop,rap"
"08zSkHjCY3ypH4gdBVHWgO","brazilian hip hop,musica capixaba,r&b brasileiro,rap capixaba"
"4GeitETxoipNor9MyEEbYz",funk viral
"2LIk90788K0zvyj2JJVwkJ","deep underground hip hop,kentucky hip hop,pop rap,rap"
"5pKCCKE2ajJHZ9KAiaK11H","barbadian pop,pop,urban contemporary"
"5RmQ8k4l3HZ8JoPb4mNsML",k-rap
"6wduHvHCH5QZtWs6ULilDM",forro
"5lal0BjsooQ7ON4t7B73bp",funk mtg
"6kBjAFKyd0he7LiA5GQ3Gz","bubblegum dance,eurodance,europop"
"6Ywb1no2hXLazjIs4LUiQD",brazilian hip hop
"5iiQvuDCnlXoK8iAhydW0u","pagode,samba,samba moderno,samba-enredo,umbanda,velha guarda"
"6m6e7D2TnV0aYMllFFwMxu","agronejo,arrocha,sertanejo,sertanejo universitario"
"0f59qYByNYzspwAr7huTSB",brazilian gospel
"3MrDVzg7ZXaYMyQmbDInr7",trap brasileiro
"3bpbNht7qJCmPo8sjVF3tA",funk consciente
"210Sy1oGhvPu929TKoSVcN","funk carioca,funk mtg"
"3M8aD9XWxfel3jZakRbibZ","funk carioca,funk consciente,trap brasileiro,trap funk"
"28QnIZpWxKcxuSk4iRLUgX",funk mtg
"54bV1pHNm5h5EcEgMis1RC",funk mtg
"0SzWnIde8xRsuGDZYZdvE5","agronejo,musica gaucha"
"7yPoxj2lXWy7J4ixQHVubk","arrocha,forro"
"4C5NwUOtsmPrPSD5A7hYbU","axe,forro,sanfona"
"2iNFFCEAFdfAV5hPdpMk6x","trap carioca,trap pesado"
"4wh03gpwWgB5koOyZr8XxB","musica paranaense,pop nacional"
"04gDigrS5kc9YWfZHwBETP",pop
"2YZyLoL8N0Wb9xBt1NhZWg","conscious hip hop,hip hop,rap,west coast rap"
"2ziB7fzrXBoh1HUPS6sVFn","alternative metal,alternative rock,grunge,hard rock,nu metal,permanent wave,post-grunge,rock,supergroup"
"13y7CgLHjMVRMDqxdx0Xdo","atl hip hop,dirty south rap,hip hop,pop rap,rap,southern hip hop,trap"
"7DMveApC7UnC2NPfPvlHSU","edm,pop,pop dance"
"3TVXtAsR1Inumwj472S9r4","canadian hip hop,canadian pop,hip hop,pop rap,rap"
"6qFbBE8ubS4NxtxVPytxG5","funk carioca,funk ostentacao"
"7iZtZyCzp3LItcw1wtPI3D","melodic rap,mississippi hip hop,pop rap,rap,trap"
"53iGNetIf91uZx4Jb54cgb",brazilian hip hop
"2HPaUgqeutzr3jx5a9WyDV","r&b,rap,urban contemporary"
"1l7ZsJRRS8wlW3WfJfPfNS","dance pop,pop"
"4RSyJzf7ef6Iu2rnLdabNq",pop dance
"0pC5o5Jo4P8uNn2SSNmpXz",pagode novo
"6i7MlW2ZdQRPi5sGOxXCH3","funk carioca,funk ostentacao"
"23e9hgUNNlZWv6E0nxf8fA","musica gaucha,sertanejo,sertanejo pop,sertanejo universitario"
"4poL7YCSkG7kMnWjAdDU91","albanian hip hop,albanian pop,kosovan pop"
"6kT18gnkVrCz8xJQcrib7L","brazilian bass,brazilian edm,brazilian house"
"3e7awlrlDSwF3iM0WBjGMp","girl group,pop,talent show,uk pop"
"5Y5TRrQiqgUO4S36tzjIRZ","dance pop,pop,pop rap"
"2qxJFvFYMEDqd7ui6kSAcq","complextro,edm,german techno,pop,pop dance"
"3HxTMZ6kZ9OuvFfwcYJwov","agronejo,sertanejo,sertanejo pop,sertanejo tradicional,sertanejo universitario"
"2Q4r4Epfaaho06ONTHx7OS","brega funk,funk carioca,funk ostentacao"
"34ZgtjHC9aNCr5ZTUs7bzx","funk bh,funk mtg,funk viral"
"7z5WFjZAIYejWy0NI5lv4T","contemporary country,country,country road"
"0guw2RGoUqaWKpoCY5DzWY","funk carioca,funk mtg"
"4NUePmzDvCYqilXBFa91Hg","pagode,pagode novo,sertanejo universitario"
"21WS9wngs9AqFckK7yYJPM","melodic rap,rap,trap"
"6TYimByryGphZCtwYopH0y","sertanejo,sertanejo pop,sertanejo universitario"
"2ZXnTEyYopSLCDiz5Z0XIf","funk carioca,funk consciente,funk ostentacao,funk paulista"
"0qzIE6qGhz0erJe0Fy8RHt","sertanejo,sertanejo pop,sertanejo universitario"
"0Pl4c5YACE9Hwq4l48d9kv","arrochadeira,piseiro"
"2LRoIwlKmHjgvigdNGBHNo","colombian pop,pop reggaeton,reggaeton,reggaeton colombiano,trap latino,urbano latino"
"3QJUFtGBGL05vo0kCJZsmT","alt z,modern indie pop"
"4LEiUm1SRbFMgfqnQTwUbQ","chamber pop,eau claire indie,indie folk,melancholia,modern rock"
"1CFhifYnc1SnQc4ilM6aWe","batidao romantico,brega funk"
"7hJcb9fa4alzcOq3EaNPoG","g funk,gangster rap,hip hop,pop rap,rap,west coast rap"
"0UkgR9OaNIythB9LMU6ND1",brega funk
"4q3ewBCX7sLwd24euuV69X","reggaeton,trap latino,urbano latino"
"0NiaKn55OzJswiYevvlKfz","arrocha,forro"
"6USMTwO0MNDnKte5a5h0xx","pop rap,viral rap"
"5wbf52LA6kcaboHSN6NEF1","funk carioca,funk rj"
"2izGaoIYoEdXcfIW6D8ktN","deboxe,funk mandelao"
"5JbQpbeFaKfuZVFzKwaawP","arrocha,batidao romantico"
"43jyzP3h86XvtC8FQm4ow3","afrofuturismo brasileiro,pagode baiano,pop lgbtq+ brasileira"
"3OxZ4asD88P1lJJmLcXz4K","forro,sertanejo,sertanejo pop,sertanejo universitario"
"4fxd5Ee7UefO4CUXgwJ7IP",r&b
"5y2Xq6xcjJb2jVM54GHK3t","neo soul,pop,pop soul,urban contemporary"
"1JJq541frMPfUIQiUoVrnp","funk bh,funk consciente,funk mtg"
"0PMk31f9Log4ixwUUY40p6","pagode novo,pop nacional"
"6jmHuLfbWlq34KedQ7mA5I","brazilian edm,relaxative"
"6MPCFvOQv5cIGfw3jODMF0","pop rap,trap"
"7rkW85dBwwrJtlHRDkJDAC","canadian hip hop,canadian trap,melodic rap,rap,trap"
"6Je1GWROutRKp3J1Kxi0Gl","deboxe,funk mandelao,funk mtg,rave funk"
"1zEo6Fk1iaaOYFlFPBHCFn","sertanejo,sertanejo pop,sertanejo universitario"
"1Yd4ADHmH76FCy0nK4Nf2J","arrocha,arrochadeira"
"0GGDntDaQgJVknzJlXD1Nd","speed plug brasileiro,speed up brasileiro"
"3THyxXDkvAVvmfZKP3Fq7G","funk bh,funk mtg"
"1JYiyu6QtmtwjdFz3TEFTe","funk mandelao,funk mtg,phonk brasileiro,rave funk"
"0b1sIQumIAsNbqAoIClSpy","k-pop,k-rap"
"074zrnA9SL424EnrYgoKmq",pagode baiano
"5OvehyyUJ5edWaogL9o4Ka",musica triste brasileira
"6qrqAYlS6lUj2BVXax7SZW","arrochadeira,deboxe,funk 150 bpm,funk mtg,funk rj,trap funk"
"2T1se5h5FRkw7ZfR7yxdlm","arrocha,forro"
"2PC0CLpUsoEQPNIZKg2ZX0","funk carioca,funk ostentacao"
"5r3Fsh6QhUaKlr9CKgBxcv",funk mtg
"4SKWDIWfEZbyMI8gzeeoXO",funk viral
"5dLVqC89Drj8IZ82EICZZk","funk mtg,funk viral"
"4mBT8Rbk2WUxiVxdRpX5hW",funk mtg
"2E4sNJOOy9hae0J8DkT43M","funk carioca,funk rj"
"65tpb4BwAnD3HOUs8MC6TB","funk mtg,funk viral"
"6zGPa2tLMJ5HQYUddZI8di",trap funk
"32NfHH4nSmu97Z4RQjPyET","drill brasileiro,grime brasileiro"
"33NrinbbEctw1wsdKNgZeZ","sertanejo,sertanejo tradicional,sertanejo universitario"
"2Zs8oC4IDwNcanf2QU8jkM",deboxe
"3YGDb5v2LDFC9eNap5mpLz","brazilian house,deboxe"
"0DLzO3qfGGEJyXwLflcgXK",funk viral
"6n45wsxj6sDedgwEyTza6d","axe,carimbo,mpb,musica popular paraense,pagode,pop nacional antigas,samba,velha guarda"
"7tYKF4w9nC0nq9CsPZTHyP","pop,r&b,rap"
"2XnBwblw31dfGnspMIwgWz","edm,pop dance"
"586uxXMyD5ObPuzjtrzO1Q",edm
"5Z05MLMVXu2Vmj1WWwO97E","sertanejo,sertanejo pop,sertanejo universitario"
"1mcTU81TzQhprhouKaTkpq","puerto rican pop,reggaeton,trap latino,urbano latino"
"7dGJo4pcD2V6oG8kP0tJRR","detroit hip hop,hip hop,rap"
"5KKpBU5eC2tJDzf0wmlRp2","uk contemporary r&b,uk pop"
"4Wjf8diP59VmPG7fi4y724","dutch house,edm,electro house,pop dance,progressive electro house"
"6PXS4YHDkKvl1wkIl4V8DL","new jersey rap,pop rap,rap,southern hip hop,trap"
"3t5xRXzsuZmMDkQzgOX35S","deep euro house,deep house,edm,german dance,pop dance,tropical house"
"3vayFOuOTSUgqcrdoyjZWB",pop lgbtq+ brasileira
"6XyY86QOPPrYVGvF9ch6wz","alternative metal,nu metal,post-grunge,rap metal,rock"
"163tK9Wjr9P9DmM0AVK7lm","art pop,metropopolis,nz pop,pop"
"3455RNeKZ9giouA4pde2qA",trap brasileiro
"1oKdM70mJD8VvDOTKeS8t1","alt z,nyc pop"
"61rqgwKmF0QwycnC8O82rn","sertanejo,sertanejo pop,sertanejo tradicional,sertanejo universitario"
"0bdfiayQAKewqEvaU6rXCv","dance pop,danish pop,electropop,pop dance"
"4ehtJnVumNf6xzSCDk8aLB","danish electronic,edm,pop dance"
"4dpARuHxo51G3z768sgnrY","british soul,pop,pop soul,uk pop"
"5CC2At3k0Xnyc5s9yHdyax","folk brasileiro,nova mpb"
"7vk5e3vY1uw9plTHJAMwjN",electro house
"2PHZw1JCGqwqxZdZ0tt222","brazilian edm,brazilian house"
"23fqKkggKUBHNkbKtXEls4","edm,pop,pop dance,tropical house"
"0CrGLmfVKzk9rAyiNb91ft","agronejo,sertanejo,sertanejo pop,sertanejo universitario"
"7pbay7w0V7OdIr3jzSRkHj",irish pop
"5nbaj9RaJdFNlS5ZxoqN97","brazilian hip hop,pop lgbtq+ brasileira"
"74XFHRwlV6OrjEM0A2NCMF","candy pop,modern rock,pixie,pop,pop emo,pop punk,rock"
"1QRj3hoop9Mv5VvHQkwPEp","alt z,pop"
"7oCPozHYsiILeiQlma8EEj","pop lgbtq+ brasileira,pop teen brasileiro"
"5dbaLmK5SHLLg8Z4CcTJpX","colombian pop,latin pop,r&b en espanol,reggaeton,reggaeton colombiano,urbano latino"
"3vcNcwMasVwgv5jPfdUwaE","funk carioca,funk mtg"
"3DAlQBPv5zWasPxV5Tr8ok",brazilian edm
"4YLtscXsxbVgi031ovDDdh","contemporary country,outlaw country"
"6t1gpxYbY8OlLA7D2RiikQ","edm,pop dance"
"1moxjboGR7GNWYIMWsRjgG","baroque pop,electropop,modern rock,uk alternative pop"
"7nsXkCzq2603Kc9SrJx1q0","chill baile,musica eletronica brasileira"
"1INuLZXjjVbcJRyWvD1iSq","pop,teen pop"
"15UsOTVnJzReFVN1VCnxy4","emo rap,miami hip hop,rap"
"5vQfv3s2Z2SRdPZKr82ABw","canadian electronic,dutch house,edm,electro house,pop dance,pop edm,progressive electro house"
"6Xgp2XMz1fhVYe7i6yNAax","melodic rap,rap,trap"
"3thMwq9J3a0UeLnPGhA4Qn",brazilian edm
"0AspLZGQkP38yddNoD0pLn","latin viral pop,mexican pop,reggaeton mexicano"
"0L8ExT028jH3ddEcZwqJJ5","alternative rock,funk metal,funk rock,permanent wave,rock"
"1uf8uSErmKc3JVtmjVBZ83","brazilian hip hop,funk rj"
"2kCcBybjl3SAtIcwdWpUe3","cloud rap,emo rap,lgbtq+ hip hop"
"4C4kpaAdp6aKSkguw40SsU","brazilian rock,latin alternative,manguebeat,mpb,pop rock brasileiro,rock mineiro,rock nacional brasileiro"
"4IWBUUAFIplrNtaOHcJPRM","pop,talent show,uk pop"
"02kJSzxNuaWGqwubyUba0Z","indie pop rap,oakland hip hop,pop rap,rap"
"5rhznZjKfSxtKVqB0JZtpC","funk carioca,funk paulista"
"3lX6w0gmtgVeijiFxNz5O7",funk carioca
"0OWtaM1z81DliQXntU4KaN","sertanejo,sertanejo pop,sertanejo universitario"
"4B0rppbJilYfZOPPEgpPtz","arrocha,brega romantico,forro,sertanejo,sertanejo universitario"
"4ScCswdRlyA23odg9thgIO","dance pop,pop,uk pop"
"5Rl15oVamLq7FbSb0NNBNy","boy band,pop"
"47BEc2RoW53owMyxacXWdV","belgian edm,dutch house,edm,electro house,pop dance,progressive electro house,progressive house,slap house"
"3hv9jJF3adDNsBSIQDqcjp",pop soul
"43DrL9cHm49HEwg85idE2c",trap brasileiro
"1BEwyy7IePkvyJpA1WSw1n",brazilian edm
"7gOdHgIoIKoe4i9Tta6qdD","boy band,pop"
"3CjlHNtplJyTf9npxaPl5w","indietronica,metropopolis,neo-synthpop,shimmer pop"
"3WQ1s2QFvL6crxBvrVhwzj","forro,sertanejo,sertanejo pop,sertanejo universitario"
"3a5ydeAaojKa3CHWe5PVWK","funk carioca,funk consciente,funk ostentacao,funk paulista"
"6LjdKBMnP1Da8Oe6WhrN56","batidao romantico,brega funk,brega romantico,forro de favela,funk carioca"
"4qIVPF0s71ZYW3qzhu5GkF","sad lo-fi,slowed and reverb"
"2d9LRvQJnAXRijqIJDDs2K","afrofuturismo brasileiro,brazilian hip hop,brazilian reggae,funk ostentacao,hip hop tuga,manguebeat,pop lgbtq+ brasileira"
"5yES5e4EJpUB0tfmWi3eao",funk carioca
"4qBmR5LZctXUqqUYYQtOVw","funk carioca,funk pop"
"4QVBYiagIaa6ZGSPMbybpy","latin pop,puerto rican pop"
"3Isy6kedDrgPYoTS1dazA9","dance pop,dancehall,pop,pop rap"
"6fOyYqdh6p0ZWLs9zUDoyt","funk carioca,funk paulista"
"5jjAhuJ1IyVRmm4ZsXhsRG","funk carioca,funk paulista"
"6CAOElXrWvhb594GKitCch",trap brasileiro
"5rGrDvrLOV2VV8SCFVGWlj","electro house,pop dance,slap house"
"4Ui2kfOqGujY81UcPrb5KE","indietronica,metropopolis"
"0bm790gMtTnJ9RWUijkC24","brazilian edm,brazilian house"
"4xKfNBUXa00go8RU9TwwkI","r&b brasileiro,trap brasileiro"
"7IlBcKrGUBJ0NKdnbDde89",brazilian hip hop
"63yrD80RY3RNEM2YDpUpO8","alt z,electropop,pop"
"2Y3kRJYYun9lDcRMM7ulQg","brega funk,funk carioca"
"3jLj1sAQaEpLpktyJmyGIh",r&b brasileiro
"4SWOPPVmBsxVY8MZxXkk2S","funk mtg,rave funk"
"2kMDiFDvjMOoLfcZbLgA6s",rave funk
"7EQ0qTo7fWT7DPxmxtSYEc","metropopolis,modern rock,pop"
"1WA2YgK6RudLFgrIIPfUeR",funk 150 bpm
"1359cXd992MwCyGCgbPDcS","funk mtg,rave funk"
"5Wg2b4Mp42gicxEeDNawf7","pop dance,scandipop,uk dance"
"3hcs9uc56yIGFCSy9leWe7","chicago drill,chicago rap,drill,hip hop,rap,trap"
"4ofCBoyEiGSePFAG500xev","pop dance,pop edm,slap house,uk dance"
"6bmlMHgSheBauioMgKv2tn","sad lo-fi,sad rap"
"35l9BRT7MXmM8bv2WDQiyB","bedroom pop,bubblegrunge,indie pop,pov: indie"
"3tkq9ZnBaejLPLRpg8kGET","brega funk,funk carioca,funk consciente"
"790FomKkXshlbRYZFtlgla","reggaeton,reggaeton colombiano,trap latino,urbano latino"
"0vRvGUQVUjytro0xpb26bs","indie pop rap,pop rap,rhode island rap"
"4JA9UvIYD3D5kL7utiGJMI","deep funk ostentacao,funk carioca,funk mtg,funk ostentacao"
"44F6hbmusaHQR96WFbo6Lv","arrocha,brega romantico,forro,forro de favela"
"2KbGxTODNjsDa9DZgpC6rZ","arrocha,forro"
"0GVW2S0kS9yOIEo93ZCNLW",sertanejo pop
"0hhuWXnDOhe2ByXnLJGjXZ","deboxe,funk mtg,rave funk"
"0A1oy7PC7fdzURgaLaWkL1","brazilian rock,mpb,pop nacional"
"5pKvI7CINEriZlJKPXEXyk",brega funk
"6xrc4RXcso9uKlYWlIANPU","arrocha,forro"
"1ZFKFuRNWGcRL4bHEmWVAe",funk mandelao
"4hV3aU0WKvFaiX5ugXP5hp","funk mtg,phonk brasileiro"
"5WgRuO0mhM36NFoapzpWBH","brazilian hip hop,brazilian reggae,pop rap brasileiro,r&b brasileiro"
"7uMh23xWiuR7zsNkuNcm2G","house,pop dance,uk contemporary r&b,uk dance,uk pop"
"1usT5Rtr5iz4gWLdkxIUhV",vaqueiro
"4EPJlUEBy49EX1wuFOvtjK","pop dance,pop house,uk dance,uk pop"
"2f9ZiYA2ic1r1voObUimdd",art pop
"3kgQWNZNpp8d8JQZhuKbPP",dominican pop
"7uskxjQtkzfiqHCNIIv3gD",trap brasileiro
"2wIVse2owClT7go1WT98tk","dance pop,hip hop,hip pop,neo soul,pop rap,r&b,rap,urban contemporary,virginia hip hop"
"5hDZAExrfOVqKBLS8Ofyac","arrocha,sertanejo pop"
"7ySZCEP4HFGckYYPK5rqFI","funk carioca,pop nacional,pop teen brasileiro"
"5XKFrudbV4IiuE5WuTPRmT",gen z singer-songwriter
"6J6U2JAv7LUF0cSQ98gpjM",trap brasileiro
"47MpMsUfWtgyIIBEFOr4FE","reggaeton,reggaeton flow,trap latino,urbano latino"
"5am6JZ05n3QyqYMyD9CgSn","arrocha,forro"
"4ZyBq7WEL7d2dDH0BkVDPX",trap carioca
"7AcV1lk8Zrgo1691PDWEle","african rock,afropop,kwaito,south african jazz,south african pop,south african pop dance"
"5Gv1C1LY8pWiYcfcdjSNMT",rap feminino nacional
"5CrfWOM93nq6YMF6lvWuLv",trap brasileiro
"7l8ESevPECrqChwl3Bf7ov",speed up brasileiro
"2dd5mrQZvg6SmahdgVKDzh","k-rap,korean old school hip hop"
"6vbKIm1WsvhMMDpthYONc1",k-rap
"0KKUc4amZyvswV2YL6WTar","rap latina,trap latino,urbano latino"
"0mfeoleda752Uj4JbEZDIN","deboxe,funk mtg,funk viral"
"1xglv0oUbyJaycWFhyec8U","deboxe,no beat,rave funk"
"7oeudIVqIvznvUPrvivH5W",brega funk
"6JXRSEJa8jE6sxsjMFMozp","funk bh,funk mtg"
"07BaHE7dzguDOawZRVWCsR",deboxe
"2zjdf1M6DGPcBFnvEYmydy","arrocha,forro"
"5d6V3NZSeR7XZmEkf8inaU",trap brasileiro
"7lr4WifTmPssQJgBmbjiJq",trap brasileiro
"4KaMTjxBX1mA5Js6KWalNT",reggae do maranhao
"1on7ZQ2pvgeQF4vmIA09x5","brazilian rock,hard rock brasileiro,rock alternativo brasileiro,rock nacional brasileiro"
"33yjk1kQbu7otNngO5pQb8",funk rj
"1RaUlYy9nsEiDlucisa5Bk","r&b brasileiro,trap brasileiro"
"6MQ7E3HXWR3Djm3miL79mn",trap brasileiro
"63yBOaK3N1kG2g1M5ZxBox",sertanejo pop
"6EU3PugukCcYs0n3JuXjrH",trap brasileiro
"3eKjUJNwglGwLmS8dELCuC","funk carioca,funk ostentacao"
"6mTLUu4QRFZXFurxQyLzBX",deep funk ostentacao
"0iEtIxbK0KxaSlF7G42ZOp",rap
"716NhGYqD1jl2wI1Qkgq36","argentine hip hop,pop venezolano,trap argentino,trap latino,urbano latino"
"2lW4v8QBN9C7ENq22OTS9V",trap brasileiro
"08yxJfM5RnFAjJvMJIFnvh","sertanejo,sertanejo pop,sertanejo universitario"
"2ExGrw6XpbtUAJHTLtUXUD","dancehall,dancehall queen,uk dancehall,uk hip hop"
"5YjvMkjdrBGdoegUvgu4pu","brazilian bass,brazilian edm"
"48L62vfIzemLRdkT35IeqH",rap feminino nacional
"2gzwjs75n4HZZfgnVGxoqI","axe,forro,forro de favela"
"1HDCm1wr9wLKkuKUR641ay","frevo,musica pernambucana"
"3ZJCmnY5iUo1M0UFFWDXGf","funk carioca,funk das antigas,funk melody,funk ostentacao"
"2jzc5TC5TVFLXQlBNiIUzE","new romantic,new wave,new wave pop,permanent wave,synthpop"
"1Da4NyNC4CLayaNGGmL9uZ","axe,pagode,samba reggae"
"1mCHLu4gizrN9PwHxKrJv4","accordion,axe,baiao,bossa nova,forro,forro instrumental,mpb,samba,sanfona,velha guarda"
"2uOlKKhuUUWlTITCYYUuIK","arrocha,brega romantico,forro"
"7pfh1fGH1d8smlSon9h0jF",musica popular amazonense
"2Se9PDvg33BU6293vybNHc",sertanejo pop
"37KhHt9AiI1rVk6eydGafz",sertanejo pop
"2lVljEZxMEnMY5llvgXnUC","sertanejo pop,sertanejo universitario"
"51Blml2LZPmy7TTiAg47vQ","irish rock,permanent wave,rock"
"5exy2LREZrJ6aRzj1SwXQX","sertanejo,sertanejo pop,sertanejo universitario"
"1i2xi8v7H0aXgMNZcOaYzB",axe
"6d47Z08T4snK50HgTEHo5Z","hyphy,pop rap,southern hip hop,trap"
"4N874uPqBka1QiCvnCVOtr","alt z,indie poptimism"
"7E0NXeBm7iHldSxEFN4XJd","funk carioca,funk ostentacao"
"7xEFii6utZmQ61kX59HmLH","electropop,indie poptimism,la pop"
"51XrH5fQP2oIQynuKxSWcW","trap latino,urbano latino"
"2h93pZq0e7k5yf4dywlkpM","lgbtq+ hip hop,neo soul"
"6TIYQ3jFPwQSRmorSezPxX","ohio hip hop,pop rap"
"4tZwfgrHOc3mvqYlEYSvVi","electro,filter house,rock"
"77DAFfvm3O9zT5dIoG0eIO",uk funky
"726MxZBpkxnnoKl6aN7mmj","bboy,instrumental funk"
"21451j1KhjAiaYKflxBjr1","reggaeton,urbano latino"
"5H1nN1SzW0qNeUEZvuXjAj","pop venezolano,reggaeton,trap latino,urbano latino"
"4kI8Ie27vjvonwaB2ePh8T","indie rock,indietronica,modern alternative rock,modern rock"
"6CwfuxIqcltXDGjfZsMd9A","metropopolis,pop,pov: indie,uk alternative pop"
"3Ujv6sa60JRiaxS8RVuNOj","indie curitibano,nova mpb"
"4DdkRBBYG6Yk9Ka8tdJ9BW","atl hip hop,hip hop,pop rap,rap,trap"
"4CtW1JCmaMN6PhgBBQHxpX","brazilian hip hop,pop rap brasileiro"
"6rFkZxhheU9l1nODgZm4SP",r&b brasileiro
"35udcF82bFL8EzsDlWWcsr",batidao romantico
"3CbYyyd8wH3RT6t0jwpdzC","canadian hip hop,canadian trap"
"7qga9VgjmVrAAawr8WwUAH","funk carioca,funk ostentacao"
"1okJ4NC308qbtY9LyHn6DO",electropop
"7HIN94LvSDgxN5RoOLi3E5",deep tropical house
"1ackd5XprZEkH3McKbQD51","electro latino,spanish pop"
"3ocjm34azq21UtebolrtKj","funk carioca,pop nacional"
"6xYIkRmqYk6u2mDSfetr31","adoracao,indie cristao"
"2DaxqgrOhkeH0fpeiQq2f4","beatlesque,britpop,madchester,permanent wave,rock"
"56oDRnqbIiwx4mymNEv7dS","escape room,minnesota hip hop,pop,trap queen"
"2T1aUibqR2QC2sINIDQOAK","reggaeton,reggaeton flow,trap latino,urbano latino"
"63XBtGSEZINSyXylZxEUbv",alternative r&b
"7ABjmCErFBTzoGMVoQc2Sh","sertanejo,sertanejo pop,sertanejo universitario"
"6AVyGjQ7gNzSkGlBldHS1j",brazilian edm
"6ePeCaxkwQirMYsdHAXgs5","funk carioca,funk consciente,funk mtg,funk ostentacao,funk paulista"
"4PhdYoQGH8s1xee81dqQOO","brazilian reggae,brazilian rock,reggae tuga"
"3JlDzWcj1jl5fVSJ7YyHgK","arrochadeira,forro,tecnobrega"
"2R21vXR83lH98kGeO99Y66","reggaeton,reggaeton flow,trap boricua,trap latino,urbano latino"
"1OAjDaKgg00KCUYqDe68un","eurodance,italo dance"
"4DdazUhIad0cymOHGifQO6",brazilian hip hop
"5qQdzyIlYfzICKOVdb7XvY",trap brasileiro
"4ZUahcHoVxr4lsrfdmhjhV","sertanejo,sertanejo pop,sertanejo universitario"
"3PyJHH2wyfQK3WZrk9rpmP","alt z,escape room"
"5cc7XCY3YdVmFDYw9LklMq",trap brasileiro
"4YlvKlWWHJl1TuXvrk94OW","hip hop tuga,kizomba,musica angolana,rap angolano"
"23wEWD21D4TPYiJugoXmYb","latin pop,mexican pop"
"7HJI3KV7QYdzMHYM9WC1LC",no beat
"4ulY4o7oEoqJlqc0V6R3Bc","funk carioca,funk consciente,funk ostentacao,funk paulista"
"757aE44tKEUQEqRuT6GnEB","melodic rap,rap,trap"
"6mvvdYsewi0vnz6JYfE9D9",funk 150 bpm
"2563ILWHSx52eOxOoi5rJW","nerdcore brasileiro,rap geek"
"3yJLZoq3Ra2VmSW5teVgih",instrumental funk
"6OviQMT0o5K1fzKYvUNbRS",rap paraense
"2FXC3k01G6Gw61bmprjgqS","irish singer-songwriter,modern rock,pov: indie"
"0Lhk5DBsN2N0HGUZ0TmUq2","deboxe,funk mtg,pagode baiano"
"0lAWpj5szCSwM4rUMHYmrr","indie rock italiano,italian pop"
"4NYa9HEvARX9LXU4LRoGny","funk bh,funk mtg"
"1JQLCxphQYlnbokiEvfB8o",funk carioca
"7dnT2FUXhjirperXaH22IJ","brazilian rock,mpb,tropicalia"
"0d71FlLkqZzdpEQifcngQq",brazilian gospel
"71szvmFWd7TUa7b6XmXj9k",alt z
"3rWZHrfrsPBxVy692yAIxF","afrofuturism,pop,post-teen pop,pov: indie"
"39VceBo0jXir85LCeAmAIs",pagode novo
"3vQ0GE3mI0dAaxIMYe5g7z","argentine hip hop,trap argentino,trap latino,urbano latino"
"7Dq3oCz43MCuWBRgWTltZI","funk bh,funk mtg"
"5M1ILxS67JEzWguvzNakgE","agronejo,sertanejo pop"
"3MZsBdqDrRTJihTHQrO6Dq",viral pop
"6tw6EpC9RgmSRZiZg0n22t","brazilian rock,mpb,rock brasiliense,rock nacional brasileiro"
"1aSxMhuvixZ8h9dK9jIDwL","art pop,art rock,baroque pop,new wave pop,permanent wave,piano rock,singer-songwriter"
"4fwuXg6XQHfdlOdmw36OHa","british soul,talent show,uk pop"
"6HvZYsbFfjnjFrWF950C9d","k-pop,k-pop girl group"
"7yIo15qboa9gHCtqK7cOLx","adoracao,reggae cristao"
"0HOTKavni3wfNtHbpccVgy","speed plug brasileiro,speed up brasileiro"
"3Yaa2NJiGdT82KIJMnHUZ7","forro,piseiro"
"4K4fsuNkaAwysF3AxRPLNh",brazilian gospel
"0IpLJsvZHA1op1pw8GAoPu","funk carioca,funk das antigas,funk pop"
"5Znx4PG5UsUitigaJnmZX3","afrofuturismo brasileiro,brazilian hip hop,brazilian reggae,rap df,rap feminino nacional"
"7rnLNmWx3ibYo5uQcghVgQ",funk rj
"77SW9BnxLY8rJ0RciFqkHh","modern alternative rock,modern rock,pop"
"7fhK7EsjjzfFurFz8FAlDe","funk bh,funk mtg"
"0ivrHNM8urVaCkgRX8rtKH",phonk brasileiro
"33NVpKoXjItPwUJTMZIOiY","gen z singer-songwriter,singer-songwriter pop"
"2txHhyCwHjUEpJjWrEyqyX",chill pop
"5vcMPVDXTLhJ4UpOZKXZtg","funk consciente,funk mtg,rap mineiro"
"4h7R7VHRgyc9Y9fApmbq9S",trap brasileiro
"2YCkwNYGevLmmLsbad5lsl","sertanejo pop,sertanejo universitario"
"290672NQpt16u6A6W2WVBu","sertanejo,sertanejo pop,sertanejo tradicional,sertanejo universitario"
"6faIprX4PUHAlDbC4SQt8v","funk mtg,phonk brasileiro"
"2MRXYszuTIaEliCCD22crt","forro,piseiro"
"3Qr4KjBoZj14d28vWulbA8",musica gaucha tradicionalista
"6uTK3YD9CT3pLx2yEfVmXk",brazilian reggae
"1AuDtbIuaPj9LHnOUMT3C8",roda de samba
"2B8HcBRTizIsSPryM46Sb1","axe,pagode,pagode novo,sertanejo,sertanejo universitario"
"2I6tDfWEkn4Ozfb6ePjRX4","funk carioca,funk paulista"
"2civFPMAiigAwTEUKkeRW2","funk carioca,funk ostentacao"
"1lpOgw56wZLDa8gaP6bSIs",soundtrack
"6VpdTQWCRE01WVoEuby2a6","rap feminino nacional,trap brasileiro"
"5Ynf8bbQV9ICbK3vZoPxGF","musica capixaba,rap capixaba,trap brasileiro"
