rank,uri,track_name,peak,prev,streak,artist_names
1,spotify:track:4uqJelb9THHmJ3OCohg4ZJ,Nosso Quadro,1,1,13,AgroPlay
2,spotify:track:3PH1nUysW7ybo3Yu8sqlPN,Seu Brilho Sumiu - Ao Vivo,2,3,9,Israel & Rodolffo
3,spotify:track:3mzbab4H0iZYkHggSEj0UX,Oi Balde - Ao Vivo,2,2,11,Zé Neto & Cristiano
4,spotify:track:51pxwIxDVCbFHW8oyJFQXD,Erro Gostoso - Ao Vivo,4,4,13,Simone Mendes
5,spotify:track:0JIYoXtJfORxI6gRpHv6ZW,Traumatizei - Ao Vivo Em Brasília,4,7,13,Henrique & Juliano
6,spotify:track:2K9kZpwD2CzTa6iiSYYOoO,Leão,1,5,13,Marília Mendonça
7,spotify:track:4sqpSDnTrbS8v7RMNCUyqS,Não Vitalício (Nunca Mais) - Ao Vivo,5,6,13,Matheus & Kauan
8,spotify:track:5v8EhStRWlvoY2qbcZR5R2,Mágica - Ao Vivo,6,8,5,Hugo & Guilherme
9,spotify:track:0redQHBfejmPUhonR5ppGC,Duas Três,7,9,12,Guilherme & Benuto
10,spotify:track:0SCMVUZ21uYYB8cc0ScfbV,Bombonzinho - Ao Vivo,3,11,13,Israel & Rodolffo
11,spotify:track:0ZAL7RbP2FsM3rObV60o7T,Namorando Ou Não - Ao Vivo,10,10,8,Clayton & Romário
12,spotify:track:7CUQQLRMIeSfa4m2uQcRHp,Rancorosa - Ao Vivo Em Brasília,11,13,6,Henrique & Juliano
13,spotify:track:2LTlykcdu0gwb7zcKneo2a,Melhor Só,12,12,5,KayBlack
14,spotify:track:1L7hWEc3tVjvmbw48ShktM,Desejo Imortal (It Must Have Been Love) - Ao Vivo,14,15,3,Gusttavo Lima
15,spotify:track:4ASA1PZyWGbuc4d9N8OAcF,Eu Gosto Assim - Ao Vivo,4,21,13,Gustavo Mioto
16,spotify:track:51FFbyL0PjkYtjXJQP0JoP,Saudade da Minha Vida - Ao Vivo,8,17,13,Gusttavo Lima
17,spotify:track:2BlFIe0712LBUtTHxbqjme,Love Gostosinho - Ao Vivo,13,22,13,NATTAN
18,spotify:track:1nf1HJdTWXwf9XHQebGlOd,Quando Apaga A Luz - Ao Vivo,10,19,13,Gustavo Mioto
19,spotify:track:3o4wcB1Y6xC62eF02n9RSZ,ELA PIROU NA DODGE RAM,19,24,6,Luan Pereira
20,spotify:track:6cZqw8wIrMsFxCNMzLRbNU,Metade De Mim - Ao Vivo,11,18,9,Hugo & Guilherme
21,spotify:track:7CJJ7JC3kj9XdweWTvfVhX,Vacilão,2,14,7,Zé Felipe
22,spotify:track:5aqwwgL4XOv2YJYwLiqKOZ,A Culpa É Nossa - Ao Vivo,5,23,13,Maiara & Maraisa
23,spotify:track:22sAwsBH0NoNJXnrBenQuO,Sem Aliança no Dedo,6,16,12,MC Xenon
24,spotify:track:156LKAN2oh16qflL5oz4tO,Os Bico Tão Se Perguntando (Let’s Go 3),20,20,3,MC PH
25,spotify:track:5yscNPMHmhqHQX9B9GFzMp,Te Esqueci Sem Querer - Ao Vivo Em Brasília,25,48,2,Henrique & Juliano
26,spotify:track:2M4kQD87lKnAS9vFlb4Bez,Pactos - Ao Vivo,7,25,13,Matheus & Kauan
27,spotify:track:18yZLabAj1liqEUcgxDgeJ,Perdoou Nada - Ao Vivo,8,27,13,Israel & Rodolffo
28,spotify:track:5WsM6qhZzRSD3oKbtorxzD,Aquecimento Senta Senta Suave,14,30,8,MC Kevin o Chris
29,spotify:track:7Ht57bh2FwiQLwRH9zqESG,085 - Ao Vivo,22,31,10,MC Rogerinho
30,spotify:track:4f0aDk7HX37SfzerfznYlr,Lapada Dela - Ao Vivo,30,41,8,Grupo Menos É Mais
31,spotify:track:7nFvKgVumc9FcU97zGjjei,Coração de Gelo,7,28,13,WIU
32,spotify:track:7sopDXkuzXtHt8AQpdBxmT,DONA DE MIM,16,33,13,Ana Castela
33,spotify:track:1M6rclDhYmqRBMFGNJOFKB,Americana Na Vaquejada,33,37,4,Grandão Vaqueiro
34,spotify:track:5TtTijiNYtFc6ktQARjY30,Preferida,29,29,5,KayBlack
35,spotify:track:0KXdSF0Poa57KOepZ3hKrh,Palhaça - Ao Vivo,20,38,13,Naiara Azevedo
36,spotify:track:3ktTWpYdXrYApH54cBo4Ap,Conexões de Máfia (feat. Rich The Kid),36,—,1,Matuê
37,spotify:track:5AdPP30mjJCtBMyYKZUEU7,Assunto Delicado - Ao Vivo,19,34,13,Guilherme & Benuto
38,spotify:track:5y7yYXNSsT89A27DQxbmUL,Covardia,25,26,5,Wesley Safadão
39,spotify:track:3C99BfGe301JNp7BqTX5Uu,Média Boa - Ao Vivo,26,36,13,Felipe e Rodrigo
40,spotify:track:2slHCHYP7ogpGSsCumJT1a,Fulano - Ao Vivo,32,32,5,Murilo Huff
41,spotify:track:3gCWngngUs1uojw33vrE8K,5 Regras - Ao Vivo,23,40,13,Jorge & Mateus
42,spotify:track:5btDKzAsFh975NSWxwBHRc,Coisas Que Eu Sei,42,50,2,Felipe Amorim
43,spotify:track:1jHgfC8T5KxUyC5Ldw6lk9,Zona De Perigo,1,42,13,Leo Santana
44,spotify:track:2kBbHpJTc7MWs8F3XhClBD,Altas Loucurinhas (Uni Duni Tê) - Ao Vivo,18,44,13,Matheus Fernandes
45,spotify:track:6hu4HvpNzrW2RIEEAZC3vD,Segredo,43,46,5,KayBlack
46,spotify:track:5Ubx4DpvVodvsGH9ilxPVi,Haja Colírio (feat. Hugo & Guilherme) - Ao Vivo,6,43,13,Guilherme & Benuto
47,spotify:track:2hkwwmmLC90T8BQ7t3xufq,Roça Em Mim,17,49,13,Zé Felipe
48,spotify:track:3khLpwuyIjEOw8vfJ1oUIT,Papin,48,—,1,MC Kevin o Chris
49,spotify:track:5pBU3Yihoa4hiwQ2T5fGhH,Esse B.O é Meu - Ao Vivo,11,35,13,Guilherme & Benuto
50,spotify:track:4t6eam3rC9JoNFVkfOHK4s,Pátio do Posto - Ao Vivo,50,51,7,Zé Neto & Cristiano
51,spotify:track:2orGm2E68ODFYOURjaES62,Felina,33,47,13,WIU
52,spotify:track:74Le949TrZk4zwDjtWzH23,Cavalo de Pau,40,52,13,Bruno & Denner
53,spotify:track:2Vl7x4BkNhhJkEmQQMcV0V,Toma Tapa,25,53,13,Mc Jacaré
55,spotify:track:0AIA4KsMsyqur8FbTVhGNT,SOLTEIROU - Ao Vivo,30,56,13,Luan Santana
56,spotify:track:7aZnuwpivaj4N7XFhhqBiO,Love Absurdo,43,61,12,Mari Fernandez
57,spotify:track:11fqunD6qlOCrRd88kMOk6,Evento Cancelado - Ao Vivo,49,57,13,Henrique & Juliano
58,spotify:track:6Zw25LRLP0j0MsezDFIUM4,Mal Feito - Ao Vivo,44,64,13,Hugo & Guilherme
59,spotify:track:5WGTBzRLbjj0Sm3Br8X1rI,Bandido Não Dança,38,65,13,Mc Paiva ZS
60,spotify:track:5geU4byUA1hnQofQPOsPDS,Sereia,42,63,13,Orochi
61,spotify:track:4kAMyuJBbmJrbr6TLOWbEk,Beijo de Glicose - Ao Vivo,28,59,13,Diego & Victor Hugo
62,spotify:track:5tk0ERnzadzyexVfXA0yed,Mec Life,62,77,2,DJ ESCOBAR
63,spotify:track:6obqb3vA4kufqEHibtF5W1,Guarda Roupa - Ao Vivo,52,71,13,Fred & Fabrício
64,spotify:track:0tt0kaL2vefCw19a2bk54N,Planejei - Ao Vivo,64,83,2,Hugo & Guilherme
65,spotify:track:77BR4gaUAp3p0uA8UL6HT9,Não Para,65,93,4,Belle Kaffer
66,spotify:track:3SWqd8gFeeItkeXwcPI77K,Flor De Plástico - Ao Vivo,60,68,4,Fred & Fabrício
67,spotify:track:21XQbePSeOSvfuLRaZbZ7a,Mas Existe um Lugar - speed,41,67,4,Cryzin
68,spotify:track:0P0k5KoLcxi0kf1jik4v8X,Deixa Eu Viver - Ao Vivo,68,—,1,Mari Fernandez
69,spotify:track:6eNRGL6Nkdg7RhJtmbcl0j,Luz do Luar,13,55,13,Mc Tato
70,spotify:track:0bBwi6ddYeTv5fXgHAdfiH,Evoque Prata,15,69,13,MC MENOR HR
71,spotify:track:2X5o4nRiocnoaaQ2wMwaeC,Sorrisin De Puto,52,74,13,DJ Cayoo
72,spotify:track:235CP5ItAYMS6usv3C8jkP,DEUS É MUITO BOM - Ao Vivo,72,—,1,Luan Santana
73,spotify:track:4mD9hjoTckjeL1CrJCx0MT,Puta Mexicana,12,62,13,DJ Jeeh FDC
74,spotify:track:2tFmuYL5D8zqBHvs0nG5Tn,Bonjour,43,86,10,KayBlack
75,spotify:track:5qOZbLAjBqInXwAECb9NRS,Clickbait,75,—,1,Veigh
76,spotify:track:72vwG7lcOTPgT2YgYpg505,Hackearam-me,43,75,7,Marília Mendonça
77,spotify:track:0GgmNgZbpx4fdSLTqsGCPL,Privacidade - Ao Vivo,58,58,2,Matheus & Kauan
78,spotify:track:1cmH3nQCYgR8lmq1ZFAXcI,Alô Inveja - Ao Vivo Em Brasília,47,72,13,Henrique & Juliano
79,spotify:track:1TgVaCf8D5mXZrK1d7uIZe,Bebê Tá Solta,50,70,9,Yuri Redicopa
80,spotify:track:36msBnH60GyWof23sMdQSL,Me Bloqueia - Ao Vivo,80,99,6,Zé Neto & Cristiano
81,spotify:track:4NNZZXHgn9F3cCgC1YGmLl,Todo Seu - Ao Vivo,41,85,13,Jorge & Mateus
82,spotify:track:0oB3IBEhbmgTrL7mV0VnFq,Novinha do Onlyfans (Tchan Ran Tchan Tchan),11,88,13,Kadu Martins
83,spotify:track:3O2wrDL7nnSDZOrdZqxyoY,Noite Fria,30,82,8,Mc IG
84,spotify:track:4DHcnVTT87F0zZhRPYmZ3B,Flowers,29,79,13,Miley Cyrus
85,spotify:track:1ACALdBWViTpLBC14Ecv8E,Namora Aí,31,81,13,MC Ryan SP
86,spotify:track:1OZ4uv7OAP24Ix6j3vojLt,Casei Com a Putaria,37,76,13,Mc Paiva ZS
87,spotify:track:7CIj5SFTB6WPJrYjLZN5bp,Pega o Guanabara - Ao Vivo,46,—,1,Wesley Safadão
88,spotify:track:4PQ5AInr4YoBauth9YPduL,Ai Papai,16,84,13,Anitta
89,spotify:track:5ffDENIdtByAZxHpuuj9li,Vida Chique,57,60,9,Veigh
90,spotify:track:6ELMBm3lZFitAZp03GBBNG,Me Atraiu - Ao Vivo,77,80,8,Gabriela Rocha
91,spotify:track:6BsKZXjKIrGWMK1uLWfJYN,Sal e Pimenta,61,78,5,KayBlack
92,spotify:track:4qDT0BeJ7BjatrN9k8AvB4,Flow Espacial,30,95,2,Teto
93,spotify:track:52kcarcX0FQ6wPulXm2bMJ,Meca Cereja,79,89,10,Vulgo FK
94,spotify:track:3XF598RmEUF3XW4XKo1lyP,Meu Número - Ao Vivo,75,92,13,Hugo & Guilherme
95,spotify:track:0VhG6qzFZo9JrHu56Wq7gh,* da Anitta,45,45,2,Mc Daniel
96,spotify:track:0BWEkqsmPe3qOzrRVztHU3,Acabei de Terminar - Ao Vivo,73,94,13,Paulo e Nathan
97,spotify:track:3IMLoeLerS7TMpKjxUgAhx,Arranhão - Ao Vivo,83,—,1,Henrique & Juliano
98,spotify:track:6B5Nqt8DAciT2oqevzGbUc,Pilantra,39,96,7,Jão
99,spotify:track:2zDwJnP9n9yCUyfiLIwkDM,Se Ele Soubesse - Ao Vivo,39,90,13,Guilherme & Santiago
100,spotify:track:1JQ1ylL2JEjC6Ib7IJgOvS,Coração Amoleceu,74,—,1,Mc Don Juan
