rank,uri,track_name,peak,prev,streak,artist_names
1,spotify:track:5719MEdRQcH4c3phXqX7WN,Mal Feito - Ao Vivo,1,3,12,Hugo & Guilherme
2,spotify:track:3sd2p4kE7xQmFH3lPnFl6h,sentaDONA (Remix) s2,2,2,3,Davi Kneip
3,spotify:track:5zNxUkUW9WiV5oyg6gh2wB,DANÇARINA,1,4,8,PEDRO SAMPAIO
4,spotify:track:3ITkrUvAA6gzxer2UIom3P,Molhando o Volante,4,9,17,Jorge & Mateus
5,spotify:track:53RxHysDJ0cjugMcPymwja,ABALO EMOCIONAL - Ao Vivo,5,8,9,Luan Santana
6,spotify:track:3IAfUEeaXRX9s9UdKOJrFI,Envolver,1,1,5,Anitta
7,spotify:track:7gVzhRCrLRUBEGdS7zNTp0,Malvada,2,6,10,Zé Felipe
8,spotify:track:6nkoWsFZeFt5dUdNmlIceh,Bloqueado - Ao Vivo,2,7,19,Gusttavo Lima
9,spotify:track:0NBgyml7T0IvUNbXIkcSpH,Malvadão 3,1,5,16,Xamã
10,spotify:track:6Lk3kU7JcQ5dZ7jbmhJzQN,Melhor Ser uma Saudade,10,13,10,Zé Neto & Cristiano
11,spotify:track:0qYW2jULeN9giEty0ee9Fy,Botadinha Saliente,6,10,8,MC Rogerinho
12,spotify:track:2wSCalnGOnXdAJC0Fn8OUY,Vai Lá Em Casa Hoje,1,11,24,George Henrique & Rodrigo
13,spotify:track:4qsOrxBv09HhNSpsgMRXdC,Esqueça-Me Se For Capaz,1,14,25,Marília Mendonça
14,spotify:track:4QWumyD2uwiePBBha9XBHI,No Ouvidinho,14,—,1,Felipe Amorim
15,spotify:track:3QGxgNaqaFSpORp2OVLXHR,212,6,12,12,Chefin
16,spotify:track:1K8AtBJXcdq5mywMnZuARP,Termina Comigo Antes,16,—,1,Gusttavo Lima
17,spotify:track:14JKzKrJbPDflw8XyATMey,A Maior Saudade - Ao Vivo,6,17,25,Henrique & Juliano
18,spotify:track:0tM4J8aID6qYZOE3e14sCj,Acordo - Ao Vivo,13,16,24,Henrique & Juliano
19,spotify:track:5lCAtKxkZL6tFDyGX9t87j,Eu Já Tava Bem - Ao Vivo,17,19,18,Wesley Safadão
20,spotify:track:2qmG7dokbGpDGD0T5wORWt,Balanço da Rede,20,46,3,Matheus Fernandes
21,spotify:track:3IMLoeLerS7TMpKjxUgAhx,Arranhão - Ao Vivo,2,18,25,Henrique & Juliano
22,spotify:track:7afaZ37wJJL6880z1NRgJS,Fim de Semana no Rio,22,—,1,Teto
23,spotify:track:42nZBOwXNdO24Ml032bLBS,Gatilho - Ao Vivo,23,28,3,Matheus & Kauan
24,spotify:track:4EVzu5mYyigjyLrryKbZs7,VERMELHO,14,15,8,Gloria Groove
25,spotify:track:72g37RoelSnovZakG5MwnF,Parada Louca,8,21,21,Mari Fernandez
26,spotify:track:1M5OUvKG03C0QtzvxRS4Zk,Depende,9,20,11,Dj Guuga
27,spotify:track:5Z4TYur0O9OxmxIo6GC2Gq,"Oi, Como Ce Tá?",21,23,6,Vulgo FK
28,spotify:track:3xt7v3bMNnQ8ie8RjhmkX2,Imagina A Sentada - Ao Vivo,16,24,14,Matheus & Kauan
29,spotify:track:0yL7K9MzC20uBesZTPY81r,Pandora,8,25,17,DJ Matt D
30,spotify:track:5VTjBl3ddZEiG2LrH4VzyR,Toma Toma Vapo Vapo,4,26,21,Zé Felipe
31,spotify:track:3YvE7uo4ffseBoJPh8IhHp,Presepada,5,27,22,Marília Mendonça
32,spotify:track:4fSHADbZbhpZCT9oJpxwbP,Ameaça,2,30,24,Paulo Pires
33,spotify:track:0sPtV4stCHkFJB6GpoaZ1f,CAFÉ DA MANHÃ ;P,19,22,8,Luísa Sonza
34,spotify:track:4dwBkgq4a4gEissxTY0YDT,Cê Tá Preparada - Ao Vivo,14,33,25,Tayrone
35,spotify:track:3qmdfYpfvKRIXmWaLllHZ3,Black Lança (Catucando Gostosinho),17,29,10,MC Teteu
36,spotify:track:4LRPiXqCikLlN15c3yImP7,As It Was,36,—,1,Harry Styles
37,spotify:track:6bTdZ7xfKp3NqqADJ8HLyj,Vampiro,37,—,1,Matuê
38,spotify:track:4grGI2vFnknrfmHT1JOVFU,Tesão Da Madrugada - Ao Vivo,38,39,8,George Henrique & Rodrigo
39,spotify:track:28m65cMH7QXHzFnZSTtNHY,Não Sei o Que Lá,18,37,22,Marília Mendonça
40,spotify:track:7tITqCiDuMqKfWhibaF8V7,Insônia 2,40,—,1,Tribo da Periferia
41,spotify:track:6ve9hbVnSgJ0vrsRpj18OH,Não Me Arranha - Ao Vivo,15,32,25,Gusttavo Lima
42,spotify:track:5yRgMxdDhdYlbUQNCOlW3o,Não Vou Te Bloquear - Ao vivo,18,35,13,Mc Don Juan
43,spotify:track:4lsDFVKOVwPeAVw1hPOn7G,Vontade De Morder,18,31,12,Simone & Simaria
44,spotify:track:3gK5ckT0cq3t5enyqzzRgV,GALOPA,6,34,25,PEDRO SAMPAIO
45,spotify:track:7HjZD0NPC1hzFpjUjo45GR,Me Sinto Abençoado,34,41,17,Mc Poze do Rodo
46,spotify:track:4AOOcHnZdU6qyUVtKZUEuF,Amava Nada - Ao Vivo,42,49,9,Lucas Lucco
47,spotify:track:6BIvQ6KIdwhUB29lCVy0cd,Felicidade Dela - Ao Vivo,47,54,2,Hugo & Guilherme
48,spotify:track:4can6ssapSsRCEbZZfYL8K,Poesia Acústica 12 - Pra Sempre,34,42,6,Pineapple StormTv
49,spotify:track:4HpRywZJgzkXXYLKJ0mLiY,Minha Cópia Atual - Ao Vivo,49,—,1,Henrique & Juliano
50,spotify:track:053zWWZDziDJd3U94x8RuP,Todo Mundo Menos Você,3,43,25,Marília Mendonça
51,spotify:track:4NJKCE1TBC653P3dCnto0u,Simplesmente Ela,51,94,2,Mc Gabzin
52,spotify:track:2ebFBmle5uXcdbrCAOvPcZ,Vagabundo Chora - Ao Vivo,52,61,8,Guilherme & Benuto
53,spotify:track:2VATVdFqb7QqxfAcQPvNpc,Ex Alcoolizado - Ao Vivo,53,—,1,Israel & Rodolffo
54,spotify:track:2xebCnKCjYWBhJ4Ai8hO5E,Set dos Casados,31,44,20,Mc Davi
55,spotify:track:6qdJZIjxrPaJjaGqlXFLSs,Nota de Repúdio - Ao Vivo,3,55,25,Gusttavo Lima
56,spotify:track:2AQJRDfQJbfgmTf5e62Czl,Sem Dó,43,60,14,Matuê
57,spotify:track:5jYEiTNR3FQXFouTX7Ju0N,Socadona,25,40,8,LUDMILLA
58,spotify:track:7ARoqP7G8UYW8SyYPyPp7k,NO CHÃO NOVINHA,19,36,17,Anitta
59,spotify:track:6EDj1nbl9wo6ivGI1t59G4,Idiota,35,50,11,Jão
60,spotify:track:2gkKA2pRAsMzbiGPo9gxsc,Água Nos Zói - Ao Vivo,28,58,25,Clayton & Romário
61,spotify:track:5Z9KJZvQzH6PFmb8SNkxuk,INDUSTRY BABY (feat. Jack Harlow),36,45,25,Lil Nas X
62,spotify:track:2IJPcsIjReWb0v4EdNuwLu,Assume a Gente - Ao Vivo,62,91,2,João Bosco e Gabriel
63,spotify:track:7pvrsbBKUQI2QmA74WCJa5,Ela e Ela,4,47,25,Zé Neto & Cristiano
64,spotify:track:2TkyXnE0OB6Yo9zuzv9B4e,Cruzeiro da Revoada,56,67,17,Hungria Hip Hop
65,spotify:track:4kGdnA7FzSVsXC29LPghej,Revoada No Colchão,4,52,25,Zé Felipe
66,spotify:track:3YOxWp8HTyp5FivmCU5p8z,Desgastou - Ao Vivo,47,62,3,Henrique & Juliano
67,spotify:track:1d7Z2HUkWno2w4452Jaqt6,50 por Cento,56,59,5,Naiara Azevedo
68,spotify:track:1TyxXIXVVpHwhKaF73z8nw,Rasteira - Ao Vivo,32,68,25,Henrique & Juliano
69,spotify:track:4OjLi2Ji9UhVsHjqzRGCsM,Quebrando Protocolo - Ao Vivo,39,65,23,Gusttavo Lima
70,spotify:track:35COLcFjvONwVv6jkG23gI,Boys Don't Cry,26,38,10,Anitta
71,spotify:track:17QN5kFprJqHdHLMj7hz4s,Ficha Limpa - Ao Vivo,10,63,25,Gusttavo Lima
72,spotify:track:6JIIejoN31NIn6BJsVS3cu,Oi Deus - Ao Vivo,39,73,7,Hugo & Guilherme
73,spotify:track:2ixi9HWJw5lnLDmRMsiCS5,Você Beberia Ou Não Beberia?,9,69,25,Zé Neto & Cristiano
74,spotify:track:1HhNoOuqm1a5MXYEgAFl8o,Enemy (with JID) - from the series Arcane League of Legends,48,48,20,Imagine Dragons
75,spotify:track:0vlAXslkVt1HZ4Rx6JekLY,Terminei Mal Terminado - Ao Vivo,55,75,7,Henrique & Juliano
76,spotify:track:0EMAzKGOFxJgG9vHsm7ciF,Eu Vou Machucar Só um Pouquinho X Catucando Gostosinho,66,71,5,JC NO BEAT
77,spotify:track:7rglLriMNBPAyuJOMGwi39,Cold Heart - PNAU Remix,57,57,5,Elton John
78,spotify:track:5PjdY0CKGZdEuoNab3yDmX,STAY (with Justin Bieber),51,51,4,The Kid LAROI
79,spotify:track:6wrkP23fHC8KDHCfs8MpJ9,Chá De Casa Nova - Ao Vivo,49,77,17,Henrique & Juliano
80,spotify:track:79Wou8NwYEFzTyDQudjENF,Desbloqueado - Ao Vivo,19,76,25,Diego & Victor Hugo
81,spotify:track:4GOs8fPjp4M9CBHanTMwsQ,Seu Perfil - Ao Vivo,54,86,10,Henrique & Juliano
82,spotify:track:7aZusA4cWXz3Wv9e9uhavz,Quer Voar,21,83,25,Matuê
83,spotify:track:2kJRlOyrxsy7Ot3c5TZ8Q6,Meu Pedaço de Pecado,8,78,25,João Gomes
84,spotify:track:67fTDdGkHk1G5IZokS4uML,Esse Barulho,62,79,11,Murilo Huff
85,spotify:track:6Lrzxd7ST5oQ6FYKXKH7Ia,Vagabundo,32,85,25,Matheus & Kauan
86,spotify:track:1wdhj1r7aeWVDUl9d18YKu,Expectativa x Realidade,16,87,25,Matheus & Kauan
87,spotify:track:0VF2XFdgeID7448iU2Vyg9,Novinha Malada do Insta,35,81,11,MC Josh
88,spotify:track:2SDGleyRLDrYZeMsZEK3Vb,Dar uma Namorada - Ao Vivo,24,64,20,Israel & Rodolffo
89,spotify:track:2IsusePMD32LQKNU7vZiAH,É Só Blusão da Ecko e Boné da Lacoste Vs Putaria (feat. Mc Denny),53,84,7,Dj Tk
90,spotify:track:71efUiJwL11CRkI5aMplsi,Sentadona (Ai Calica),29,66,5,Davi Kneip
91,spotify:track:2RGIuYTsyyHoOCqW0krvNE,Coração Cachorro,1,82,25,Avine Vinny
92,spotify:track:02MWAaffLxlfxAUY7c5dvx,Heat Waves,53,53,3,Glass Animals
93,spotify:track:6WxpU2F5gwTzwYsAalI6nI,Motel Afrodite,16,89,22,Marília Mendonça
94,spotify:track:4BfppnNi6ZQTI8Ezo97zX6,Deus É o Meu Guia,76,88,5,Chefin
95,spotify:track:1bWBG6IkMnDr3qvCKSvQT7,Baby Me Atende - Ao Vivo,18,99,25,Matheus Fernandes
96,spotify:track:2342lPAZ9zddhgAQEiLx4V,ANACONDA *o* ~~~,38,56,14,Luísa Sonza
97,spotify:track:36mUWhjTM3GNpncYy7RR6z,Boca Ocupada,84,96,6,Cleber & Cauan
98,spotify:track:2jwrYBGz7osKI31v50bS7b,Putariazinha,10,—,1,Felipe Amorim
99,spotify:track:5XRdxozwctyTQ8uIM07ziU,Celular 2,95,100,3,Murilo Huff
100,spotify:track:1EOvzIhBFxiFvjubeCHn3T,Estelionato Afetivo - Ao Vivo,58,95,10,Douglas & Vinicius
