rank,uri,track_name,peak,prev,streak,artist_names
1,spotify:track:1c4htMHiolERc0YJvZNdlc,Vai Lá Em Casa Hoje,1,2,7,George Henrique & Rodrigo
2,spotify:track:4qsOrxBv09HhNSpsgMRXdC,Esqueça-Me Se For Capaz,1,1,8,Marília Mendonça
3,spotify:track:4u06FbRh6FvV2FQZkouzCw,Arranhão - Ao Vivo,2,3,8,Henrique & Juliano
4,spotify:track:4fSHADbZbhpZCT9oJpxwbP,Ameaça,2,4,7,Paulo Pires
5,spotify:track:3YvE7uo4ffseBoJPh8IhHp,Presepada,5,6,5,Marília Mendonça
6,spotify:track:5VTjBl3ddZEiG2LrH4VzyR,Toma Toma Vapo Vapo,6,8,4,Zé Felipe
7,spotify:track:053zWWZDziDJd3U94x8RuP,Todo Mundo Menos Você,3,5,8,Marília Mendonça
8,spotify:track:5Q0ZnQjk4lQpScX7ujswun,A Maior Saudade - Ao Vivo,6,11,8,Henrique & Juliano
9,spotify:track:2RGIuYTsyyHoOCqW0krvNE,Coração Cachorro,1,7,8,Avine Vinny
10,spotify:track:2wG1R0uDFwyobcWzVssC1J,GALOPA,6,9,8,PEDRO SAMPAIO
11,spotify:track:7pvrsbBKUQI2QmA74WCJa5,Ela e Ela,4,10,8,Zé Neto & Cristiano
12,spotify:track:0JdkDCdrhMOaeXjIZdeBXN,Ela me Falou Que Quer Rave,8,12,6,MC Levin
13,spotify:track:3agFBAMPiIvzfTh7a9Udm6,Nota de Repúdio - Ao Vivo,3,13,8,Gusttavo Lima
14,spotify:track:7MLCxrDoxcTRg1u3QAGE5a,Bloqueado - Ao Vivo,14,22,2,Gusttavo Lima
15,spotify:track:72g37RoelSnovZakG5MwnF,Parada Louca,15,15,4,Mari Fernandez
16,spotify:track:4kGdnA7FzSVsXC29LPghej,Revoada No Colchão,4,14,8,Zé Felipe
17,spotify:track:2ixi9HWJw5lnLDmRMsiCS5,Você Beberia Ou Não Beberia?,9,18,8,Zé Neto & Cristiano
18,spotify:track:2kJRlOyrxsy7Ot3c5TZ8Q6,Meu Pedaço de Pecado,8,21,8,João Gomes
19,spotify:track:1tYJnXtKLoWVIL4lZOouQG,Cê Tá Preparada - Ao Vivo,15,17,8,Tayrone
20,spotify:track:2jwrYBGz7osKI31v50bS7b,Putariazinha,10,16,8,Felipe Amorim
21,spotify:track:1wdhj1r7aeWVDUl9d18YKu,Expectativa x Realidade,16,19,8,Matheus & Kauan
22,spotify:track:48Ll1C6qAnP2UjnopQDh4a,Bala Love,7,23,8,Mc Anjim
23,spotify:track:0DsPj89zlY3Us7xb5cXK5h,"Trava na Pose, Chama no Zoom, Da um Close (feat. Mc Rennan)",6,20,8,DJ Patrick Muniz
24,spotify:track:5SwyN9hzmWjBsINlif8li8,Ficha Limpa,10,28,8,Gusttavo Lima
25,spotify:track:6fe5D0ivKnpXFMAnoSRjah,Localiza Aí BB,20,26,8,Vitor e Luan
26,spotify:track:4XiFqfUXyTwOChvMLKKi0T,Sem Sentimento,11,24,8,DG e Batidão Stronda
27,spotify:track:1bWBG6IkMnDr3qvCKSvQT7,Baby Me Atende - Ao Vivo,18,29,8,Matheus Fernandes
28,spotify:track:50gPsfGHy5OnPauA9455DM,Rolê,14,30,8,Tarcísio do Acordeon
29,spotify:track:79Wou8NwYEFzTyDQudjENF,Desbloqueado - Ao Vivo,19,36,8,Diego & Victor Hugo
30,spotify:track:1d7AtPeraWVsvI4U1YTHt1,Vestido Coladinho,30,42,8,Max e Luan
31,spotify:track:7xVSNhAUQhUIpwfR6lTOwA,Por Supuesto,19,27,7,Marina Sena
32,spotify:track:2jb8HW2CXr4mOJaw7LJyVw,Acordo - Ao Vivo,26,32,7,Henrique & Juliano
33,spotify:track:62d4BfCTUHdOsARRETHLDz,Mete a Louca,30,35,4,MC Rogerinho
34,spotify:track:28m65cMH7QXHzFnZSTtNHY,Não Sei o Que Lá,18,33,5,Marília Mendonça
35,spotify:track:3eq6zwPwN5SAw0rZxNHI22,Não Me Arranha - Ao Vivo,15,25,8,Gusttavo Lima
36,spotify:track:6T6SDJszPbuMCBpSm3aS3G,Carinha de Neném,21,34,8,Japãozin
37,spotify:track:6WxpU2F5gwTzwYsAalI6nI,Motel Afrodite,16,31,5,Marília Mendonça
38,spotify:track:3Lw41pfko5XMrsHRtlbo2k,Bota a Mão no Chão,34,37,4,Felipe Cardoso DJ
39,spotify:track:6m84TzSTM5nbwZxIxkYHz6,Namorando Com Saudade,35,40,8,Jorge & Mateus
40,spotify:track:0FqVtQxRD3HsPltldG5v5M,Aquelas Coisas,25,49,8,João Gomes
41,spotify:track:4PQdrXMDHDPl1RczrrlADd,MORENA,26,45,8,Luan Santana
42,spotify:track:685gjMmRjwLFrtCWtF2sXo,Rasteira - Ao Vivo,32,41,8,Henrique & Juliano
43,spotify:track:77rIMl1WIrLf4ZDKFYZ4ji,Água Nos Zói - Ao Vivo,43,51,8,Clayton & Romário
44,spotify:track:7aZusA4cWXz3Wv9e9uhavz,Quer Voar,21,43,8,Matuê
45,spotify:track:2R9IrE42Mw4zdUXAEFNiZL,Senta Danada,29,46,8,Zé Felipe
46,spotify:track:6JIIejoN31NIn6BJsVS3cu,Oi Deus - Ao Vivo,39,39,6,Hugo & Guilherme
47,spotify:track:2PZmUFZGlUqkYJL0s0Cl6C,Dar uma Namorada - Ao Vivo,47,47,3,Israel & Rodolffo
48,spotify:track:2ookQf9qP2qiBuNFnNXyfl,Chega E Senta - Ao Vivo,15,38,8,John Amplificado
49,spotify:track:4AAIAVjSyiq1N7SXKkwXZe,Troca de Calçada,15,50,5,Marília Mendonça
50,spotify:track:6Lrzxd7ST5oQ6FYKXKH7Ia,Vagabundo,32,52,8,Matheus & Kauan
51,spotify:track:5F2xRvRFkxDvqdFtUNAEyw,Se For Amor,22,44,8,João Gomes
52,spotify:track:2s9BO8c0co0PmgBiUoTT17,A QUEDA,26,48,8,Gloria Groove
53,spotify:track:2xebCnKCjYWBhJ4Ai8hO5E,Set dos Casados,53,58,3,Mc Davi
54,spotify:track:2MZQAvsA7aZDssppBLRxYp,Batom de Cereja - Ao Vivo,54,61,8,Israel & Rodolffo
55,spotify:track:7xi4XR5EIOU6OHdIydLMjT,Uma Ex - Ao Vivo,55,60,3,Murilo Huff
56,spotify:track:5Z9KJZvQzH6PFmb8SNkxuk,INDUSTRY BABY (feat. Jack Harlow),36,56,8,Lil Nas X
57,spotify:track:0NvVVP3Q0oSbfBUZ48vCHs,Tiffany,47,53,5,MD Chefe
58,spotify:track:452LVnTBjXYW3guqe3xiqI,Vamo Tomar Uma,27,63,8,Zé Neto & Cristiano
59,spotify:track:1hs2hRwPfyFLoYIf6jY1W7,Zero Saudade - Ao Vivo,30,57,8,Os Barões Da Pisadinha
60,spotify:track:6RMYuqlTn8777j5arY9zhC,Cena de Amor,41,54,8,Brisa Star
61,spotify:track:7DETyuwRe61Ab57w90dJ37,Eu e Eu,59,59,3,Vitor e Luan
62,spotify:track:5BFz4pXzknmYYctjvLKJAB,Sentadinha Descarada,62,86,2,Zé Vaqueiro
63,spotify:track:1r9xUipOqoNwggBpENDsvJ,Enemy (with JID) - from the series Arcane League of Legends,63,64,3,Imagine Dragons
64,spotify:track:6Aw11M9NT2tBeEj3mPKrjy,Facas - Ao Vivo,64,80,3,Diego & Victor Hugo
65,spotify:track:0RoVmAeG1dC9U34S6RCCIB,Quebrando Protocolo - Ao Vivo,39,55,6,Gusttavo Lima
66,spotify:track:5CbDKqtF6F6m1KUvsAf2Kf,Sorte - Ao Vivo,66,66,4,Diego & Victor Hugo
67,spotify:track:5emL18Je5WuruMhWr0gj4w,Eu Já Tava Bem - Ao Vivo,67,—,1,Wesley Safadão
68,spotify:track:07Kp3cAQRY0iPp4ATMoehM,Ficante Fiel,51,72,4,Mad Dogz
69,spotify:track:7vCvUJyjMxRkPeo19nxmuk,Coração Na Cama - Ao Vivo,69,83,3,Hugo & Guilherme
70,spotify:track:53BkPZwlaLbW77uV9BnJkl,Eu Fiz o Jogo Virar,43,69,8,Mc Poze do Rodo
71,spotify:track:3tEaSuDA0eWnIF8ari2Xly,Calculista,71,—,1,Dom Vittor & Gustavo
72,spotify:track:0m6XpDgZSyqyCg0HKOCaO8,Estelionato Afetivo - Ao Vivo,71,71,3,Douglas & Vinicius
73,spotify:track:0PH49SrRKOFVWF81PobhW6,Unha de Gel,70,89,4,Os Barões Da Pisadinha
74,spotify:track:1G0kLIS0hE6uUPlIE9gksp,Fã Clube,39,62,5,Marília Mendonça
75,spotify:track:6HV630GY0GT3RN2efFRmbP,Troca,51,73,3,Jorge & Mateus
76,spotify:track:3HquWF2pZmWYu3WAEP9Heb,Só Não Divulga,48,84,3,Fernando & Sorocaba
77,spotify:track:3hycwch1V1aCbKGlcfKg0I,"Deu Meia Noite, Eu Sumi, Geral Soltando Fogos",77,97,2,Mc Delux
78,spotify:track:6pQKUKBpwr6GhfhcFFFozo,Não Nasceu pra Namorar,39,76,8,MC Zaquin
79,spotify:track:7b0W6Ra4fEoTTUWjQW1lpl,Imagine a Cena,74,74,4,Eric Land
80,spotify:track:7m9Hr6qAquvk6nNFtBIlM0,Modo Avião - Ao Vivo,80,90,2,DENNIS
81,spotify:track:2OEz3Dxs9yOEblN5Kk52Sv,Profissão F0Da,81,87,3,Mc Delux
82,spotify:track:2jPACjKR21inTnWeo3eHla,"Louis V, Menina Linda",38,65,8,Sidoka
83,spotify:track:3QKv1RIrWsLTA63oxscVrZ,Meu Bem,62,78,4,João Gomes
84,spotify:track:6KBITvbscpEpSIcsOSjww8,Mesa Falsa - Ao Vivo,71,77,4,Guilherme & Benuto
85,spotify:track:3IAfUEeaXRX9s9UdKOJrFI,Envolver,56,67,4,Anitta
86,spotify:track:1gqZjpNPd6UrV8ZGyKPjDw,Até A Próxima Vida - Ao Vivo,49,75,8,Henrique & Juliano
87,spotify:track:6AQqsFYtCQi9m7MJcMjGup,Superação Digital,48,79,8,Xand Avião
88,spotify:track:3v6gYFuAXQcm1EO5yW7yfX,Proteção de Tela,88,93,2,Tarcísio do Acordeon
89,spotify:track:46IZ0fSY2mpAiktS3KOqds,Easy On Me,40,68,4,Adele
90,spotify:track:3jSG8oE8doxDxmpe5GlFee,"Não, Não Vou",50,70,8,Mari Fernandez
91,spotify:track:41pFFOnh1glVNIlrWOpBjb,Se Joga no Passinho,42,92,2,Brisa Star
92,spotify:track:17Gh6E6eRfAAw7sCgmnkFc,O Ex da Sua Vida,84,95,2,Gusttavo Lima
93,spotify:track:5KtC1UhvyfLH5yCLTTfXwm,Favela No Topo,93,—,1,Hungria Hip Hop
94,spotify:track:2EO2Ygkb3rjxExkpStXvyK,Vou Encher de Leite e Vou Mandar Pros Alemão - Eletrofunk,71,91,7,Mc Th
95,spotify:track:0wRn3ggAY1fIupTaVigdza,A Cara do Crime (Nós Incomoda),46,96,8,Mc Poze do Rodo
96,spotify:track:03D8hNCVDBzQPCHHam1Q16,Não Tô Te Alugando,81,81,3,Humberto & Ronaldo
97,spotify:track:70PwecMUvcdwyunypqGHfQ,Gaiola - Ao Vivo,69,88,8,Henrique & Juliano
98,spotify:track:7kwOvJqT8zHXQ4NYUZQ6W2,Não Parei De Sofrer,72,100,2,Gustavo Mioto
99,spotify:track:2eFsVynOiCxtI4kvX0XClm,LEILÃO,99,—,1,Gloria Groove
100,spotify:track:4lHoT8PvMpMg1l5kdxqNmD,Coração de Isca,95,99,2,Bruno & Marrone
