rank,uri,track_name,peak,prev,streak,artist_names
1,spotify:track:4o6v3Oooyt7HF20idztRD4,Bombonzinho - Ao Vivo,1,1,7,Israel & Rodolffo
2,spotify:track:4ASA1PZyWGbuc4d9N8OAcF,Eu Gosto Assim - Ao Vivo,1,3,14,Gustavo Mioto
3,spotify:track:1597vvneWf0zoQrg2D8yH6,Evoque Prata,1,2,8,MC MENOR HR
4,spotify:track:1ELsaYdj2NlxLvkx9g24xZ,Haja Colírio (feat. Hugo & Guilherme) - Ao Vivo,1,4,26,Guilherme & Benuto
5,spotify:track:2M4kQD87lKnAS9vFlb4Bez,Pactos - Ao Vivo,5,5,10,Matheus & Kauan
6,spotify:track:3yHXEidSu4gYVRqKoI653O,Assunto Delicado - Ao Vivo,2,6,18,Guilherme & Benuto
7,spotify:track:1dMyIigB6MDsfD3xuG6TbO,Média Boa - Ao Vivo,7,10,10,Felipe e Rodrigo
8,spotify:track:6gyhp7IcNhTYzwlk8utsgP,Beijo de Glicose - Ao Vivo,3,7,16,Diego & Victor Hugo
9,spotify:track:2hkwwmmLC90T8BQ7t3xufq,Roça Em Mim,8,8,5,Zé Felipe
10,spotify:track:3gCWngngUs1uojw33vrE8K,5 Regras - Ao Vivo,3,9,21,Jorge & Mateus
11,spotify:track:0oB3IBEhbmgTrL7mV0VnFq,Novinha do Onlyfans (Tchan Ran Tchan Tchan),11,12,7,Kadu Martins
12,spotify:track:4r2O8NHomHiJnFKqhYnqy1,Perdoou Nada - Ao Vivo,12,14,3,Israel & Rodolffo
13,spotify:track:2YAOJkRWy382bRMXaj48FP,Esse B.O é Meu - Ao Vivo,13,18,7,Guilherme & Benuto
14,spotify:track:7LUZT12r4xmwR1Kh8TJgjv,Ex dos Meus Sonhos - Ao Vivo,5,11,11,Gusttavo Lima
15,spotify:track:1OZ4uv7OAP24Ix6j3vojLt,Casei Com a Putaria,3,13,22,Mc Paiva ZS
16,spotify:track:2orGm2E68ODFYOURjaES62,Felina,9,15,12,WIU
17,spotify:track:6Zw25LRLP0j0MsezDFIUM4,Mal Feito - Ao Vivo,1,17,49,Hugo & Guilherme
18,spotify:track:5DoYLtsVnNMcrgpMdEPOsI,É Só Um Lance Lero Lero,18,19,5,DJ Dozabri
19,spotify:track:4UldILPVpnZO69ffK4B9aA,Tubarão Te Amo,13,16,11,Dj LK da Escócia
20,spotify:track:4cxQWmXmmbFoWvV8qipQTe,Perfeito Pra Ficar Sozinho - Ao Vivo,16,21,20,Murilo Huff
21,spotify:track:77UrDaIQq6JZIJWeLgJaRf,Sereia,18,20,7,Orochi
22,spotify:track:4NNZZXHgn9F3cCgC1YGmLl,Todo Seu - Ao Vivo,4,22,33,Jorge & Mateus
23,spotify:track:2HMbGPbGiqGaHXzFkQAmZI,Basiquinho - Ao Vivo,11,23,20,Matheus & Kauan
24,spotify:track:6bwx7pcKJY05D9S6CVa1k6,Nem Namorado e Nem Ficante - Ao Vivo | Faixa Bônus,16,25,30,Israel & Rodolffo
25,spotify:track:7bhvRvE56NHBvedx0EeALS,Comunicação Falhou - Ao Vivo,11,24,34,Mari Fernandez
26,spotify:track:2bWVxK5GlPtS4D3FcLjGgQ,Cara da Derrota - Ao Vivo,26,42,11,Gusttavo Lima
27,spotify:track:4xxeEWGQNFQ6qehlnev5LS,Te Amo Demais,2,26,22,Marília Mendonça
28,spotify:track:42nZBOwXNdO24Ml032bLBS,Gatilho - Ao Vivo,10,29,40,Matheus & Kauan
29,spotify:track:0XyPPyGes0omXppV5YE8gy,Gostosinha é Ela,20,27,20,Felipe Amorim
30,spotify:track:11fqunD6qlOCrRd88kMOk6,Evento Cancelado - Ao Vivo,9,30,31,Henrique & Juliano
31,spotify:track:2ykYxd8UGHOsdjP3Z5jSHh,Cheiro de Balada - Ao Vivo,2,28,20,Hugo & Guilherme
32,spotify:track:2K9kZpwD2CzTa6iiSYYOoO,Leão,32,58,2,Marília Mendonça
33,spotify:track:5vC8UAOHeG95ehRzZChniB,Ai Preto,3,31,27,L7NNON
34,spotify:track:2qmG7dokbGpDGD0T5wORWt,Balanço da Rede,1,32,40,Matheus Fernandes
35,spotify:track:7AwVSKaQxpidrtYBerkHKk,Pipoco,3,33,27,Ana Castela
36,spotify:track:0BWEkqsmPe3qOzrRVztHU3,Acabei de Terminar - Ao Vivo,13,36,37,Paulo e Nathan
37,spotify:track:3XF598RmEUF3XW4XKo1lyP,Meu Número - Ao Vivo,9,35,36,Hugo & Guilherme
38,spotify:track:3IMLoeLerS7TMpKjxUgAhx,Arranhão - Ao Vivo,2,37,62,Henrique & Juliano
39,spotify:track:0tM4J8aID6qYZOE3e14sCj,Acordo - Ao Vivo,13,38,61,Henrique & Juliano
40,spotify:track:6gEOM9IEBzvTdbwNrSkBdC,Fala Mal de Mim - Ao Vivo,1,44,24,Gusttavo Lima
41,spotify:track:7nwHsYxiuHo98dLI7UVkyn,A Culpa É Nossa - Ao Vivo,41,—,1,Maiara & Maraisa
42,spotify:track:5PSkF3QpVMlAx8U5Inxj39,Vento Forte,3,34,23,Mc Jacaré
43,spotify:track:7nFvKgVumc9FcU97zGjjei,Coração de Gelo,43,53,2,WIU
44,spotify:track:1ACALdBWViTpLBC14Ecv8E,Namora Aí,44,76,2,MC Ryan SP
45,spotify:track:2PtpfX7sX870xeOfdTMyx2,Meus Vícios - Ao Vivo,37,46,13,Guilherme & Benuto
46,spotify:track:4QWumyD2uwiePBBha9XBHI,No Ouvidinho,2,43,38,Felipe Amorim
47,spotify:track:2ryeIBjDGoVmvK45BmFXpM,Respeita Seu Ex,47,—,1,Mari Fernandez
48,spotify:track:4x5q5T5mhE1xvoCVXY6qrN,Melodia Alucinógena,13,39,20,DJ AK BR
49,spotify:track:4Dvkj6JhhA12EX05fT7y2e,As It Was,27,40,38,Harry Styles
50,spotify:track:3nqQXoyQOWXiESFLlDF1hG,Unholy (feat. Kim Petras),25,41,13,Sam Smith
51,spotify:track:5t7E1z1kVtHyPxWNmUtXN4,Te Love - Ao Vivo,34,45,13,Kevi Jonny
52,spotify:track:74Le949TrZk4zwDjtWzH23,Cavalo de Pau,52,—,1,Bruno & Denner
53,spotify:track:0i4UV3HjjvsUuV3BajEXoD,Baile no Morro,8,47,26,MC Tairon
54,spotify:track:04vzhKfl5HtPEgrdZJCZ7L,Bagulho Louco,34,48,21,Mc Paiva ZS
55,spotify:track:0oZrvoCYEbKGCsU7cQqNnw,Imprevisto,50,50,5,Yago Oproprio
56,spotify:track:7qoIhutxU269Zqo9PG5IOj,Poesia Acústica 13,24,52,14,Pineapple StormTv
57,spotify:track:2TdOWHAolNaQx8gyRDVS1N,ERRO PLANEJADO - Ao Vivo,3,57,36,Luan Santana
58,spotify:track:3ITkrUvAA6gzxer2UIom3P,Molhando o Volante,4,59,54,Jorge & Mateus
59,spotify:track:1t5dhHyXMwdbAcI3EQRqFV,Meio Fio - Ao Vivo,41,60,20,Diego & Victor Hugo
60,spotify:track:6Ulh9GPYz6JKdv04qc3q2U,Dengo,6,55,32,João Gomes
61,spotify:track:2wSCalnGOnXdAJC0Fn8OUY,Vai Lá Em Casa Hoje,1,56,61,George Henrique & Rodrigo
62,spotify:track:0dcHD9QhnWRA41zoLnC83X,X1,49,61,21,MC Cabelinho
63,spotify:track:4qsOrxBv09HhNSpsgMRXdC,Esqueça-Me Se For Capaz,1,64,62,Marília Mendonça
64,spotify:track:0MKd4uZd8Ag8qyReZBTarP,Pino da Granada - Ao Vivo em Rio Preto,25,62,30,Murilo Huff
65,spotify:track:3o5LmE0gNsEBwz7VCmc3bV,Problemão - Ao Vivo,60,63,8,Hugo & Vitor
66,spotify:track:1JIKO27MqvSpjrnUCT6fLC,A Caminho do Bega,53,54,6,DJ Patrick Muniz
67,spotify:track:2ebFBmle5uXcdbrCAOvPcZ,Vagabundo Chora - Ao Vivo,16,69,45,Guilherme & Benuto
68,spotify:track:6Hio4nlyWL2WBL8nYlbuGt,Agudo Mágico 3,68,—,1,MC K.K
69,spotify:track:4pjznsLeoyimnxGlVpmyJI,NÉ SEGREDO,55,65,11,MC Cabelinho
70,spotify:track:1K8AtBJXcdq5mywMnZuARP,Termina Comigo Antes,1,49,38,Gusttavo Lima
71,spotify:track:3ShKPhFkexrwl7WoyTtNND,Tchuco Nela,7,66,35,MC Rogerinho
72,spotify:track:2Vl7x4BkNhhJkEmQQMcV0V,Toma Tapa,72,—,1,Mc Jacaré
73,spotify:track:5TPXcKSOlPaz2pkYbWiWHU,Ai Eu Chorei - Ao Vivo,32,78,24,Clayton & Romário
74,spotify:track:4pzRxLzkLjnqnrOL0VMV5w,Não Fosse Tão Tarde - Ao Vivo,72,72,3,Wesley Safadão
75,spotify:track:5IcPYzR2bkS4W3MabMpi4Z,Melhor Ser uma Saudade,8,67,47,Zé Neto & Cristiano
76,spotify:track:7fzgTaVhUxmEzjtcd9NdWo,Cê Tá Preparada - Ao Vivo,14,70,62,Tayrone
77,spotify:track:2XaEn8iznBz9ZE9YJqJdQ6,Revoada do Tubarão 3,46,51,4,MC Ryan SP
78,spotify:track:30rrBGpna63eIJ2BrXlWDC,Minha Cópia Atual - Ao Vivo,43,81,38,Henrique & Juliano
79,spotify:track:14JKzKrJbPDflw8XyATMey,A Maior Saudade - Ao Vivo,6,74,62,Henrique & Juliano
80,spotify:track:5mJFh4iRzgmWuEVPG8257V,Quem Não Conhece Tá Sem Internet,56,68,12,MC Marks
81,spotify:track:0jAAnWNbcHf6X1EXOtvOT7,Incendeia,24,79,23,MC Kevin o Chris
82,spotify:track:48LEhRW4gLMCVSYFEZvt8b,Assume a Gente - Ao Vivo,27,90,39,João Bosco e Gabriel
83,spotify:track:4vWh6tEfcLzdvYWp2IlOJS,CORAÇÃO CIGANO - Ao Vivo,2,83,19,Luan Santana
84,spotify:track:5A35xC90Nk6tXmcOAOOavi,ABALO EMOCIONAL - Ao Vivo,5,89,46,Luan Santana
85,spotify:track:4QQTPEwqE4Aq7LXSyIgSci,Primeiro Beck Ela Me Mamou,38,73,15,Mc Kitinho
86,spotify:track:3DNhR7P04alm9S4JA6Llvg,Mó Viagem,77,77,2,Felipe Amorim
87,spotify:track:4GOs8fPjp4M9CBHanTMwsQ,Seu Perfil - Ao Vivo,54,85,16,Henrique & Juliano
88,spotify:track:7woVi4HBuv0rsO98Ox2Fcq,Doce Veneno,72,87,10,Mc Paiva ZS
89,spotify:track:2SOeAhvJfh7HsGYPVtGG8H,Aqui Na Parma Tu Vem Pra Fuder,66,75,8,DJ CIRILO DE CAXIAS
90,spotify:track:0roEMqT0P7Z82rJTwcID3Z,Felicidade Dela - Ao Vivo,26,97,39,Hugo & Guilherme
91,spotify:track:5TGkZGCUoV1zvFxQOIQM5O,Reverse,69,88,9,HITMAKER
92,spotify:track:4aoZBldNDVYmTwmeoI49ud,O Poder Dessa Garota,73,82,5,Mc Gabzin
93,spotify:track:7G2LNG0EDgU5IyeeP6pevW,Pode Apostar - Ao Vivo,91,91,2,Mari Fernandez
94,spotify:track:28m65cMH7QXHzFnZSTtNHY,Não Sei o Que Lá,18,—,1,Marília Mendonça
95,spotify:track:4uUG5RXrOk84mYEfFvj3cK,I'm Good (Blue),67,—,1,David Guetta
96,spotify:track:4kpj0mNvse4mclBHpluw4g,O Grau Bateu - Ao Vivo,68,80,6,Clayton & Romário
97,spotify:track:75vGTHuhbJDrZ0oPb3FXQ9,Pagodão do Birimbola (Tchubirabirom),97,99,2,Os Quebradeiras
98,spotify:track:130HVxaVe9EYcLJmuOR9Rw,Até A Próxima Vida - Ao Vivo,49,100,29,Henrique & Juliano
99,spotify:track:3lQnTQFBxk1HMsj8aa4syY,Virando o Olhinho,48,86,24,Kadu Martins
100,spotify:track:7CIj5SFTB6WPJrYjLZN5bp,Pega o Guanabara - Ao Vivo,84,84,3,Wesley Safadão
