rank,uri,track_name,peak,prev,streak,artist_names
1,spotify:track:1c4htMHiolERc0YJvZNdlc,Vai Lá Em Casa Hoje,1,1,10,George Henrique & Rodrigo
2,spotify:track:4qsOrxBv09HhNSpsgMRXdC,Esqueça-Me Se For Capaz,1,2,11,Marília Mendonça
3,spotify:track:3IMLoeLerS7TMpKjxUgAhx,Arranhão - Ao Vivo,2,3,11,Henrique & Juliano
4,spotify:track:5VTjBl3ddZEiG2LrH4VzyR,Toma Toma Vapo Vapo,4,4,7,Zé Felipe
5,spotify:track:6nkoWsFZeFt5dUdNmlIceh,Bloqueado - Ao Vivo,5,8,5,Gusttavo Lima
6,spotify:track:4fSHADbZbhpZCT9oJpxwbP,Ameaça,2,6,10,Paulo Pires
7,spotify:track:3YvE7uo4ffseBoJPh8IhHp,Presepada,5,5,8,Marília Mendonça
8,spotify:track:3ITkrUvAA6gzxer2UIom3P,Molhando o Volante,8,14,3,Jorge & Mateus
9,spotify:track:72g37RoelSnovZakG5MwnF,Parada Louca,9,9,7,Mari Fernandez
10,spotify:track:14JKzKrJbPDflw8XyATMey,A Maior Saudade - Ao Vivo,6,7,11,Henrique & Juliano
11,spotify:track:053zWWZDziDJd3U94x8RuP,Todo Mundo Menos Você,3,10,11,Marília Mendonça
12,spotify:track:6qdJZIjxrPaJjaGqlXFLSs,Nota de Repúdio - Ao Vivo,3,11,11,Gusttavo Lima
13,spotify:track:7pvrsbBKUQI2QmA74WCJa5,Ela e Ela,4,13,11,Zé Neto & Cristiano
14,spotify:track:2RGIuYTsyyHoOCqW0krvNE,Coração Cachorro,1,15,11,Avine Vinny
15,spotify:track:2wG1R0uDFwyobcWzVssC1J,GALOPA,6,12,11,PEDRO SAMPAIO
16,spotify:track:4kGdnA7FzSVsXC29LPghej,Revoada No Colchão,4,17,11,Zé Felipe
17,spotify:track:0JdkDCdrhMOaeXjIZdeBXN,Ela me Falou Que Quer Rave,8,16,9,MC Levin
18,spotify:track:0NBgyml7T0IvUNbXIkcSpH,Malvadão 3,18,69,2,Xamã
19,spotify:track:1tYJnXtKLoWVIL4lZOouQG,Cê Tá Preparada - Ao Vivo,15,19,11,Tayrone
20,spotify:track:2ixi9HWJw5lnLDmRMsiCS5,Você Beberia Ou Não Beberia?,9,20,11,Zé Neto & Cristiano
21,spotify:track:2kJRlOyrxsy7Ot3c5TZ8Q6,Meu Pedaço de Pecado,8,23,11,João Gomes
22,spotify:track:0tM4J8aID6qYZOE3e14sCj,Acordo - Ao Vivo,18,18,10,Henrique & Juliano
23,spotify:track:1wdhj1r7aeWVDUl9d18YKu,Expectativa x Realidade,16,21,11,Matheus & Kauan
24,spotify:track:7ARoqP7G8UYW8SyYPyPp7k,NO CHÃO NOVINHA,22,22,3,Anitta
25,spotify:track:0yL7K9MzC20uBesZTPY81r,Pandora,25,29,3,DJ Matt D
26,spotify:track:6fe5D0ivKnpXFMAnoSRjah,Localiza Aí BB,20,26,11,Vitor e Luan
27,spotify:track:17QN5kFprJqHdHLMj7hz4s,Ficha Limpa - Ao Vivo,10,24,11,Gusttavo Lima
28,spotify:track:2jwrYBGz7osKI31v50bS7b,Putariazinha,10,25,11,Felipe Amorim
29,spotify:track:2PZmUFZGlUqkYJL0s0Cl6C,Dar uma Namorada - Ao Vivo,29,31,6,Israel & Rodolffo
30,spotify:track:1bWBG6IkMnDr3qvCKSvQT7,Baby Me Atende - Ao Vivo,18,30,11,Matheus Fernandes
31,spotify:track:50gPsfGHy5OnPauA9455DM,Rolê,14,33,11,Tarcísio do Acordeon
32,spotify:track:1d7AtPeraWVsvI4U1YTHt1,Vestido Coladinho,28,28,11,Max e Luan
33,spotify:track:77rIMl1WIrLf4ZDKFYZ4ji,Água Nos Zói - Ao Vivo,33,39,11,Clayton & Romário
34,spotify:track:28m65cMH7QXHzFnZSTtNHY,Não Sei o Que Lá,18,34,8,Marília Mendonça
35,spotify:track:79Wou8NwYEFzTyDQudjENF,Desbloqueado - Ao Vivo,19,32,11,Diego & Victor Hugo
36,spotify:track:6T6SDJszPbuMCBpSm3aS3G,Carinha de Neném,21,37,11,Japãozin
37,spotify:track:48Ll1C6qAnP2UjnopQDh4a,Bala Love,7,27,11,Mc Anjim
38,spotify:track:0DsPj89zlY3Us7xb5cXK5h,"Trava na Pose, Chama no Zoom, Da um Close (feat. Mc Rennan)",6,36,11,DJ Patrick Muniz
39,spotify:track:0FqVtQxRD3HsPltldG5v5M,Aquelas Coisas,25,44,11,João Gomes
40,spotify:track:2R9IrE42Mw4zdUXAEFNiZL,Senta Danada,29,45,11,Zé Felipe
41,spotify:track:4XiFqfUXyTwOChvMLKKi0T,Sem Sentimento,11,38,11,DG e Batidão Stronda
42,spotify:track:7xVSNhAUQhUIpwfR6lTOwA,Por Supuesto,19,35,10,Marina Sena
43,spotify:track:1TyxXIXVVpHwhKaF73z8nw,Rasteira - Ao Vivo,32,40,11,Henrique & Juliano
44,spotify:track:6m84TzSTM5nbwZxIxkYHz6,Namorando Com Saudade,35,42,11,Jorge & Mateus
45,spotify:track:6ve9hbVnSgJ0vrsRpj18OH,Não Me Arranha - Ao Vivo,15,46,11,Gusttavo Lima
46,spotify:track:6WxpU2F5gwTzwYsAalI6nI,Motel Afrodite,16,43,8,Marília Mendonça
47,spotify:track:62d4BfCTUHdOsARRETHLDz,Mete a Louca,30,41,7,MC Rogerinho
48,spotify:track:4PQdrXMDHDPl1RczrrlADd,MORENA,26,49,11,Luan Santana
49,spotify:track:4AAIAVjSyiq1N7SXKkwXZe,Troca de Calçada,15,50,8,Marília Mendonça
50,spotify:track:6JIIejoN31NIn6BJsVS3cu,Oi Deus - Ao Vivo,39,52,9,Hugo & Guilherme
51,spotify:track:5emL18Je5WuruMhWr0gj4w,Eu Já Tava Bem - Ao Vivo,51,62,4,Wesley Safadão
52,spotify:track:6Lrzxd7ST5oQ6FYKXKH7Ia,Vagabundo,32,51,11,Matheus & Kauan
53,spotify:track:2MZQAvsA7aZDssppBLRxYp,Batom de Cereja - Ao Vivo,53,58,11,Israel & Rodolffo
54,spotify:track:0ZwGhDJHceKPvg3UAb5OMQ,Teste de Farmácia - Ao Vivo,48,48,2,Gusttavo Lima
55,spotify:track:7aZusA4cWXz3Wv9e9uhavz,Quer Voar,21,47,11,Matuê
56,spotify:track:5F2xRvRFkxDvqdFtUNAEyw,Se For Amor,22,61,11,João Gomes
57,spotify:track:452LVnTBjXYW3guqe3xiqI,Vamo Tomar Uma,27,59,11,Zé Neto & Cristiano
58,spotify:track:2xebCnKCjYWBhJ4Ai8hO5E,Set dos Casados,53,55,6,Mc Davi
59,spotify:track:7xi4XR5EIOU6OHdIydLMjT,Uma Ex - Ao Vivo,55,57,6,Murilo Huff
60,spotify:track:2s9BO8c0co0PmgBiUoTT17,A QUEDA,26,53,11,Gloria Groove
61,spotify:track:2ookQf9qP2qiBuNFnNXyfl,Chega E Senta - Ao Vivo,15,60,11,John Amplificado
62,spotify:track:6RMYuqlTn8777j5arY9zhC,Cena de Amor,41,63,11,Brisa Star
63,spotify:track:6wrkP23fHC8KDHCfs8MpJ9,Chá De Casa Nova - Ao Vivo,49,56,3,Henrique & Juliano
64,spotify:track:3Lw41pfko5XMrsHRtlbo2k,Bota a Mão no Chão,34,54,7,Felipe Cardoso DJ
65,spotify:track:07Kp3cAQRY0iPp4ATMoehM,Ficante Fiel,51,66,7,Mad Dogz
66,spotify:track:4OjLi2Ji9UhVsHjqzRGCsM,Quebrando Protocolo - Ao Vivo,39,64,9,Gusttavo Lima
67,spotify:track:3Ox3DxqqRCEEVCPnENVx3g,"Calma Bb, Tá nos Melhores Amigos",67,72,3,Mc Th
68,spotify:track:5BFz4pXzknmYYctjvLKJAB,Sentadinha Descarada,62,71,5,Zé Vaqueiro
69,spotify:track:0PH49SrRKOFVWF81PobhW6,Unha de Gel,69,81,7,Os Barões Da Pisadinha
70,spotify:track:1hs2hRwPfyFLoYIf6jY1W7,Zero Saudade - Ao Vivo,30,79,11,Os Barões Da Pisadinha
71,spotify:track:3tEaSuDA0eWnIF8ari2Xly,Calculista,70,70,4,Dom Vittor & Gustavo
72,spotify:track:6Aw11M9NT2tBeEj3mPKrjy,Facas - Ao Vivo,64,74,6,Diego & Victor Hugo
73,spotify:track:6HV630GY0GT3RN2efFRmbP,Troca,51,67,6,Jorge & Mateus
74,spotify:track:17Gh6E6eRfAAw7sCgmnkFc,O Ex da Sua Vida,74,77,2,Gusttavo Lima
75,spotify:track:6PphjPCInSH37orHuV7ymU,Modo Avião - Ao Vivo,75,85,5,DENNIS
76,spotify:track:48m5UXwNTD7cddHC6xRiFk,De Garrafa A Pior - Ao Vivo,61,65,3,Henrique & Juliano
77,spotify:track:3v6gYFuAXQcm1EO5yW7yfX,Proteção de Tela,77,86,5,Tarcísio do Acordeon
78,spotify:track:3HquWF2pZmWYu3WAEP9Heb,Só Não Divulga,48,82,6,Fernando & Sorocaba
79,spotify:track:0m6XpDgZSyqyCg0HKOCaO8,Estelionato Afetivo - Ao Vivo,68,68,6,Douglas & Vinicius
80,spotify:track:3hycwch1V1aCbKGlcfKg0I,"Deu Meia Noite, Eu Sumi, Geral Soltando Fogos",67,76,5,Mc Delux
81,spotify:track:7DETyuwRe61Ab57w90dJ37,Eu e Eu,59,73,6,Vitor e Luan
82,spotify:track:4lHoT8PvMpMg1l5kdxqNmD,Coração de Isca,82,84,5,Bruno & Marrone
83,spotify:track:7vCvUJyjMxRkPeo19nxmuk,Coração Na Cama - Ao Vivo,69,83,6,Hugo & Guilherme
84,spotify:track:2TkyXnE0OB6Yo9zuzv9B4e,Cruzeiro da Revoada,84,87,3,Hungria Hip Hop
85,spotify:track:2zvfMwpBdm9zC4zwLWq1Wg,ILHA,78,97,2,Luan Santana
86,spotify:track:6AQqsFYtCQi9m7MJcMjGup,Superação Digital,48,96,11,Xand Avião
87,spotify:track:7HjZD0NPC1hzFpjUjo45GR,Me Sinto Abençoado,75,75,3,Mc Poze do Rodo
88,spotify:track:3QKv1RIrWsLTA63oxscVrZ,Meu Bem,62,98,7,João Gomes
89,spotify:track:3jSG8oE8doxDxmpe5GlFee,"Não, Não Vou",50,95,11,Mari Fernandez
90,spotify:track:1G0kLIS0hE6uUPlIE9gksp,Fã Clube,39,89,8,Marília Mendonça
91,spotify:track:41pFFOnh1glVNIlrWOpBjb,Se Joga no Passinho,42,99,2,Brisa Star
92,spotify:track:5Z9KJZvQzH6PFmb8SNkxuk,INDUSTRY BABY (feat. Jack Harlow),36,78,11,Lil Nas X
93,spotify:track:1XZZGxDOOzgC5a7YlC1gVZ,A Mulher Mais Bonita do Mundo - Ao Vivo,93,—,1,Diego & Arnaldo
94,spotify:track:3psMQz5Gv7jROkzVP4VokT,Da Moral Pros Pobre - Ao Vivo,93,93,2,Hugo & Guilherme
95,spotify:track:1r9xUipOqoNwggBpENDsvJ,Enemy (with JID) - from the series Arcane League of Legends,63,80,6,Imagine Dragons
96,spotify:track:5CbDKqtF6F6m1KUvsAf2Kf,Sorte - Ao Vivo,66,94,7,Diego & Victor Hugo
97,spotify:track:59wOSyrOPTS1NmNHED6hbI,Vazou um Áudio - Ao Vivo No Casa Filtr,97,—,1,Avine Vinny
98,spotify:track:7kwOvJqT8zHXQ4NYUZQ6W2,Não Parei De Sofrer,72,91,2,Gustavo Mioto
99,spotify:track:03D8hNCVDBzQPCHHam1Q16,Não Tô Te Alugando,81,—,1,Humberto & Ronaldo
100,spotify:track:130HVxaVe9EYcLJmuOR9Rw,Até A Próxima Vida - Ao Vivo,49,90,11,Henrique & Juliano
