rank,uri,track_name,peak,prev,streak,artist_names
1,spotify:track:42JNab8NPeCADJ9D3Cl5wS,Barulho Do Foguete - Ao Vivo,1,1,23,Zé Neto & Cristiano
2,spotify:track:2InS5VWKJQbsFBKOsf1cJB,Let's Go 4,1,3,12,Dj GBR
3,spotify:track:35D06z7kmwMmYYbyJ0BkSm,Daqui pra Sempre,1,2,10,Manu
4,spotify:track:6zLBR9izBeZ1d0pfuwJgRa,Tipo Hollywood,4,10,4,Mc Ws da leste
5,spotify:track:00ZKeP47bZtswtANkvxz2j,Baile do Bruxo,1,5,8,Tropa do Bruxo
6,spotify:track:7DkhndGTKaqkFxxKN7XlAh,Manda um Oi - Ao Vivo,4,4,30,Guilherme & Benuto
7,spotify:track:6AENBD8I0mDGglFqrRZGu7,Canudinho - Ao Vivo,1,6,14,Gusttavo Lima
8,spotify:track:7GjAXYuxjuXPbQJzRnNdob,Pane no Sistema,7,7,7,GREGO
9,spotify:track:4zW6JV4aqhXpbfZLZyEFvP,Quase Algo - Ao Vivo Em Nova Iorque / 2022,8,9,12,Henrique & Juliano
10,spotify:track:4YKujFSyakVjLdH1sDllVc,Dois Fugitivos - Ao Vivo,6,8,12,Simone Mendes
11,spotify:track:4f0aDk7HX37SfzerfznYlr,Lapada Dela - Ao Vivo,7,11,39,Grupo Menos É Mais
12,spotify:track:0QcKkN8b4iVkmVsbaze8OS,Devia Ser Proibido - Ao Vivo Em Brasília,12,14,19,Henrique & Juliano
13,spotify:track:7dKqPh21HpsysZvRWyNeM1,Bênçãos Que Não Têm Fim (Counting My Blessings),13,27,3,Isadora Pompeo
14,spotify:track:3PqU6gHWUaBTtIZi5oxEJ7,Um Mês E Pouco - Ao Vivo,3,15,24,Zé Neto & Cristiano
15,spotify:track:3XIXklO3e0uWUAUkOR7NLI,DENTRO DA HILUX,1,13,15,Luan Pereira
16,spotify:track:4uqJelb9THHmJ3OCohg4ZJ,Nosso Quadro,1,20,44,AgroPlay
17,spotify:track:6vq7r1Pqd3pyI07u63cPZV,Erro Gostoso - Ao Vivo,3,24,45,Simone Mendes
18,spotify:track:64CovjRwInpOJW4PiGMprY,Faz um Vuk Vuk (Teto Espelhado),1,18,20,MC Kevin o Chris
19,spotify:track:54u86CmMqGI1rRuULlTqaB,Toca o Trompete,2,16,19,Felipe Amorim
20,spotify:track:4Z2i41GDQyu3KRpBavEnyR,Solteiro Forçado - Boiadeira Internacional,2,12,22,Ana Castela
21,spotify:track:7G2yGMHlcPPTCDhMrAaMyZ,Tô Voltando - (Boiadeira Internacional),19,19,15,Ana Castela
22,spotify:track:6rpUGV7bcWW9ro65Bf8uYY,Eu Não Dou Conta - Ao Vivo,17,17,11,Israel & Rodolffo
23,spotify:track:0redQHBfejmPUhonR5ppGC,Duas Três,6,28,43,Guilherme & Benuto
24,spotify:track:53PpijFATt35Zxfl6LTxoK,Leão,1,29,52,Marília Mendonça
25,spotify:track:7GScY8oE12cqTiNBzVQpUB,Mala dos Porta-Mala - Ao Vivo,4,22,21,Gusttavo Lima
26,spotify:track:4hKLzFvNwHF6dPosGT30ed,Novo Balanço,9,31,29,Veigh
27,spotify:track:1xjy8WRyYUkayJcyyWQpYe,Fronteira - Ao Vivo,27,45,3,Ana Castela
28,spotify:track:6tGlPVCrjerAAbKJs85m5g,Seu Erro - Ao Vivo Em Nova Iorque / 2022,22,23,7,Henrique & Juliano
29,spotify:track:3PH1nUysW7ybo3Yu8sqlPN,Seu Brilho Sumiu - Ao Vivo,1,36,40,Israel & Rodolffo
30,spotify:track:4zNy0cxc4p36OLdPr0sI6h,MONTAGEM ANOS 2000,11,21,12,MC Maneirinho
31,spotify:track:0fABszUFNbNq9IW503Gj8v,Tá OK,1,30,28,DENNIS
32,spotify:track:6Td7nVeAOUz13zhDlUY8jv,CHEIRO NA CAMISETA,32,48,3,Luan Pereira
33,spotify:track:6drlqBh6BeYZinmYQ9qR2n,Furduncinho do Rogerinho,14,26,15,MC Rogerinho
34,spotify:track:4xAGuRRKOgoaZbMGdmTD3N,Oi Balde - Ao Vivo,2,39,42,Zé Neto & Cristiano
35,spotify:track:0wuj2T6IZtotux1Jjluo7m,Cama Repetida,35,51,3,Leo Santana
36,spotify:track:7vCtJ5u7dFM4tAWtgFf4l8,Anestesiado - Ao Vivo,36,52,3,Murilo Huff
37,spotify:track:1Vy9Wn5sbiduZKBqBlH3Mc,Ballena,14,37,21,Vulgo FK
38,spotify:track:3S8M3mZGIc10IdtmNTsrjQ,Eu Não Previ - Ao Vivo em Goiânia,32,32,14,Traia Véia
39,spotify:track:6PXyRQ9Q0eNlLGsI6GxiYX,Torce o Olho - Ao Vivo,25,25,3,Gusttavo Lima
40,spotify:track:2pidGuLSSVZPcbzE5QA1Ux,Elevador - Ao Vivo,21,41,26,Hugo & Guilherme
41,spotify:track:4uLzGOlqSanpNS3htaUViY,Pátio do Posto - Ao Vivo,8,46,38,Zé Neto & Cristiano
42,spotify:track:4KGyltc1ugN2WFcjkSPHwh,Não Vitalício (Nunca Mais) - Ao Vivo,5,43,44,Matheus & Kauan
43,spotify:track:2twZl1jsRbJRTNCE6VB6eW,10 Carros,43,—,1,Chefin
44,spotify:track:7lTVXJfNK4xaJSUXCUac6a,Fode Bem,6,33,18,Felipe Amorim
45,spotify:track:23IebZSNZ8VzwUr4rJNGRG,MEIO TERMO - Ao Vivo,11,44,26,Luan Santana
46,spotify:track:7r8yMaSOy4XmuhRz7iv1gi,Traumatizei - Ao Vivo Em Brasília,4,55,44,Henrique & Juliano
47,spotify:track:2uhw2oYbugGJbn10wipNX5,Novidade na Área,2,38,24,Mc Livinho
48,spotify:track:4D25RP3yiJWfW9utK9dMyv,Ali Te Ama - Ao Vivo,48,59,5,Rayane & Rafaela
49,spotify:track:2BlFIe0712LBUtTHxbqjme,Love Gostosinho - Ao Vivo,13,42,46,NATTAN
50,spotify:track:2cZ62VBKsdZ7u1kKKJdFOc,Sou Musa do Verão,31,35,5,Marshmello
51,spotify:track:1Z3QqD45wKKN6fUKBXSvcZ,Pirulito Vermelho,28,40,25,Diego & Victor Hugo
52,spotify:track:07DskqQ1NbTiotX1WIV7ob,Piloto,12,34,10,Flora Matos
53,spotify:track:4pWsXhLUdtBKlw9npIXZAl,Halls na Língua,4,47,26,Kadu Martins
54,spotify:track:735MbOmMNSTMmPVrY51LBh,Aqui Tem Alguém - Ao Vivo,54,63,5,Ana Castela
55,spotify:track:4wjDiZGsZYQqKkXyPcQGF6,Agudo Mágico 4,45,50,7,MC K.K
56,spotify:track:4dHMuSjpkUcWW3zZehOFj7,Narcisista - Ao Vivo,29,57,21,Maiara & Maraisa
57,spotify:track:0GTUqRzwAacEI5Pll8YlBA,Amor Não Dá Em Copo - Ao Vivo,41,49,6,Israel & Rodolffo
58,spotify:track:64I2WXRrFWWxjRh8uTYYQB,Abre A Mente - Ao Vivo Em Brasília,41,61,26,Henrique & Juliano
59,spotify:track:1mimc5QiUuwmVYdXkWvgOQ,MOLETOM,8,64,23,Luan Pereira
60,spotify:track:0Q1oLvAI9QaD3DIlvluTqx,Voltou Com Quem Não Voltava - Ao Vivo,34,53,29,Israel & Rodolffo
61,spotify:track:4ldcxPVAtih8alepJTu8Hx,"Faz Completo, Chefe",44,75,16,Mc IG
62,spotify:track:2pRjaIcGc9LOmu7x9XMswA,Calafrio (feat. Henrique & Juliano) - Ao Vivo | Bônus Track,48,54,6,Diego & Victor Hugo
63,spotify:track:2LTlykcdu0gwb7zcKneo2a,Melhor Só,12,89,2,KayBlack
64,spotify:track:7IPEkUJsnWYNyBkK2i2FPj,Mágica - Ao Vivo,6,69,36,Hugo & Guilherme
65,spotify:track:7Iq55toOSSBCEoGuXxQSa1,Vem Quebrando,44,56,11,Mc Danone
66,spotify:track:6xRDvureEBwHgwAYDufbJL,Chorei na Vaquejada,32,67,27,Eric Land
67,spotify:track:4TVPiACLzxgDjmkwaabMxs,Você Vai Ser Fiel - Ao Vivo Em Nova Iorque / 2022,67,—,1,Henrique & Juliano
68,spotify:track:1kWcd9h9HoeXsKaDVhSOtj,Ela - Ao Vivo,60,60,3,Sorriso Maroto
69,spotify:track:6hu4HvpNzrW2RIEEAZC3vD,Segredo,39,62,36,KayBlack
70,spotify:track:2M4kQD87lKnAS9vFlb4Bez,Pactos - Ao Vivo,5,71,60,Matheus & Kauan
71,spotify:track:4vdFF0P7oTZoeKvnfIsbh3,Te Esqueci Sem Querer - Ao Vivo Em Brasília,17,70,33,Henrique & Juliano
72,spotify:track:4ASA1PZyWGbuc4d9N8OAcF,Eu Gosto Assim - Ao Vivo,1,74,64,Gustavo Mioto
73,spotify:track:5ZkwwBa9DlwuUFbXwrLeXF,Poeirão - Ao Vivo,64,65,4,Guilherme & Benuto
74,spotify:track:1O7IPsWoVYawmaYOwpLUkC,Todo Mundo Me Ama - Ao Vivo,74,—,1,Gusttavo Lima
75,spotify:track:4VI4yOAb7fWrFCnuGBIaeG,Carta Aberta,75,—,1,MC Cabelinho
76,spotify:track:1dNaW9Zy3lSgwylHwR75Ro,Mega Funk Lost,73,73,4,DJ Maninho
77,spotify:track:0SCMVUZ21uYYB8cc0ScfbV,Bombonzinho - Ao Vivo,1,—,1,Israel & Rodolffo
78,spotify:track:4ssTFuVeNJG8py5dr2P2pV,Não Recomendo - Ao Vivo,78,—,1,Matheus & Kauan
79,spotify:track:3rUGC1vUpkDG9CZFHMur1t,greedy,65,68,9,Tate McRae
80,spotify:track:6L2ule7uWSdh1qjcMO3vUD,Quem tá Pegando,30,78,29,Murilo Huff
81,spotify:track:62W2f0QOg20ufNjJQHqnkq,Fernando de Noronha,48,77,10,Mc IG
82,spotify:track:3hfCle1QRfbwIpQ1B746lV,Aquariano Nato,69,81,8,MC Saci
83,spotify:track:39xOREhViooEYFpmnKTdrl,Engana Dizendo Que Ama,30,83,29,Veigh
84,spotify:track:7EHlDvAa7gncwcAlfclZiX,Última Noite - Ao Vivo,80,95,3,Felipe Araújo
85,spotify:track:4qx6N7gtoRnqFHQKOS5AKH,Rancorosa - Ao Vivo Em Brasília,11,91,2,Henrique & Juliano
86,spotify:track:5asabafNzfAzjUecDvuNES,Aquela Pessoa - Ao Vivo,80,93,9,Henrique & Juliano
87,spotify:track:3l5VjEAeUTqrlD50iEo8Yn,Licor 43,82,—,1,KayBlack
88,spotify:track:5HlcsBdjb5TiZeZ3ngWRv0,5 Da Manhã - Ao Vivo,69,80,10,Raí Saia Rodada
89,spotify:track:6ELMBm3lZFitAZp03GBBNG,Me Atraiu - Ao Vivo,77,94,2,Gabriela Rocha
90,spotify:track:0zxWyvrKyz031tFfBnkYLr,Como É Que A Gente Fica - Ao Vivo,84,84,11,Henrique & Juliano
91,spotify:track:4N4Jk8n24I4lkSUdzoS0n7,Alô Tranqueira - Ao Vivo,43,76,9,Zé Neto & Cristiano
92,spotify:track:6S44vghJxOzBM2dwG10KBR,MULHER SEGURA - Ao Vivo,30,58,12,Luan Santana
93,spotify:track:6e5byyKtx6R0h66gagelPe,Quando Apaga A Luz - Ao Vivo,10,—,1,Gustavo Mioto
94,spotify:track:1BxfuPKGuaTgP7aM0Bbdwr,Cruel Summer,72,72,3,Taylor Swift
95,spotify:track:5G3ZjUMOlOpChRHpdlGALj,Insônia,92,92,3,Hungria Hip Hop
96,spotify:track:09pQ3lGyMTpW3rz7a71zwQ,Metade De Mim - Ao Vivo,11,96,40,Hugo & Guilherme
97,spotify:track:2yIJ2CVZkTDftAsL9NPTw2,Milionário - Ao Vivo,62,79,13,Guilherme & Benuto
98,spotify:track:1gUKbDEyGK4uo8t8MdjKMZ,Namorando Ou Não - Ao Vivo,10,—,1,Clayton & Romário
99,spotify:track:1PXQJeClOb4AgBJp9jKLZw,Se É Pra Mentir - Ao Vivo Em Nova Iorque / 2022,78,97,2,Henrique & Juliano
100,spotify:track:54FV2rMVwLusAVnzROB0c1,Mesma História,100,—,1,Orochi
