rank,uri,track_name,peak,prev,streak,artist_names
1,spotify:track:5719MEdRQcH4c3phXqX7WN,Mal Feito - Ao Vivo,1,1,6,Hugo & Guilherme
2,spotify:track:0NBgyml7T0IvUNbXIkcSpH,Malvadão 3,1,2,10,Xamã
3,spotify:track:6nkoWsFZeFt5dUdNmlIceh,Bloqueado - Ao Vivo,2,5,13,Gusttavo Lima
4,spotify:track:7gVzhRCrLRUBEGdS7zNTp0,Malvada,3,3,4,Zé Felipe
5,spotify:track:3ITkrUvAA6gzxer2UIom3P,Molhando o Volante,5,6,11,Jorge & Mateus
6,spotify:track:1c4htMHiolERc0YJvZNdlc,Vai Lá Em Casa Hoje,1,4,18,George Henrique & Rodrigo
7,spotify:track:3QGxgNaqaFSpORp2OVLXHR,212,6,7,6,Chefin
8,spotify:track:5zNxUkUW9WiV5oyg6gh2wB,DANÇARINA,8,59,2,PEDRO SAMPAIO
9,spotify:track:1M5OUvKG03C0QtzvxRS4Zk,Depende,9,13,5,Dj Guuga
10,spotify:track:0qYW2jULeN9giEty0ee9Fy,Botadinha Saliente,10,37,2,MC Rogerinho
11,spotify:track:4qsOrxBv09HhNSpsgMRXdC,Esqueça-Me Se For Capaz,1,8,19,Marília Mendonça
12,spotify:track:72g37RoelSnovZakG5MwnF,Parada Louca,8,9,15,Mari Fernandez
13,spotify:track:3IMLoeLerS7TMpKjxUgAhx,Arranhão - Ao Vivo,2,12,19,Henrique & Juliano
14,spotify:track:5VTjBl3ddZEiG2LrH4VzyR,Toma Toma Vapo Vapo,4,10,15,Zé Felipe
15,spotify:track:53RxHysDJ0cjugMcPymwja,ABALO EMOCIONAL - Ao Vivo,15,17,3,Luan Santana
16,spotify:track:0yL7K9MzC20uBesZTPY81r,Pandora,8,11,11,DJ Matt D
17,spotify:track:14JKzKrJbPDflw8XyATMey,A Maior Saudade - Ao Vivo,6,14,19,Henrique & Juliano
18,spotify:track:4fSHADbZbhpZCT9oJpxwbP,Ameaça,2,15,18,Paulo Pires
19,spotify:track:0lxGtl0S9wO2LAFchHrEtM,Imagina A Sentada - Ao Vivo,16,18,8,Matheus & Kauan
20,spotify:track:5lCAtKxkZL6tFDyGX9t87j,Eu Já Tava Bem - Ao Vivo,17,21,12,Wesley Safadão
21,spotify:track:0tM4J8aID6qYZOE3e14sCj,Acordo - Ao Vivo,18,20,18,Henrique & Juliano
22,spotify:track:3qmdfYpfvKRIXmWaLllHZ3,Black Lança (Catucando Gostosinho),22,23,4,MC Teteu
23,spotify:track:5yRgMxdDhdYlbUQNCOlW3o,Não Vou Te Bloquear - Ao vivo,20,22,7,Mc Don Juan
24,spotify:track:3YvE7uo4ffseBoJPh8IhHp,Presepada,5,16,16,Marília Mendonça
25,spotify:track:4EVzu5mYyigjyLrryKbZs7,VERMELHO,25,33,2,Gloria Groove
26,spotify:track:3gK5ckT0cq3t5enyqzzRgV,GALOPA,6,19,19,PEDRO SAMPAIO
27,spotify:track:4dwBkgq4a4gEissxTY0YDT,Cê Tá Preparada - Ao Vivo,14,24,19,Tayrone
28,spotify:track:4lsDFVKOVwPeAVw1hPOn7G,Vontade De Morder,28,31,6,Simone & Simaria
29,spotify:track:35COLcFjvONwVv6jkG23gI,Boys Don't Cry,26,27,4,Anitta
30,spotify:track:6Lk3kU7JcQ5dZ7jbmhJzQN,Melhor Ser uma Saudade,29,29,4,Zé Neto & Cristiano
31,spotify:track:2SDGleyRLDrYZeMsZEK3Vb,Dar uma Namorada - Ao Vivo,24,32,14,Israel & Rodolffo
32,spotify:track:053zWWZDziDJd3U94x8RuP,Todo Mundo Menos Você,3,25,19,Marília Mendonça
33,spotify:track:7pvrsbBKUQI2QmA74WCJa5,Ela e Ela,4,26,19,Zé Neto & Cristiano
34,spotify:track:6qdJZIjxrPaJjaGqlXFLSs,Nota de Repúdio - Ao Vivo,3,35,19,Gusttavo Lima
35,spotify:track:6EDj1nbl9wo6ivGI1t59G4,Idiota,35,36,5,Jão
36,spotify:track:28m65cMH7QXHzFnZSTtNHY,Não Sei o Que Lá,18,28,16,Marília Mendonça
37,spotify:track:4kGdnA7FzSVsXC29LPghej,Revoada No Colchão,4,30,19,Zé Felipe
38,spotify:track:0sPtV4stCHkFJB6GpoaZ1f,CAFÉ DA MANHÃ ;P,38,46,2,Luísa Sonza
39,spotify:track:2xebCnKCjYWBhJ4Ai8hO5E,Set dos Casados,31,39,14,Mc Davi
40,spotify:track:2jwrYBGz7osKI31v50bS7b,Putariazinha,10,41,19,Felipe Amorim
41,spotify:track:49GdoM9fiTXVOx1a6JTokJ,Assalto Perigoso,34,38,8,Melody
42,spotify:track:4AOOcHnZdU6qyUVtKZUEuF,Amava Nada - Ao Vivo,42,45,3,Lucas Lucco
43,spotify:track:2RGIuYTsyyHoOCqW0krvNE,Coração Cachorro,1,40,19,Avine Vinny
44,spotify:track:7ARoqP7G8UYW8SyYPyPp7k,NO CHÃO NOVINHA,19,34,11,Anitta
45,spotify:track:4grGI2vFnknrfmHT1JOVFU,Tesão Da Madrugada - Ao Vivo,45,63,2,George Henrique & Rodrigo
46,spotify:track:7xVSNhAUQhUIpwfR6lTOwA,Por Supuesto,19,44,18,Marina Sena
47,spotify:track:77rIMl1WIrLf4ZDKFYZ4ji,Água Nos Zói - Ao Vivo,28,43,19,Clayton & Romário
48,spotify:track:2AQJRDfQJbfgmTf5e62Czl,Sem Dó,43,50,8,Matuê
49,spotify:track:0JdkDCdrhMOaeXjIZdeBXN,Ela me Falou Que Quer Rave,8,42,17,MC Levin
50,spotify:track:6wrkP23fHC8KDHCfs8MpJ9,Chá De Casa Nova - Ao Vivo,49,60,11,Henrique & Juliano
51,spotify:track:6ve9hbVnSgJ0vrsRpj18OH,Não Me Arranha - Ao Vivo,15,47,19,Gusttavo Lima
52,spotify:track:0VF2XFdgeID7448iU2Vyg9,Novinha Malada do Insta,52,64,5,MC Josh
53,spotify:track:2342lPAZ9zddhgAQEiLx4V,ANACONDA *o* ~~~,38,49,8,Luísa Sonza
54,spotify:track:7HjZD0NPC1hzFpjUjo45GR,Me Sinto Abençoado,44,51,11,Mc Poze do Rodo
55,spotify:track:0vlAXslkVt1HZ4Rx6JekLY,Terminei Mal Terminado - Ao Vivo,55,—,1,Henrique & Juliano
56,spotify:track:2TkyXnE0OB6Yo9zuzv9B4e,Cruzeiro da Revoada,56,56,11,Hungria Hip Hop
57,spotify:track:1TyxXIXVVpHwhKaF73z8nw,Rasteira - Ao Vivo,32,61,19,Henrique & Juliano
58,spotify:track:1bWBG6IkMnDr3qvCKSvQT7,Baby Me Atende - Ao Vivo,18,54,19,Matheus Fernandes
59,spotify:track:5rz7ZQkMpQHGDXC62P2Axw,ESSE É LADRÃO,55,55,5,DJ BRUNIN DA NT
60,spotify:track:2ebFBmle5uXcdbrCAOvPcZ,Vagabundo Chora - Ao Vivo,60,77,2,Guilherme & Benuto
61,spotify:track:17QN5kFprJqHdHLMj7hz4s,Ficha Limpa - Ao Vivo,10,65,19,Gusttavo Lima
62,spotify:track:6fe5D0ivKnpXFMAnoSRjah,Localiza Aí BB,20,52,19,Vitor e Luan
63,spotify:track:2ixi9HWJw5lnLDmRMsiCS5,Você Beberia Ou Não Beberia?,9,58,19,Zé Neto & Cristiano
64,spotify:track:7KPhwNko8V9vYBIN653hSO,A Cara do Crime 2 (Cansou de Playboy),55,57,5,Mc Poze do Rodo
65,spotify:track:2IsusePMD32LQKNU7vZiAH,É Só Blusão da Ecko e Boné da Lacoste Vs Putaria (feat. Mc Denny),65,—,1,Dj Tk
66,spotify:track:6JIIejoN31NIn6BJsVS3cu,Oi Deus - Ao Vivo,39,—,1,Hugo & Guilherme
67,spotify:track:0m6XpDgZSyqyCg0HKOCaO8,Estelionato Afetivo - Ao Vivo,66,66,4,Douglas & Vinicius
68,spotify:track:5jYEiTNR3FQXFouTX7Ju0N,Socadona,68,84,2,LUDMILLA
69,spotify:track:4GOs8fPjp4M9CBHanTMwsQ,Seu Perfil - Ao Vivo,54,74,4,Henrique & Juliano
70,spotify:track:48Ll1C6qAnP2UjnopQDh4a,Bala Love,7,53,19,Mc Anjim
71,spotify:track:2kJRlOyrxsy7Ot3c5TZ8Q6,Meu Pedaço de Pecado,8,70,19,João Gomes
72,spotify:track:79Wou8NwYEFzTyDQudjENF,Desbloqueado - Ao Vivo,19,68,19,Diego & Victor Hugo
73,spotify:track:1wdhj1r7aeWVDUl9d18YKu,Expectativa x Realidade,16,48,19,Matheus & Kauan
74,spotify:track:4OjLi2Ji9UhVsHjqzRGCsM,Quebrando Protocolo - Ao Vivo,39,71,17,Gusttavo Lima
75,spotify:track:67fTDdGkHk1G5IZokS4uML,Esse Barulho,62,69,5,Murilo Huff
76,spotify:track:6T6SDJszPbuMCBpSm3aS3G,Carinha de Neném,21,72,19,Japãozin
77,spotify:track:452LVnTBjXYW3guqe3xiqI,Vamo Tomar Uma,27,67,19,Zé Neto & Cristiano
78,spotify:track:5Z9KJZvQzH6PFmb8SNkxuk,INDUSTRY BABY (feat. Jack Harlow),36,73,19,Lil Nas X
79,spotify:track:7aZusA4cWXz3Wv9e9uhavz,Quer Voar,21,81,19,Matuê
80,spotify:track:4k7mlEX9Nc3Ei0nFQ4cOE3,LEILÃO,62,62,4,Gloria Groove
81,spotify:track:1HhNoOuqm1a5MXYEgAFl8o,Enemy (with JID) - from the series Arcane League of Legends,62,80,14,Imagine Dragons
82,spotify:track:0w4eRv2fCerS49SgrStS1V,BAGUNÇA,78,78,3,PEDRO SAMPAIO
83,spotify:track:1d7AtPeraWVsvI4U1YTHt1,Vestido Coladinho,27,76,19,Max e Luan
84,spotify:track:6WxpU2F5gwTzwYsAalI6nI,Motel Afrodite,16,79,16,Marília Mendonça
85,spotify:track:48m5UXwNTD7cddHC6xRiFk,De Garrafa A Pior - Ao Vivo,61,100,11,Henrique & Juliano
86,spotify:track:62d4BfCTUHdOsARRETHLDz,Mete a Louca,30,83,15,MC Rogerinho
87,spotify:track:6PphjPCInSH37orHuV7ymU,Modo Avião - Ao Vivo,69,88,13,DENNIS
88,spotify:track:6Lrzxd7ST5oQ6FYKXKH7Ia,Vagabundo,32,86,19,Matheus & Kauan
89,spotify:track:7rglLriMNBPAyuJOMGwi39,Cold Heart - PNAU Remix,79,89,8,Elton John
90,spotify:track:4PQdrXMDHDPl1RczrrlADd,MORENA,26,85,19,Luan Santana
91,spotify:track:50gPsfGHy5OnPauA9455DM,Rolê,14,87,19,Tarcísio do Acordeon
92,spotify:track:6Xz85h33BGWDGgmWYdp6Ga,Universo Conspirou - Ao Vivo,92,—,1,Henrique & Juliano
93,spotify:track:53BkPZwlaLbW77uV9BnJkl,Eu Fiz o Jogo Virar,43,96,7,Mc Poze do Rodo
94,spotify:track:2R9IrE42Mw4zdUXAEFNiZL,Senta Danada,29,90,19,Zé Felipe
95,spotify:track:1iaPDgTbsKrlznVu13EWIf,ESSÊNCIA DE CRIA,85,91,3,MC Cabelinho
96,spotify:track:3Ox3DxqqRCEEVCPnENVx3g,"Calma Bb, Tá nos Melhores Amigos",59,92,11,Mc Th
97,spotify:track:3bk6sZAoYDNCdpIOfGM0pQ,A QUEDA,26,75,19,Gloria Groove
98,spotify:track:6m84TzSTM5nbwZxIxkYHz6,Namorando Com Saudade,35,93,19,Jorge & Mateus
99,spotify:track:0j8nXyOr5UXWHqy0BBnZ6L,Dá Intimidade Pra Ver - Ao Vivo,57,82,5,Israel & Rodolffo
100,spotify:track:5PjdY0CKGZdEuoNab3yDmX,STAY (with Justin Bieber),61,98,4,The Kid LAROI
