rank,uri,track_name,peak,prev,streak,artist_names
1,spotify:track:2sYFUcurlISdHlAsnYCEgD,Me Leva Pra Casa / Escrito Nas Estrelas / Saudade - Ao Vivo,1,1,5,Lauana Prado
2,spotify:track:00rxTS5TKv3oXpDA6nWfBi,Maria Mariah,2,9,3,JC NO BEAT
3,spotify:track:2InS5VWKJQbsFBKOsf1cJB,Let's Go 4,1,5,17,Dj GBR
4,spotify:track:42JNab8NPeCADJ9D3Cl5wS,Barulho Do Foguete - Ao Vivo,1,2,28,Zé Neto & Cristiano
5,spotify:track:2IDf0IZ9dfw0uDYV2n1bJc,DEJA VU,3,3,5,Luan Santana
6,spotify:track:35D06z7kmwMmYYbyJ0BkSm,Daqui pra Sempre,1,4,15,Manu
7,spotify:track:697gwO5YoSGVAnlfREIZll,Tenho Que Me Decidir,7,20,5,MC PH
8,spotify:track:1xjy8WRyYUkayJcyyWQpYe,Fronteira - Ao Vivo,8,10,8,Ana Castela
9,spotify:track:7g7I8fjEERZH8DH3e6MUw7,Canudinho - Ao Vivo,1,6,19,Gusttavo Lima
10,spotify:track:4YKujFSyakVjLdH1sDllVc,Dois Fugitivos - Ao Vivo,6,7,17,Simone Mendes
11,spotify:track:00ZKeP47bZtswtANkvxz2j,Baile do Bruxo,1,11,13,Tropa do Bruxo
12,spotify:track:7DkhndGTKaqkFxxKN7XlAh,Manda um Oi - Ao Vivo,4,8,35,Guilherme & Benuto
13,spotify:track:0oQCRjrWGvkqkdf82UlXI3,POCPOC,13,29,5,PEDRO SAMPAIO
14,spotify:track:0QcKkN8b4iVkmVsbaze8OS,Devia Ser Proibido - Ao Vivo Em Brasília,10,15,24,Henrique & Juliano
15,spotify:track:7MLX5VV97CcXIpH2QUIy13,Pane no Sistema,7,14,12,GREGO
16,spotify:track:2twZl1jsRbJRTNCE6VB6eW,10 Carros,16,24,6,Chefin
17,spotify:track:3iam4WkRoqMoBBCwDFZNgd,Quase Algo - Ao Vivo Em Nova Iorque / 2022,8,17,17,Henrique & Juliano
18,spotify:track:6vq7r1Pqd3pyI07u63cPZV,Erro Gostoso - Ao Vivo,3,13,50,Simone Mendes
19,spotify:track:4f0aDk7HX37SfzerfznYlr,Lapada Dela - Ao Vivo,7,12,44,Grupo Menos É Mais
20,spotify:track:7vCtJ5u7dFM4tAWtgFf4l8,Anestesiado - Ao Vivo,19,21,8,Murilo Huff
21,spotify:track:7G2yGMHlcPPTCDhMrAaMyZ,Tô Voltando - (Boiadeira Internacional),19,23,20,Ana Castela
22,spotify:track:3jTyFoGeD3DTu9cnnctMWN,DENTRO DA HILUX,1,18,20,Luan Pereira
23,spotify:track:3PqU6gHWUaBTtIZi5oxEJ7,Um Mês E Pouco - Ao Vivo,3,19,29,Zé Neto & Cristiano
24,spotify:track:7dKqPh21HpsysZvRWyNeM1,Bênçãos Que Não Têm Fim (Counting My Blessings),12,30,8,Isadora Pompeo
25,spotify:track:0wuj2T6IZtotux1Jjluo7m,Cama Repetida,25,28,8,Leo Santana
26,spotify:track:3S8M3mZGIc10IdtmNTsrjQ,Eu Não Previ - Ao Vivo em Goiânia,9,16,19,Traia Véia
27,spotify:track:64CovjRwInpOJW4PiGMprY,Faz um Vuk Vuk (Teto Espelhado),1,27,25,MC Kevin o Chris
28,spotify:track:3dA58LbGkY9CIEPyT7yAEZ,Torce o Olho - Ao Vivo,25,45,8,Gusttavo Lima
29,spotify:track:4Z2i41GDQyu3KRpBavEnyR,Solteiro Forçado - Boiadeira Internacional,2,26,27,Ana Castela
30,spotify:track:6C4nUySvjSQWoZamSKJBqH,Mala dos Porta-Mala - Ao Vivo,4,25,26,Gusttavo Lima
31,spotify:track:6zFpImDYig0CQhLL2NIfyN,Nosso Quadro,1,22,49,AgroPlay
32,spotify:track:4ssTFuVeNJG8py5dr2P2pV,Não Recomendo - Ao Vivo,32,35,6,Matheus & Kauan
33,spotify:track:4QCwvUs4ob87Tq9VP07Uo3,Loucura,33,47,4,Borges
34,spotify:track:53PpijFATt35Zxfl6LTxoK,Leão,1,31,57,Marília Mendonça
35,spotify:track:6rpUGV7bcWW9ro65Bf8uYY,Eu Não Dou Conta - Ao Vivo,17,32,16,Israel & Rodolffo
36,spotify:track:0fABszUFNbNq9IW503Gj8v,Tá OK,1,36,33,DENNIS
37,spotify:track:54u86CmMqGI1rRuULlTqaB,Toca o Trompete,2,38,24,Felipe Amorim
38,spotify:track:4v7UrPWZL4FJWeL5ZWQ62E,Seu Erro - Ao Vivo Em Nova Iorque / 2022,22,43,12,Henrique & Juliano
39,spotify:track:4hKLzFvNwHF6dPosGT30ed,Novo Balanço,9,49,34,Veigh
40,spotify:track:4xAGuRRKOgoaZbMGdmTD3N,Oi Balde - Ao Vivo,2,34,47,Zé Neto & Cristiano
41,spotify:track:6qYTjIEgne0leltNnvpSIM,CHEIRO NA CAMISETA,23,33,8,Luan Pereira
42,spotify:track:23IebZSNZ8VzwUr4rJNGRG,MEIO TERMO - Ao Vivo,11,41,31,Luan Santana
43,spotify:track:6drlqBh6BeYZinmYQ9qR2n,Furduncinho do Rogerinho,14,48,20,MC Rogerinho
44,spotify:track:2QxL3wAJnwOOmygY4VX0My,Vestido Curto - Ao Vivo,39,39,3,Diego & Victor Hugo
45,spotify:track:6XvFnICxXsVc8OK4eh1E9b,Tem Café,45,54,3,Henry Freitas
46,spotify:track:0redQHBfejmPUhonR5ppGC,Duas Três,6,40,48,Guilherme & Benuto
47,spotify:track:4KGyltc1ugN2WFcjkSPHwh,Não Vitalício (Nunca Mais) - Ao Vivo,5,44,49,Matheus & Kauan
48,spotify:track:4zNy0cxc4p36OLdPr0sI6h,MONTAGEM ANOS 2000,11,50,17,MC Maneirinho
49,spotify:track:2cZ62VBKsdZ7u1kKKJdFOc,Sou Musa do Verão,31,56,10,Marshmello
50,spotify:track:3PH1nUysW7ybo3Yu8sqlPN,Seu Brilho Sumiu - Ao Vivo,1,42,45,Israel & Rodolffo
51,spotify:track:4D25RP3yiJWfW9utK9dMyv,Ali Te Ama - Ao Vivo,42,51,10,Rayane & Rafaela
52,spotify:track:7r8yMaSOy4XmuhRz7iv1gi,Traumatizei - Ao Vivo Em Brasília,4,53,49,Henrique & Juliano
53,spotify:track:1Vy9Wn5sbiduZKBqBlH3Mc,Ballena,14,59,26,Vulgo FK
54,spotify:track:7lTVXJfNK4xaJSUXCUac6a,Fode Bem,6,57,23,Felipe Amorim
55,spotify:track:2pidGuLSSVZPcbzE5QA1Ux,Elevador - Ao Vivo,21,52,31,Hugo & Guilherme
56,spotify:track:4uLzGOlqSanpNS3htaUViY,Pátio do Posto - Ao Vivo,8,46,43,Zé Neto & Cristiano
57,spotify:track:6GmyQws2xpUFIN5dXBNTrl,Dia de Fluxo,57,69,2,AgroPlay
58,spotify:track:1CtcgU1q0BgJN4Aottdscu,Joga Pra Lua,58,70,4,Anitta
59,spotify:track:1kWcd9h9HoeXsKaDVhSOtj,Ela - Ao Vivo,55,55,8,Sorriso Maroto
60,spotify:track:0GTUqRzwAacEI5Pll8YlBA,Amor Não Dá Em Copo - Ao Vivo,41,58,11,Israel & Rodolffo
61,spotify:track:05WVKTdZhlIMX4qqMLuo0f,BELLAKEO,61,65,2,Peso Pluma
62,spotify:track:1GOS5OIo4KywJF7Fw9QR4E,A Gente Se Entrega,62,62,5,NATTAN
63,spotify:track:5v1Fjk1RDKGqxwNOzGDewL,Então Vai,37,37,5,Zé Felipe
64,spotify:track:3pLyNmLlw6uRrKaNwMnXOR,Não Precisa Negar,64,77,2,Josué Bom de Faixa
65,spotify:track:1KEhkxdCRb1k8UDHqACgNY,Desandei - Ao Vivo,27,61,5,Lauana Prado
66,spotify:track:735MbOmMNSTMmPVrY51LBh,Aqui Tem Alguém - Ao Vivo,54,64,10,Ana Castela
67,spotify:track:4vdFF0P7oTZoeKvnfIsbh3,Te Esqueci Sem Querer - Ao Vivo Em Brasília,17,66,38,Henrique & Juliano
68,spotify:track:5DcysyjaPrLzXgDauvzvn6,Beijo Equivocado,67,67,4,George Henrique & Rodrigo
69,spotify:track:1Z3QqD45wKKN6fUKBXSvcZ,Pirulito Vermelho,28,63,30,Diego & Victor Hugo
70,spotify:track:6nvbXA95vgyThzj2Tbhank,Tipo Hollywood,4,75,2,Mc Ws da leste
71,spotify:track:5XHlXhyvkzl9rEJxKZKQlH,MOLETOM,8,68,28,Luan Pereira
72,spotify:track:4F3XVx6fmZvWLBqmBG1gxg,Subindo e Descendo,72,94,2,DJ Jeeh FDC
73,spotify:track:1dNaW9Zy3lSgwylHwR75Ro,Mega Funk Lost,73,95,2,DJ Maninho
74,spotify:track:6xRDvureEBwHgwAYDufbJL,Chorei na Vaquejada,32,73,32,Eric Land
75,spotify:track:5mmxylfcIlTaTftZwIIj3W,Você Vai Ser Fiel - Ao Vivo Em Nova Iorque / 2022,50,81,6,Henrique & Juliano
76,spotify:track:1lCwNTcAWUyeA210RpLCzd,Coração Sertanejo / Onde Haja Sol - Ao Vivo,74,74,3,Lauana Prado
77,spotify:track:1Or0joPrPSsuXdTzGFLAws,Sozinha - Ao Vivo,54,60,4,Gusttavo Lima
78,spotify:track:7IPEkUJsnWYNyBkK2i2FPj,Mágica - Ao Vivo,6,72,41,Hugo & Guilherme
79,spotify:track:2yIJ2CVZkTDftAsL9NPTw2,Milionário - Ao Vivo,62,99,3,Guilherme & Benuto
80,spotify:track:2BlFIe0712LBUtTHxbqjme,Love Gostosinho - Ao Vivo,13,82,51,NATTAN
81,spotify:track:6e5byyKtx6R0h66gagelPe,Quando Apaga A Luz - Ao Vivo,10,83,4,Gustavo Mioto
82,spotify:track:7EHlDvAa7gncwcAlfclZiX,Última Noite - Ao Vivo,78,91,8,Felipe Araújo
83,spotify:track:2pRjaIcGc9LOmu7x9XMswA,Calafrio (feat. Henrique & Juliano) - Ao Vivo | Bônus Track,48,76,11,Diego & Victor Hugo
84,spotify:track:7Iq55toOSSBCEoGuXxQSa1,Vem Quebrando,44,88,16,Mc Danone
85,spotify:track:54FV2rMVwLusAVnzROB0c1,Mesma História,69,—,1,Orochi
86,spotify:track:4VI4yOAb7fWrFCnuGBIaeG,Carta Aberta,66,—,1,MC Cabelinho
87,spotify:track:4pWsXhLUdtBKlw9npIXZAl,Halls na Língua,4,92,31,Kadu Martins
88,spotify:track:6zdL0aLZs6g61SPGrlMvrM,DANÇA PRA ME PROVOCAR,88,100,2,DJ JOÃO PEREIRA
89,spotify:track:7sopDXkuzXtHt8AQpdBxmT,DONA DE MIM,12,—,1,Ana Castela
90,spotify:track:5HlcsBdjb5TiZeZ3ngWRv0,5 Da Manhã - Ao Vivo,69,87,2,Raí Saia Rodada
91,spotify:track:5ZkwwBa9DlwuUFbXwrLeXF,Poeirão - Ao Vivo,64,79,9,Guilherme & Benuto
92,spotify:track:4wjDiZGsZYQqKkXyPcQGF6,Agudo Mágico 4,45,98,2,MC K.K
93,spotify:track:6hu4HvpNzrW2RIEEAZC3vD,Segredo,39,—,1,KayBlack
94,spotify:track:6ELMBm3lZFitAZp03GBBNG,Me Atraiu - Ao Vivo,77,—,1,Gabriela Rocha
95,spotify:track:4Lqjw0EejvxhI3hKROpTC9,Me Esqueça / Volta Pra Mim - Ao Vivo,86,86,2,Clayton & Romário
96,spotify:track:4ldcxPVAtih8alepJTu8Hx,"Faz Completo, Chefe",44,84,21,Mc IG
97,spotify:track:07DskqQ1NbTiotX1WIV7ob,Piloto,12,90,15,Flora Matos
98,spotify:track:0SCMVUZ21uYYB8cc0ScfbV,Bombonzinho - Ao Vivo,1,78,6,Israel & Rodolffo
99,spotify:track:2uhw2oYbugGJbn10wipNX5,Novidade na Área,2,93,29,Mc Livinho
100,spotify:track:6gKCZqz1lnLibq50tB8aXE,Barquinha de ouro,71,71,3,Guilherme Silva
