rank,uri,track_name,peak,prev,streak,artist_names
1,spotify:track:0NBgyml7T0IvUNbXIkcSpH,Malvadão 3,1,1,5,Xamã
2,spotify:track:6nkoWsFZeFt5dUdNmlIceh,Bloqueado - Ao Vivo,2,3,8,Gusttavo Lima
3,spotify:track:1c4htMHiolERc0YJvZNdlc,Vai Lá Em Casa Hoje,1,2,13,George Henrique & Rodrigo
4,spotify:track:5719MEdRQcH4c3phXqX7WN,Mal Feito - Ao Vivo,4,—,1,Hugo & Guilherme
5,spotify:track:4qsOrxBv09HhNSpsgMRXdC,Esqueça-Me Se For Capaz,1,4,14,Marília Mendonça
6,spotify:track:3ITkrUvAA6gzxer2UIom3P,Molhando o Volante,5,5,6,Jorge & Mateus
7,spotify:track:5VTjBl3ddZEiG2LrH4VzyR,Toma Toma Vapo Vapo,4,7,10,Zé Felipe
8,spotify:track:3IMLoeLerS7TMpKjxUgAhx,Arranhão - Ao Vivo,2,6,14,Henrique & Juliano
9,spotify:track:72g37RoelSnovZakG5MwnF,Parada Louca,8,9,10,Mari Fernandez
10,spotify:track:3YvE7uo4ffseBoJPh8IhHp,Presepada,5,8,11,Marília Mendonça
11,spotify:track:0yL7K9MzC20uBesZTPY81r,Pandora,11,12,6,DJ Matt D
12,spotify:track:4fSHADbZbhpZCT9oJpxwbP,Ameaça,2,11,13,Paulo Pires
13,spotify:track:2wG1R0uDFwyobcWzVssC1J,GALOPA,6,10,14,PEDRO SAMPAIO
14,spotify:track:14JKzKrJbPDflw8XyATMey,A Maior Saudade - Ao Vivo,6,13,14,Henrique & Juliano
15,spotify:track:1tYJnXtKLoWVIL4lZOouQG,Cê Tá Preparada - Ao Vivo,14,14,14,Tayrone
16,spotify:track:053zWWZDziDJd3U94x8RuP,Todo Mundo Menos Você,3,15,14,Marília Mendonça
17,spotify:track:7pvrsbBKUQI2QmA74WCJa5,Ela e Ela,4,17,14,Zé Neto & Cristiano
18,spotify:track:0lxGtl0S9wO2LAFchHrEtM,Imagina A Sentada - Ao Vivo,18,36,3,Matheus & Kauan
19,spotify:track:4kGdnA7FzSVsXC29LPghej,Revoada No Colchão,4,20,14,Zé Felipe
20,spotify:track:2RGIuYTsyyHoOCqW0krvNE,Coração Cachorro,1,19,14,Avine Vinny
21,spotify:track:6qdJZIjxrPaJjaGqlXFLSs,Nota de Repúdio - Ao Vivo,3,18,14,Gusttavo Lima
22,spotify:track:0JdkDCdrhMOaeXjIZdeBXN,Ela me Falou Que Quer Rave,8,16,12,MC Levin
23,spotify:track:0tM4J8aID6qYZOE3e14sCj,Acordo - Ao Vivo,18,21,13,Henrique & Juliano
24,spotify:track:2PZmUFZGlUqkYJL0s0Cl6C,Dar uma Namorada - Ao Vivo,24,25,9,Israel & Rodolffo
25,spotify:track:2jwrYBGz7osKI31v50bS7b,Putariazinha,10,24,14,Felipe Amorim
26,spotify:track:1wdhj1r7aeWVDUl9d18YKu,Expectativa x Realidade,16,23,14,Matheus & Kauan
27,spotify:track:7ARoqP7G8UYW8SyYPyPp7k,NO CHÃO NOVINHA,22,26,6,Anitta
28,spotify:track:1d7AtPeraWVsvI4U1YTHt1,Vestido Coladinho,27,27,14,Max e Luan
29,spotify:track:77rIMl1WIrLf4ZDKFYZ4ji,Água Nos Zói - Ao Vivo,28,28,14,Clayton & Romário
30,spotify:track:5lCAtKxkZL6tFDyGX9t87j,Eu Já Tava Bem - Ao Vivo,30,30,7,Wesley Safadão
31,spotify:track:2kJRlOyrxsy7Ot3c5TZ8Q6,Meu Pedaço de Pecado,8,22,14,João Gomes
32,spotify:track:2ixi9HWJw5lnLDmRMsiCS5,Você Beberia Ou Não Beberia?,9,29,14,Zé Neto & Cristiano
33,spotify:track:6fe5D0ivKnpXFMAnoSRjah,Localiza Aí BB,20,31,14,Vitor e Luan
34,spotify:track:2xebCnKCjYWBhJ4Ai8hO5E,Set dos Casados,34,38,9,Mc Davi
35,spotify:track:28m65cMH7QXHzFnZSTtNHY,Não Sei o Que Lá,18,33,11,Marília Mendonça
36,spotify:track:50gPsfGHy5OnPauA9455DM,Rolê,14,34,14,Tarcísio do Acordeon
37,spotify:track:48Ll1C6qAnP2UjnopQDh4a,Bala Love,7,32,14,Mc Anjim
38,spotify:track:6ve9hbVnSgJ0vrsRpj18OH,Não Me Arranha - Ao Vivo,15,45,14,Gusttavo Lima
39,spotify:track:1bWBG6IkMnDr3qvCKSvQT7,Baby Me Atende - Ao Vivo,18,35,14,Matheus Fernandes
40,spotify:track:2342lPAZ9zddhgAQEiLx4V,ANACONDA *o* ~~~,40,53,3,Luísa Sonza
41,spotify:track:79Wou8NwYEFzTyDQudjENF,Desbloqueado - Ao Vivo,19,39,14,Diego & Victor Hugo
42,spotify:track:17QN5kFprJqHdHLMj7hz4s,Ficha Limpa - Ao Vivo,10,40,14,Gusttavo Lima
43,spotify:track:7xVSNhAUQhUIpwfR6lTOwA,Por Supuesto,19,37,13,Marina Sena
44,spotify:track:7HjZD0NPC1hzFpjUjo45GR,Me Sinto Abençoado,44,44,6,Mc Poze do Rodo
45,spotify:track:3QGxgNaqaFSpORp2OVLXHR,212,45,—,1,Chefin
46,spotify:track:452LVnTBjXYW3guqe3xiqI,Vamo Tomar Uma,27,49,14,Zé Neto & Cristiano
47,spotify:track:2AQJRDfQJbfgmTf5e62Czl,Sem Dó,43,43,3,Matuê
48,spotify:track:1TyxXIXVVpHwhKaF73z8nw,Rasteira - Ao Vivo,32,47,14,Henrique & Juliano
49,spotify:track:0DsPj89zlY3Us7xb5cXK5h,"Trava na Pose, Chama no Zoom, Da um Close (feat. Mc Rennan)",6,42,14,DJ Patrick Muniz
50,spotify:track:6T6SDJszPbuMCBpSm3aS3G,Carinha de Neném,21,41,14,Japãozin
51,spotify:track:4PQdrXMDHDPl1RczrrlADd,MORENA,26,60,14,Luan Santana
52,spotify:track:2R9IrE42Mw4zdUXAEFNiZL,Senta Danada,29,48,14,Zé Felipe
53,spotify:track:6wrkP23fHC8KDHCfs8MpJ9,Chá De Casa Nova - Ao Vivo,49,50,6,Henrique & Juliano
54,spotify:track:2s9BO8c0co0PmgBiUoTT17,A QUEDA,26,46,14,Gloria Groove
55,spotify:track:1rjXAVxq805cVby3SsB165,Culpados - Ao Vivo,55,—,1,Henrique & Juliano
56,spotify:track:62d4BfCTUHdOsARRETHLDz,Mete a Louca,30,65,10,MC Rogerinho
57,spotify:track:7aZusA4cWXz3Wv9e9uhavz,Quer Voar,21,52,14,Matuê
58,spotify:track:49GdoM9fiTXVOx1a6JTokJ,Assalto Perigoso,58,70,3,Melody
59,spotify:track:6WxpU2F5gwTzwYsAalI6nI,Motel Afrodite,16,58,11,Marília Mendonça
60,spotify:track:4OjLi2Ji9UhVsHjqzRGCsM,Quebrando Protocolo - Ao Vivo,39,57,12,Gusttavo Lima
61,spotify:track:4XiFqfUXyTwOChvMLKKi0T,Sem Sentimento,11,56,14,DG e Batidão Stronda
62,spotify:track:6JIIejoN31NIn6BJsVS3cu,Oi Deus - Ao Vivo,39,51,12,Hugo & Guilherme
63,spotify:track:7xi4XR5EIOU6OHdIydLMjT,Uma Ex - Ao Vivo,55,61,9,Murilo Huff
64,spotify:track:5Z9KJZvQzH6PFmb8SNkxuk,INDUSTRY BABY (feat. Jack Harlow),36,59,14,Lil Nas X
65,spotify:track:4nDOZT5fC3sUxP7UgjEd57,Erro do Ficante - Ao Vivo No Casa Filtr,65,—,1,Marcos & Belutti
66,spotify:track:5yRgMxdDhdYlbUQNCOlW3o,Não Vou Te Bloquear - Ao vivo,66,99,2,Mc Don Juan
67,spotify:track:0FqVtQxRD3HsPltldG5v5M,Aquelas Coisas,25,63,14,João Gomes
68,spotify:track:2TkyXnE0OB6Yo9zuzv9B4e,Cruzeiro da Revoada,67,67,6,Hungria Hip Hop
69,spotify:track:6PphjPCInSH37orHuV7ymU,Modo Avião - Ao Vivo,69,75,8,DENNIS
70,spotify:track:3Ox3DxqqRCEEVCPnENVx3g,"Calma Bb, Tá nos Melhores Amigos",59,64,6,Mc Th
71,spotify:track:4AAIAVjSyiq1N7SXKkwXZe,Troca de Calçada,15,68,11,Marília Mendonça
72,spotify:track:6Lrzxd7ST5oQ6FYKXKH7Ia,Vagabundo,32,55,14,Matheus & Kauan
73,spotify:track:2MZQAvsA7aZDssppBLRxYp,Batom de Cereja - Ao Vivo,53,69,14,Israel & Rodolffo
74,spotify:track:1QmupixsVNc0osesKXraZC,Formosa,71,71,3,Kaio Viana
75,spotify:track:6m84TzSTM5nbwZxIxkYHz6,Namorando Com Saudade,35,54,14,Jorge & Mateus
76,spotify:track:1r9xUipOqoNwggBpENDsvJ,Enemy (with JID) - from the series Arcane League of Legends,62,62,9,Imagine Dragons
77,spotify:track:03D8hNCVDBzQPCHHam1Q16,Não Tô Te Alugando,77,84,2,Humberto & Ronaldo
78,spotify:track:5F2xRvRFkxDvqdFtUNAEyw,Se For Amor,22,74,14,João Gomes
79,spotify:track:3v6gYFuAXQcm1EO5yW7yfX,Proteção de Tela,77,89,8,Tarcísio do Acordeon
80,spotify:track:20on25jryn53hWghthWWW3,Do It To It,80,80,3,ACRAZE
81,spotify:track:53BkPZwlaLbW77uV9BnJkl,Eu Fiz o Jogo Virar,43,78,2,Mc Poze do Rodo
82,spotify:track:4lsDFVKOVwPeAVw1hPOn7G,Vontade De Morder,82,—,1,Simone & Simaria
83,spotify:track:48m5UXwNTD7cddHC6xRiFk,De Garrafa A Pior - Ao Vivo,61,76,6,Henrique & Juliano
84,spotify:track:2ookQf9qP2qiBuNFnNXyfl,Chega E Senta - Ao Vivo,15,72,14,John Amplificado
85,spotify:track:5BFz4pXzknmYYctjvLKJAB,Sentadinha Descarada,62,—,1,Zé Vaqueiro
86,spotify:track:7rglLriMNBPAyuJOMGwi39,Cold Heart - PNAU Remix,79,79,3,Elton John
87,spotify:track:07Kp3cAQRY0iPp4ATMoehM,Ficante Fiel,51,81,10,Mad Dogz
88,spotify:track:0m6XpDgZSyqyCg0HKOCaO8,Estelionato Afetivo - Ao Vivo,68,83,9,Douglas & Vinicius
89,spotify:track:4fouWK6XVHhzl78KzQ1UjL,abcdefu,77,77,3,GAYLE
90,spotify:track:0ZwGhDJHceKPvg3UAb5OMQ,Teste de Farmácia - Ao Vivo,48,66,5,Gusttavo Lima
91,spotify:track:3LYx9ljuarZvPUz2JoOb5u,Love Love + Eu,91,—,1,Mad Dogz
92,spotify:track:1hs2hRwPfyFLoYIf6jY1W7,Zero Saudade - Ao Vivo,30,92,14,Os Barões Da Pisadinha
93,spotify:track:3tEaSuDA0eWnIF8ari2Xly,Calculista,69,73,7,Dom Vittor & Gustavo
94,spotify:track:3HquWF2pZmWYu3WAEP9Heb,Só Não Divulga,48,98,9,Fernando & Sorocaba
95,spotify:track:7vCvUJyjMxRkPeo19nxmuk,Coração Na Cama - Ao Vivo,69,—,1,Hugo & Guilherme
96,spotify:track:3Lw41pfko5XMrsHRtlbo2k,Bota a Mão no Chão,34,88,10,Felipe Cardoso DJ
97,spotify:track:5CbDKqtF6F6m1KUvsAf2Kf,Sorte - Ao Vivo,66,—,1,Diego & Victor Hugo
98,spotify:track:5zswDNRhJSXuvhJXJGQTFK,Cabeça Branca,98,—,1,Tierry
99,spotify:track:1wNg5ctmZTmimuH4TkqTKM,Não que Eu Vá,95,95,2,Os Barões Da Pisadinha
100,spotify:track:6HV630GY0GT3RN2efFRmbP,Troca,51,87,9,Jorge & Mateus
