rank,uri,track_name,peak,prev,streak,artist_names
1,spotify:track:4ASA1PZyWGbuc4d9N8OAcF,Eu Gosto Assim - Ao Vivo,1,1,8,Gustavo Mioto
2,spotify:track:1ELsaYdj2NlxLvkx9g24xZ,Haja Colírio (feat. Hugo & Guilherme) - Ao Vivo,1,2,20,Guilherme & Benuto
3,spotify:track:3yHXEidSu4gYVRqKoI653O,Assunto Delicado - Ao Vivo,2,3,12,Guilherme & Benuto
4,spotify:track:6gyhp7IcNhTYzwlk8utsgP,Beijo de Glicose - Ao Vivo,3,4,10,Diego & Victor Hugo
5,spotify:track:7LUZT12r4xmwR1Kh8TJgjv,Ex dos Meus Sonhos - Ao Vivo,5,5,5,Gusttavo Lima
6,spotify:track:2M4kQD87lKnAS9vFlb4Bez,Pactos - Ao Vivo,6,8,4,Matheus & Kauan
7,spotify:track:1OZ4uv7OAP24Ix6j3vojLt,Casei Com a Putaria,3,7,16,Mc Paiva ZS
8,spotify:track:3gCWngngUs1uojw33vrE8K,5 Regras - Ao Vivo,3,6,15,Jorge & Mateus
9,spotify:track:2orGm2E68ODFYOURjaES62,Felina,9,10,6,WIU
10,spotify:track:6Zw25LRLP0j0MsezDFIUM4,Mal Feito - Ao Vivo,1,9,43,Hugo & Guilherme
11,spotify:track:2ykYxd8UGHOsdjP3Z5jSHh,Cheiro de Balada - Ao Vivo,2,11,14,Hugo & Guilherme
12,spotify:track:4NNZZXHgn9F3cCgC1YGmLl,Todo Seu - Ao Vivo,4,12,27,Jorge & Mateus
13,spotify:track:7bhvRvE56NHBvedx0EeALS,Comunicação Falhou - Ao Vivo,11,13,28,Mari Fernandez
14,spotify:track:2HMbGPbGiqGaHXzFkQAmZI,Basiquinho - Ao Vivo,11,15,14,Matheus & Kauan
15,spotify:track:4xxeEWGQNFQ6qehlnev5LS,Te Amo Demais,2,20,16,Marília Mendonça
16,spotify:track:1597vvneWf0zoQrg2D8yH6,Evoque Prata,16,66,2,MC MENOR HR
17,spotify:track:2qmG7dokbGpDGD0T5wORWt,Balanço da Rede,1,14,34,Matheus Fernandes
18,spotify:track:6gEOM9IEBzvTdbwNrSkBdC,Fala Mal de Mim - Ao Vivo,1,16,18,Gusttavo Lima
19,spotify:track:4cxQWmXmmbFoWvV8qipQTe,Perfeito Pra Ficar Sozinho - Ao Vivo,16,17,14,Murilo Huff
20,spotify:track:5vC8UAOHeG95ehRzZChniB,Ai Preto,3,18,21,L7NNON
21,spotify:track:4o6v3Oooyt7HF20idztRD4,Bombonzinho - Ao Vivo,21,—,1,Israel & Rodolffo
22,spotify:track:6bwx7pcKJY05D9S6CVa1k6,Nem Namorado e Nem Ficante - Ao Vivo | Faixa Bônus,16,21,24,Israel & Rodolffo
23,spotify:track:0XyPPyGes0omXppV5YE8gy,Gostosinha é Ela,23,30,14,Felipe Amorim
24,spotify:track:4UldILPVpnZO69ffK4B9aA,Tubarão Te Amo,19,19,5,Dj LK da Escócia
25,spotify:track:3XF598RmEUF3XW4XKo1lyP,Meu Número - Ao Vivo,9,22,30,Hugo & Guilherme
26,spotify:track:7AwVSKaQxpidrtYBerkHKk,Pipoco,3,23,21,Ana Castela
27,spotify:track:4vWh6tEfcLzdvYWp2IlOJS,CORAÇÃO CIGANO - Ao Vivo,2,25,13,Luan Santana
28,spotify:track:42nZBOwXNdO24Ml032bLBS,Gatilho - Ao Vivo,10,26,34,Matheus & Kauan
29,spotify:track:5PSkF3QpVMlAx8U5Inxj39,Vento Forte,3,27,17,Mc Jacaré
30,spotify:track:7qoIhutxU269Zqo9PG5IOj,Poesia Acústica 13,24,29,8,Pineapple StormTv
31,spotify:track:3nqQXoyQOWXiESFLlDF1hG,Unholy (feat. Kim Petras),25,28,7,Sam Smith
32,spotify:track:11fqunD6qlOCrRd88kMOk6,Evento Cancelado - Ao Vivo,9,32,25,Henrique & Juliano
33,spotify:track:4x5q5T5mhE1xvoCVXY6qrN,Melodia Alucinógena,13,31,14,DJ AK BR
34,spotify:track:04vzhKfl5HtPEgrdZJCZ7L,Bagulho Louco,34,39,15,Mc Paiva ZS
35,spotify:track:6TnCI16uLWhyQCrHva9VWj,Te Love - Ao Vivo,34,35,7,Kevi Jonny
36,spotify:track:0MKd4uZd8Ag8qyReZBTarP,Pino da Granada - Ao Vivo em Rio Preto,25,34,24,Murilo Huff
37,spotify:track:1K8AtBJXcdq5mywMnZuARP,Termina Comigo Antes,1,36,32,Gusttavo Lima
38,spotify:track:2PtpfX7sX870xeOfdTMyx2,Meus Vícios - Ao Vivo,38,44,7,Guilherme & Benuto
39,spotify:track:0BWEkqsmPe3qOzrRVztHU3,Acabei de Terminar - Ao Vivo,13,33,31,Paulo e Nathan
40,spotify:track:0i4UV3HjjvsUuV3BajEXoD,Baile no Morro,8,40,20,MC Tairon
41,spotify:track:2YAOJkRWy382bRMXaj48FP,Esse B.O é Meu - Ao Vivo,41,—,1,Guilherme & Benuto
42,spotify:track:4QWumyD2uwiePBBha9XBHI,No Ouvidinho,2,37,32,Felipe Amorim
43,spotify:track:6Ulh9GPYz6JKdv04qc3q2U,Dengo,6,38,26,João Gomes
44,spotify:track:1t5dhHyXMwdbAcI3EQRqFV,Meio Fio - Ao Vivo,41,41,14,Diego & Victor Hugo
45,spotify:track:4eoqnVPLzROP9tDxcFQAAK,Alimentando Vontade,38,42,3,Zé Neto & Cristiano
46,spotify:track:2TdOWHAolNaQx8gyRDVS1N,ERRO PLANEJADO - Ao Vivo,3,43,30,Luan Santana
47,spotify:track:0tM4J8aID6qYZOE3e14sCj,Acordo - Ao Vivo,13,45,55,Henrique & Juliano
48,spotify:track:3IMLoeLerS7TMpKjxUgAhx,Arranhão - Ao Vivo,2,46,56,Henrique & Juliano
49,spotify:track:0dcHD9QhnWRA41zoLnC83X,X1,49,57,15,MC Cabelinho
50,spotify:track:0jAAnWNbcHf6X1EXOtvOT7,Incendeia,24,48,17,MC Kevin o Chris
51,spotify:track:3ShKPhFkexrwl7WoyTtNND,Tchuco Nela,7,50,29,MC Rogerinho
52,spotify:track:5TPXcKSOlPaz2pkYbWiWHU,Ai Eu Chorei - Ao Vivo,32,49,18,Clayton & Romário
53,spotify:track:2wSCalnGOnXdAJC0Fn8OUY,Vai Lá Em Casa Hoje,1,60,55,George Henrique & Rodrigo
54,spotify:track:4Dvkj6JhhA12EX05fT7y2e,As It Was,27,55,32,Harry Styles
55,spotify:track:2ebFBmle5uXcdbrCAOvPcZ,Vagabundo Chora - Ao Vivo,16,53,39,Guilherme & Benuto
56,spotify:track:5mJFh4iRzgmWuEVPG8257V,Quem Não Conhece Tá Sem Internet,56,62,6,MC Marks
57,spotify:track:25rz3D4oroFC0GXm3xFXnG,Tem Cabaré Essa Noite,6,51,17,Nivaldo Marques
58,spotify:track:0oB3IBEhbmgTrL7mV0VnFq,Novinha do Onlyfans (Tchan Ran Tchan Tchan),58,—,1,Kadu Martins
59,spotify:track:3ITkrUvAA6gzxer2UIom3P,Molhando o Volante,4,54,48,Jorge & Mateus
60,spotify:track:5PZAbR6JHYYV9xp5gv0XES,Bandido,1,52,21,Zé Felipe
61,spotify:track:1dMyIigB6MDsfD3xuG6TbO,Média Boa - Ao Vivo,56,56,4,Felipe e Rodrigo
62,spotify:track:7qD2vjd3btuOgwpQPEY7ci,EU VOU COM CARINHO ELA QUER COM FORÇA,12,59,25,Mc Don Juan
63,spotify:track:4qsOrxBv09HhNSpsgMRXdC,Esqueça-Me Se For Capaz,1,82,56,Marília Mendonça
64,spotify:track:3o5LmE0gNsEBwz7VCmc3bV,Problemão - Ao Vivo,64,77,2,Hugo & Vitor
65,spotify:track:4pjznsLeoyimnxGlVpmyJI,NÉ SEGREDO,65,70,5,MC Cabelinho
66,spotify:track:14JKzKrJbPDflw8XyATMey,A Maior Saudade - Ao Vivo,6,61,56,Henrique & Juliano
67,spotify:track:6bTdZ7xfKp3NqqADJ8HLyj,Vampiro,10,67,32,Matuê
68,spotify:track:7HdWqZjUmIHK5B8zwPCRds,Áudio Que Te Entrega - Faixa Bônus,18,63,31,Leo Santana
69,spotify:track:5TGkZGCUoV1zvFxQOIQM5O,Reverse,69,90,3,HITMAKER
70,spotify:track:5IcPYzR2bkS4W3MabMpi4Z,Melhor Ser uma Saudade,8,69,41,Zé Neto & Cristiano
71,spotify:track:4QQTPEwqE4Aq7LXSyIgSci,Primeiro Beck Ela Me Mamou,38,47,9,Mc Kitinho
72,spotify:track:0V3wPSX9ygBnCm8psDIegu,Anti-Hero,40,58,3,Taylor Swift
73,spotify:track:4a0sqvCBo7aRIS4GzBQpnp,Kikando e Me Olhando,18,71,30,MC Braz
74,spotify:track:4GOs8fPjp4M9CBHanTMwsQ,Seu Perfil - Ao Vivo,54,89,10,Henrique & Juliano
75,spotify:track:77UrDaIQq6JZIJWeLgJaRf,Sereia,75,—,1,Orochi
76,spotify:track:30rrBGpna63eIJ2BrXlWDC,Minha Cópia Atual - Ao Vivo,43,76,32,Henrique & Juliano
77,spotify:track:32VQZLCxicDl0Up6hHxCsm,Cuida da Sua Vida,77,—,1,George Henrique & Rodrigo
78,spotify:track:0roEMqT0P7Z82rJTwcID3Z,Felicidade Dela - Ao Vivo,26,72,33,Hugo & Guilherme
79,spotify:track:7yYrG1nIPeZdLoA9tfU8LL,Boca de Mel,72,85,9,Mc Jacaré
80,spotify:track:5lCAtKxkZL6tFDyGX9t87j,Eu Já Tava Bem - Ao Vivo,17,91,49,Wesley Safadão
81,spotify:track:3euydCfGHLFjuwHA7G7AUJ,Aqui Na Parma Tu Vem Pra Fuder,73,73,2,DJ CIRILO DE CAXIAS
82,spotify:track:7woVi4HBuv0rsO98Ox2Fcq,Doce Veneno,82,92,4,Mc Paiva ZS
83,spotify:track:1xzi1Jcr7mEi9K2RfzLOqS,CUFF IT,81,81,5,Beyoncé
84,spotify:track:6QP9bF0ZypxoyQotcgl25J,Saudade Fudida - Ao Vivo,58,75,5,Gusttavo Lima
85,spotify:track:28m65cMH7QXHzFnZSTtNHY,Não Sei o Que Lá,18,98,53,Marília Mendonça
86,spotify:track:4uUG5RXrOk84mYEfFvj3cK,I'm Good (Blue),67,86,7,David Guetta
87,spotify:track:3lQnTQFBxk1HMsj8aa4syY,Virando o Olhinho,48,80,18,Kadu Martins
88,spotify:track:48LEhRW4gLMCVSYFEZvt8b,Assume a Gente - Ao Vivo,27,78,33,João Bosco e Gabriel
89,spotify:track:5A35xC90Nk6tXmcOAOOavi,ABALO EMOCIONAL - Ao Vivo,5,88,40,Luan Santana
90,spotify:track:7fzgTaVhUxmEzjtcd9NdWo,Cê Tá Preparada - Ao Vivo,14,96,56,Tayrone
91,spotify:track:5etfNcFAD9M8uibXpYMxfQ,Tu Tava Na Revoada - Ao Vivo,22,83,24,Wesley Safadão
92,spotify:track:7LRjGCQdXzkBJj03e1kHkq,Fala Alguma Coisa - Ao Vivo,51,64,10,Paulo e Nathan
93,spotify:track:2bWVxK5GlPtS4D3FcLjGgQ,Cara da Derrota - Ao Vivo,55,68,5,Gusttavo Lima
94,spotify:track:3RjVR6vjFDotAeSTGSfmLT,Boca Enganada - Ao Vivo,64,79,4,Murilo Huff
95,spotify:track:130HVxaVe9EYcLJmuOR9Rw,Até A Próxima Vida - Ao Vivo,49,84,23,Henrique & Juliano
96,spotify:track:3EM71GPnUGJ75uDhkH77pq,Insônia - Ao Vivo,55,97,2,LUDMILLA
97,spotify:track:74Le949TrZk4zwDjtWzH23,Cavalo de Pau,72,87,7,Bruno & Denner
98,spotify:track:5IgjP7X4th6nMNDh4akUHb,Under The Influence,93,99,4,Chris Brown
99,spotify:track:03RidJEGAEqQGaNaYuz3KH,Meio Mundo de Coração - Ao Vivo,62,94,8,Vitor e Luan
100,spotify:track:3imzmQM2DPPVBLMiBBexRL,202,51,95,11,Kweller
