rank,uri,track_name,peak,prev,streak,artist_names
1,spotify:track:6AENBD8I0mDGglFqrRZGu7,Canudinho - Ao Vivo,1,1,6,Gusttavo Lima
2,spotify:track:42JNab8NPeCADJ9D3Cl5wS,Barulho Do Foguete - Ao Vivo,2,3,15,Zé Neto & Cristiano
3,spotify:track:2InS5VWKJQbsFBKOsf1cJB,Let's Go 4,1,2,4,Dj GBR
4,spotify:track:3XIXklO3e0uWUAUkOR7NLI,DENTRO DA HILUX,1,4,7,Luan Pereira
5,spotify:track:4Z2i41GDQyu3KRpBavEnyR,Solteiro Forçado - Boiadeira Internacional,2,8,14,Ana Castela
6,spotify:track:3PqU6gHWUaBTtIZi5oxEJ7,Um Mês E Pouco - Ao Vivo,3,5,16,Zé Neto & Cristiano
7,spotify:track:64CovjRwInpOJW4PiGMprY,Faz um Vuk Vuk (Teto Espelhado),1,6,12,MC Kevin o Chris
8,spotify:track:54u86CmMqGI1rRuULlTqaB,Toca o Trompete,2,7,11,Felipe Amorim
9,spotify:track:7GScY8oE12cqTiNBzVQpUB,Mala dos Porta-Mala - Ao Vivo,4,9,13,Gusttavo Lima
10,spotify:track:4f0aDk7HX37SfzerfznYlr,Lapada Dela - Ao Vivo,7,10,31,Grupo Menos É Mais
11,spotify:track:4uqJelb9THHmJ3OCohg4ZJ,Nosso Quadro,1,16,36,AgroPlay
12,spotify:track:4zW6JV4aqhXpbfZLZyEFvP,Quase Algo - Ao Vivo Em Nova Iorque / 2022,12,23,4,Henrique & Juliano
13,spotify:track:51pxwIxDVCbFHW8oyJFQXD,Erro Gostoso - Ao Vivo,3,13,37,Simone Mendes
14,spotify:track:6drlqBh6BeYZinmYQ9qR2n,Furduncinho do Rogerinho,14,14,7,MC Rogerinho
15,spotify:track:3PH1nUysW7ybo3Yu8sqlPN,Seu Brilho Sumiu - Ao Vivo,1,12,32,Israel & Rodolffo
16,spotify:track:4zNy0cxc4p36OLdPr0sI6h,MONTAGEM ANOS 2000,11,11,4,MC Maneirinho
17,spotify:track:7DkhndGTKaqkFxxKN7XlAh,Manda um Oi - Ao Vivo,11,15,22,Guilherme & Benuto
18,spotify:track:7r8yMaSOy4XmuhRz7iv1gi,Traumatizei - Ao Vivo Em Brasília,4,18,36,Henrique & Juliano
19,spotify:track:7lTVXJfNK4xaJSUXCUac6a,Fode Bem,6,17,10,Felipe Amorim
20,spotify:track:0fABszUFNbNq9IW503Gj8v,Tá OK,1,20,20,DENNIS
21,spotify:track:0redQHBfejmPUhonR5ppGC,Duas Três,6,19,35,Guilherme & Benuto
22,spotify:track:0QcKkN8b4iVkmVsbaze8OS,Devia Ser Proibido - Ao Vivo Em Brasília,22,22,11,Henrique & Juliano
23,spotify:track:2uhw2oYbugGJbn10wipNX5,Novidade na Área,2,25,16,Mc Livinho
24,spotify:track:4lL0M9HzNFspnIwj2WfU6c,Oi Vida - Ao Vivo,24,31,11,Gusttavo Lima
25,spotify:track:7G2yGMHlcPPTCDhMrAaMyZ,Tô Voltando - (Boiadeira Internacional),25,28,7,Ana Castela
26,spotify:track:4zUFA8l78k4tCmoVuGtV8z,MEIO TERMO - Ao Vivo,11,26,18,Luan Santana
27,spotify:track:2pidGuLSSVZPcbzE5QA1Ux,Elevador - Ao Vivo,21,21,18,Hugo & Guilherme
28,spotify:track:4hKLzFvNwHF6dPosGT30ed,Novo Balanço,9,27,21,Veigh
29,spotify:track:1Vy9Wn5sbiduZKBqBlH3Mc,Ballena,14,24,13,Vulgo FK
30,spotify:track:2BlFIe0712LBUtTHxbqjme,Love Gostosinho - Ao Vivo,13,33,38,NATTAN
31,spotify:track:1mimc5QiUuwmVYdXkWvgOQ,MOLETOM,8,32,15,Luan Pereira
32,spotify:track:4pWsXhLUdtBKlw9npIXZAl,Halls na Língua,4,29,18,Kadu Martins
33,spotify:track:1Z3QqD45wKKN6fUKBXSvcZ,Pirulito Vermelho,28,34,17,Diego & Victor Hugo
34,spotify:track:07DskqQ1NbTiotX1WIV7ob,Piloto,34,64,2,Flora Matos
35,spotify:track:4uLzGOlqSanpNS3htaUViY,Pátio do Posto - Ao Vivo,8,37,30,Zé Neto & Cristiano
36,spotify:track:0KhLYwYVhi13hMhxX73m55,MULHER SEGURA - Ao Vivo,30,30,4,Luan Santana
37,spotify:track:4xAGuRRKOgoaZbMGdmTD3N,Oi Balde - Ao Vivo,2,38,34,Zé Neto & Cristiano
38,spotify:track:53PpijFATt35Zxfl6LTxoK,Leão,1,36,44,Marília Mendonça
39,spotify:track:4KGyltc1ugN2WFcjkSPHwh,Não Vitalício (Nunca Mais) - Ao Vivo,5,35,36,Matheus & Kauan
40,spotify:track:4vdFF0P7oTZoeKvnfIsbh3,Te Esqueci Sem Querer - Ao Vivo Em Brasília,17,40,25,Henrique & Juliano
41,spotify:track:3P2ubMyuL9NQOVU67TVCXA,"Love, Love",25,44,16,Melody
42,spotify:track:6L2ule7uWSdh1qjcMO3vUD,Quem tá Pegando,30,42,21,Murilo Huff
43,spotify:track:6MCaEL0pQo1Jg1vlKpMWop,Dois Fugitivos - Ao Vivo,43,52,4,Simone Mendes
44,spotify:track:0U9CZWq6umZsN432nh3WWT,"Gol Bolinha, Gol Quadrado 2",4,39,17,Mc Pedrinho
45,spotify:track:4N4Jk8n24I4lkSUdzoS0n7,Alô Tranqueira - Ao Vivo,45,—,1,Zé Neto & Cristiano
46,spotify:track:35D06z7kmwMmYYbyJ0BkSm,Daqui pra Sempre,46,63,2,Manu
47,spotify:track:0Q1oLvAI9QaD3DIlvluTqx,Voltou Com Quem Não Voltava - Ao Vivo,34,43,21,Israel & Rodolffo
48,spotify:track:64I2WXRrFWWxjRh8uTYYQB,Abre A Mente - Ao Vivo Em Brasília,41,45,18,Henrique & Juliano
49,spotify:track:0SWDToufOxRVIngk8c1oZi,AMBIENTE ERRADO - Ao Vivo,27,41,10,Luan Santana
50,spotify:track:4dHMuSjpkUcWW3zZehOFj7,Narcisista - Ao Vivo,29,47,13,Maiara & Maraisa
51,spotify:track:6xRDvureEBwHgwAYDufbJL,Chorei na Vaquejada,32,48,19,Eric Land
52,spotify:track:5eID9KNVJV2fDSPQGzQHQg,Oficializar - Ao Vivo,46,49,7,Gusttavo Lima
53,spotify:track:62W2f0QOg20ufNjJQHqnkq,Fernando de Noronha,53,69,2,Mc IG
54,spotify:track:5qjwjBzWAxXjjqinjENzIF,Dói,38,50,10,Jorge & Mateus
55,spotify:track:6e5byyKtx6R0h66gagelPe,Quando Apaga A Luz - Ao Vivo,10,46,38,Gustavo Mioto
56,spotify:track:181TYnNi3wNGrdsCykmI4A,A Dona Aranha,50,56,6,Luísa Sonza
57,spotify:track:7IPEkUJsnWYNyBkK2i2FPj,Mágica - Ao Vivo,6,53,28,Hugo & Guilherme
58,spotify:track:1KEhkxdCRb1k8UDHqACgNY,Desandei - Ao Vivo,27,57,23,Lauana Prado
59,spotify:track:2uGk60j3LR5bp6tGq9vtII,Halls na Língua - Remix,42,55,12,GORDÃO DO PC
60,spotify:track:0bfJWhn3r3UQBF8WYKWT4K,"Vai Novinha Ah, Ah, Ah / Citação: O Chêro Da Carolina",9,58,16,Dyamante DJ
61,spotify:track:4ldcxPVAtih8alepJTu8Hx,"Faz Completo, Chefe",44,51,8,Mc IG
62,spotify:track:3o4wcB1Y6xC62eF02n9RSZ,ELA PIROU NA DODGE RAM,17,59,29,Luan Pereira
63,spotify:track:4qx6N7gtoRnqFHQKOS5AKH,Rancorosa - Ao Vivo Em Brasília,11,65,29,Henrique & Juliano
64,spotify:track:1V4l4h7kYaKyXJk74g6ilu,Guardanapo Borrado - Ao Vivo,64,84,6,Israel & Rodolffo
65,spotify:track:09pQ3lGyMTpW3rz7a71zwQ,Metade De Mim - Ao Vivo,11,61,32,Hugo & Guilherme
66,spotify:track:3AlJeYu0F3gbttq276kBcM,Tropa dos Covardes,66,—,1,Vinicius Cavalcante
67,spotify:track:43eRVwfXFkY3kXN4K47gNT,Chico,6,54,6,Luísa Sonza
68,spotify:track:77BR4gaUAp3p0uA8UL6HT9,Não Para,44,68,27,Belle Kaffer
69,spotify:track:1gUKbDEyGK4uo8t8MdjKMZ,Namorando Ou Não - Ao Vivo,10,62,31,Clayton & Romário
70,spotify:track:4ASA1PZyWGbuc4d9N8OAcF,Eu Gosto Assim - Ao Vivo,1,70,56,Gustavo Mioto
71,spotify:track:0ZVWliWjMmYFxQe9U63Y5W,5 Da Manhã - Ao Vivo,71,86,2,Raí Saia Rodada
72,spotify:track:6hu4HvpNzrW2RIEEAZC3vD,Segredo,39,74,28,KayBlack
73,spotify:track:2yIJ2CVZkTDftAsL9NPTw2,Milionário - Ao Vivo,62,75,5,Guilherme & Benuto
74,spotify:track:57w75cw5ROGxHeDmZ9S0mS,Preta,61,71,10,Hungria Hip Hop
75,spotify:track:3S8M3mZGIc10IdtmNTsrjQ,Eu Não Previ - Ao Vivo em Goiânia,67,67,6,Traia Véia
76,spotify:track:2Vl7x4BkNhhJkEmQQMcV0V,Toma Tapa,25,—,1,Mc Jacaré
77,spotify:track:39xOREhViooEYFpmnKTdrl,Engana Dizendo Que Ama,30,60,21,Veigh
78,spotify:track:2M4kQD87lKnAS9vFlb4Bez,Pactos - Ao Vivo,5,72,52,Matheus & Kauan
79,spotify:track:74Le949TrZk4zwDjtWzH23,Cavalo de Pau,35,73,43,Bruno & Denner
80,spotify:track:5btDKzAsFh975NSWxwBHRc,Coisas Que Eu Sei,42,78,11,Felipe Amorim
81,spotify:track:7zmS0vPbWg2k6sfL3uqrGD,Cê Não Me Superou - Ao Vivo,57,66,17,Luiza Martins
82,spotify:track:1M6rclDhYmqRBMFGNJOFKB,Americana Na Vaquejada,33,80,27,Grandão Vaqueiro
83,spotify:track:5asabafNzfAzjUecDvuNES,Aquela Pessoa - Ao Vivo,83,—,1,Henrique & Juliano
84,spotify:track:7Iq55toOSSBCEoGuXxQSa1,Vem Quebrando,76,76,3,Mc Danone
85,spotify:track:2LTlykcdu0gwb7zcKneo2a,Melhor Só,12,81,28,KayBlack
86,spotify:track:6rpUGV7bcWW9ro65Bf8uYY,Eu Não Dou Conta - Ao Vivo,70,83,3,Israel & Rodolffo
87,spotify:track:4bxAq0zgWQKMaQJ7HLJJxk,Ombrim (ai que delicia o verão) (feat. Mts No Beat),80,82,3,Marina Sena
88,spotify:track:1PXQJeClOb4AgBJp9jKLZw,Se É Pra Mentir - Ao Vivo Em Nova Iorque / 2022,88,—,1,Henrique & Juliano
89,spotify:track:3rUGC1vUpkDG9CZFHMur1t,greedy,89,—,1,Tate McRae
90,spotify:track:3ktTWpYdXrYApH54cBo4Ap,Conexões de Máfia (feat. Rich The Kid),10,79,24,Matuê
91,spotify:track:156LKAN2oh16qflL5oz4tO,Os Bico Tão Se Perguntando (Let’s Go 3),20,85,26,MC PH
92,spotify:track:5Ubx4DpvVodvsGH9ilxPVi,Haja Colírio (feat. Hugo & Guilherme) - Ao Vivo,1,77,68,Guilherme & Benuto
93,spotify:track:3l5VjEAeUTqrlD50iEo8Yn,Licor 43,82,92,4,KayBlack
94,spotify:track:1L7hWEc3tVjvmbw48ShktM,Desejo Imortal (It Must Have Been Love) - Ao Vivo,14,95,26,Gusttavo Lima
95,spotify:track:0zxWyvrKyz031tFfBnkYLr,Como É Que A Gente Fica - Ao Vivo,92,99,3,Henrique & Juliano
96,spotify:track:64JdLJ0dFwI5lptGXHQxZs,Sarradinha,96,—,1,Mari Fernandez
97,spotify:track:0SCMVUZ21uYYB8cc0ScfbV,Bombonzinho - Ao Vivo,1,88,49,Israel & Rodolffo
98,spotify:track:0oB3IBEhbmgTrL7mV0VnFq,Novinha do Onlyfans (Tchan Ran Tchan Tchan),9,—,1,Kadu Martins
99,spotify:track:5G3ZjUMOlOpChRHpdlGALj,Insônia,99,100,2,Hungria Hip Hop
100,spotify:track:3gCWngngUs1uojw33vrE8K,5 Regras - Ao Vivo,3,93,2,Jorge & Mateus
