rank,uri,track_name,peak,prev,streak,artist_names
1,spotify:track:1ELsaYdj2NlxLvkx9g24xZ,Haja Colírio (feat. Hugo & Guilherme) - Ao Vivo,1,1,14,Guilherme & Benuto
2,spotify:track:2ykYxd8UGHOsdjP3Z5jSHh,Cheiro de Balada - Ao Vivo,2,2,8,Hugo & Guilherme
3,spotify:track:3gCWngngUs1uojw33vrE8K,5 Regras - Ao Vivo,3,4,9,Jorge & Mateus
4,spotify:track:1OZ4uv7OAP24Ix6j3vojLt,Casei Com a Putaria,3,3,10,Mc Paiva ZS
5,spotify:track:3yHXEidSu4gYVRqKoI653O,Assunto Delicado - Ao Vivo,5,12,6,Guilherme & Benuto
6,spotify:track:6gEOM9IEBzvTdbwNrSkBdC,Fala Mal de Mim - Ao Vivo,1,5,12,Gusttavo Lima
7,spotify:track:6gyhp7IcNhTYzwlk8utsgP,Beijo de Glicose - Ao Vivo,7,22,4,Diego & Victor Hugo
8,spotify:track:6Zw25LRLP0j0MsezDFIUM4,Mal Feito - Ao Vivo,1,7,37,Hugo & Guilherme
9,spotify:track:4NNZZXHgn9F3cCgC1YGmLl,Todo Seu - Ao Vivo,4,9,21,Jorge & Mateus
10,spotify:track:4vWh6tEfcLzdvYWp2IlOJS,CORAÇÃO CIGANO - Ao Vivo,2,6,7,Luan Santana
11,spotify:track:4xxeEWGQNFQ6qehlnev5LS,Te Amo Demais,2,8,10,Marília Mendonça
12,spotify:track:2HMbGPbGiqGaHXzFkQAmZI,Basiquinho - Ao Vivo,11,11,8,Matheus & Kauan
13,spotify:track:7AwVSKaQxpidrtYBerkHKk,Pipoco,3,10,15,Ana Castela
14,spotify:track:42nZBOwXNdO24Ml032bLBS,Gatilho - Ao Vivo,10,13,28,Matheus & Kauan
15,spotify:track:5vC8UAOHeG95ehRzZChniB,Ai Preto,3,14,15,L7NNON
16,spotify:track:6bwx7pcKJY05D9S6CVa1k6,Nem Namorado e Nem Ficante - Ao Vivo | Faixa Bônus,16,23,18,Israel & Rodolffo
17,spotify:track:5PSkF3QpVMlAx8U5Inxj39,Vento Forte,3,15,11,Mc Jacaré
18,spotify:track:7bhvRvE56NHBvedx0EeALS,Comunicação Falhou - Ao Vivo,13,17,22,Mari Fernandez
19,spotify:track:7dG9DMiqxz365ItjlsRGMQ,Acabei de Terminar - Ao Vivo,13,16,25,Paulo e Nathan
20,spotify:track:1K8AtBJXcdq5mywMnZuARP,Termina Comigo Antes,1,19,26,Gusttavo Lima
21,spotify:track:3XF598RmEUF3XW4XKo1lyP,Meu Número - Ao Vivo,9,18,24,Hugo & Guilherme
22,spotify:track:4x5q5T5mhE1xvoCVXY6qrN,Melodia Alucinógena,13,20,8,DJ AK BR
23,spotify:track:4cxQWmXmmbFoWvV8qipQTe,Perfeito Pra Ficar Sozinho - Ao Vivo,19,21,8,Murilo Huff
24,spotify:track:7qoIhutxU269Zqo9PG5IOj,Poesia Acústica 13,24,100,2,Pineapple StormTv
25,spotify:track:2qmG7dokbGpDGD0T5wORWt,Balanço da Rede,1,24,28,Matheus Fernandes
26,spotify:track:4ASA1PZyWGbuc4d9N8OAcF,Eu Gosto Assim - Ao Vivo,26,64,2,Gustavo Mioto
27,spotify:track:2TdOWHAolNaQx8gyRDVS1N,ERRO PLANEJADO - Ao Vivo,3,25,24,Luan Santana
28,spotify:track:0MKd4uZd8Ag8qyReZBTarP,Pino da Granada - Ao Vivo em Rio Preto,25,27,18,Murilo Huff
29,spotify:track:0i4UV3HjjvsUuV3BajEXoD,Baile no Morro,8,28,14,MC Tairon
30,spotify:track:4QWumyD2uwiePBBha9XBHI,No Ouvidinho,2,26,26,Felipe Amorim
31,spotify:track:0XyPPyGes0omXppV5YE8gy,Gostosinha é Ela,29,30,8,Felipe Amorim
32,spotify:track:3ITkrUvAA6gzxer2UIom3P,Molhando o Volante,4,29,42,Jorge & Mateus
33,spotify:track:5TPXcKSOlPaz2pkYbWiWHU,Ai Eu Chorei - Ao Vivo,32,33,12,Clayton & Romário
34,spotify:track:11fqunD6qlOCrRd88kMOk6,Evento Cancelado - Ao Vivo,11,35,19,Henrique & Juliano
35,spotify:track:0jAAnWNbcHf6X1EXOtvOT7,Incendeia,24,32,11,MC Kevin o Chris
36,spotify:track:0tM4J8aID6qYZOE3e14sCj,Acordo - Ao Vivo,13,38,49,Henrique & Juliano
37,spotify:track:5PZAbR6JHYYV9xp5gv0XES,Bandido,1,31,15,Zé Felipe
38,spotify:track:6Ulh9GPYz6JKdv04qc3q2U,Dengo,6,37,20,João Gomes
39,spotify:track:4QQTPEwqE4Aq7LXSyIgSci,Primeiro Beck Ela Me Mamou,39,70,3,Mc Kitinho
40,spotify:track:3nqQXoyQOWXiESFLlDF1hG,Unholy (feat. Kim Petras),40,—,1,Sam Smith
41,spotify:track:25rz3D4oroFC0GXm3xFXnG,Tem Cabaré Essa Noite,6,34,11,Nivaldo Marques
42,spotify:track:3ShKPhFkexrwl7WoyTtNND,Tchuco Nela,7,39,23,MC Rogerinho
43,spotify:track:4Dvkj6JhhA12EX05fT7y2e,As It Was,27,45,26,Harry Styles
44,spotify:track:3IMLoeLerS7TMpKjxUgAhx,Arranhão - Ao Vivo,2,40,50,Henrique & Juliano
45,spotify:track:2ebFBmle5uXcdbrCAOvPcZ,Vagabundo Chora - Ao Vivo,16,41,33,Guilherme & Benuto
46,spotify:track:2wSCalnGOnXdAJC0Fn8OUY,Vai Lá Em Casa Hoje,1,36,49,George Henrique & Rodrigo
47,spotify:track:7qD2vjd3btuOgwpQPEY7ci,EU VOU COM CARINHO ELA QUER COM FORÇA,12,44,19,Mc Don Juan
48,spotify:track:04vzhKfl5HtPEgrdZJCZ7L,Bagulho Louco,42,42,9,Mc Paiva ZS
49,spotify:track:1t5dhHyXMwdbAcI3EQRqFV,Meio Fio - Ao Vivo,49,49,8,Diego & Victor Hugo
50,spotify:track:4a0sqvCBo7aRIS4GzBQpnp,Kikando e Me Olhando,18,46,24,MC Braz
51,spotify:track:5A35xC90Nk6tXmcOAOOavi,ABALO EMOCIONAL - Ao Vivo,5,43,34,Luan Santana
52,spotify:track:6Lk3kU7JcQ5dZ7jbmhJzQN,Melhor Ser uma Saudade,8,48,35,Zé Neto & Cristiano
53,spotify:track:5lCAtKxkZL6tFDyGX9t87j,Eu Já Tava Bem - Ao Vivo,17,47,43,Wesley Safadão
54,spotify:track:48LEhRW4gLMCVSYFEZvt8b,Assume a Gente - Ao Vivo,27,54,27,João Bosco e Gabriel
55,spotify:track:3sd2p4kE7xQmFH3lPnFl6h,sentaDONA (Remix) s2,2,50,28,Davi Kneip
56,spotify:track:6bTdZ7xfKp3NqqADJ8HLyj,Vampiro,10,55,26,Matuê
57,spotify:track:0roEMqT0P7Z82rJTwcID3Z,Felicidade Dela - Ao Vivo,26,52,27,Hugo & Guilherme
58,spotify:track:6nkoWsFZeFt5dUdNmlIceh,Bloqueado - Ao Vivo,2,57,44,Gusttavo Lima
59,spotify:track:7HdWqZjUmIHK5B8zwPCRds,Áudio Que Te Entrega - Faixa Bônus,18,59,25,Leo Santana
60,spotify:track:30rrBGpna63eIJ2BrXlWDC,Minha Cópia Atual - Ao Vivo,43,65,26,Henrique & Juliano
61,spotify:track:3lQnTQFBxk1HMsj8aa4syY,Virando o Olhinho,48,58,12,Kadu Martins
62,spotify:track:4NFkcqZ3jU2O9rgEbuluVn,Bafora o Lança - Remix,30,51,7,Mario Mc
63,spotify:track:3imzmQM2DPPVBLMiBBexRL,202,51,56,5,Kweller
64,spotify:track:14JKzKrJbPDflw8XyATMey,A Maior Saudade - Ao Vivo,6,60,50,Henrique & Juliano
65,spotify:track:2PtpfX7sX870xeOfdTMyx2,Meus Vícios - Ao Vivo,65,—,1,Guilherme & Benuto
66,spotify:track:4qsOrxBv09HhNSpsgMRXdC,Esqueça-Me Se For Capaz,1,62,50,Marília Mendonça
67,spotify:track:03RidJEGAEqQGaNaYuz3KH,Meio Mundo de Coração - Ao Vivo,67,86,2,Vitor e Luan
68,spotify:track:0dcHD9QhnWRA41zoLnC83X,X1,58,63,9,MC Cabelinho
69,spotify:track:5etfNcFAD9M8uibXpYMxfQ,Tu Tava Na Revoada - Ao Vivo,22,66,18,Wesley Safadão
70,spotify:track:28m65cMH7QXHzFnZSTtNHY,Não Sei o Que Lá,18,68,47,Marília Mendonça
71,spotify:track:130HVxaVe9EYcLJmuOR9Rw,Até A Próxima Vida - Ao Vivo,49,67,17,Henrique & Juliano
72,spotify:track:3EM71GPnUGJ75uDhkH77pq,Insônia - Ao Vivo,55,61,5,LUDMILLA
73,spotify:track:7yYrG1nIPeZdLoA9tfU8LL,Boca de Mel,72,72,3,Mc Jacaré
74,spotify:track:1XcmAgREOuJQb91sr68AAD,Sentadinha Diferente,63,71,10,Dyamante DJ
75,spotify:track:7fzgTaVhUxmEzjtcd9NdWo,Cê Tá Preparada - Ao Vivo,14,69,50,Tayrone
76,spotify:track:5J4QAC3dpP9EfR90MObl62,Fala Alguma Coisa - Ao Vivo,69,74,4,Paulo e Nathan
77,spotify:track:4aoZBldNDVYmTwmeoI49ud,O Poder Dessa Garota,73,75,13,Mc Gabzin
78,spotify:track:72g37RoelSnovZakG5MwnF,Parada Louca,8,73,46,Mari Fernandez
79,spotify:track:20yfr4F5QmZ5V3Cu1Rx4Kp,Elevador - Ao Vivo,74,78,9,Lauana Prado
80,spotify:track:1TyxXIXVVpHwhKaF73z8nw,Rasteira - Ao Vivo,32,76,50,Henrique & Juliano
81,spotify:track:4uUG5RXrOk84mYEfFvj3cK,I'm Good (Blue),81,—,1,David Guetta
82,spotify:track:5fstoJBdyj9Yvhe4W5hmEP,Set Wesley Alemão,82,82,3,Dj GM
83,spotify:track:2LEV3lTRxKqLBfmt5BWkLj,Não Pega Ninguém Ainda (Ao Vivo),9,80,17,Gusttavo Lima
84,spotify:track:74Le949TrZk4zwDjtWzH23,Cavalo de Pau,84,—,1,Bruno & Denner
85,spotify:track:7KWKWJnbGJ3Soag6Oopion,CACHORRINHAS,16,53,11,Luísa Sonza
86,spotify:track:4grGI2vFnknrfmHT1JOVFU,Tesão Da Madrugada - Ao Vivo,30,85,33,George Henrique & Rodrigo
87,spotify:track:75fCsUnTiDelE4HMd06t4O,Gostosinho Tu Cai,30,83,22,Mc Pepeu
88,spotify:track:3xt7v3bMNnQ8ie8RjhmkX2,Imagina A Sentada - Ao Vivo,16,79,39,Matheus & Kauan
89,spotify:track:5xtj7eenvqvovEnWIUhMT7,Impedidos - Ao Vivo,82,84,3,João Gustavo e Murilo
90,spotify:track:7qq40cRIYNKZCDt1STfBqt,"Bruna, Tu Já Parou Pra Pensar",84,90,10,Niack
91,spotify:track:0yDMhYTryvQoR634wDgQ1j,O Fim é Triste (feat. DJ BOY),82,96,7,MC Hariel
92,spotify:track:7gRFDGEzF9UkBV233yv2dc,Shut Down,81,81,2,BLACKPINK
93,spotify:track:6TnCI16uLWhyQCrHva9VWj,Te Love - Ao Vivo,93,—,1,Kevi Jonny
94,spotify:track:4GOs8fPjp4M9CBHanTMwsQ,Seu Perfil - Ao Vivo,54,95,4,Henrique & Juliano
95,spotify:track:7pvrsbBKUQI2QmA74WCJa5,Ela e Ela,4,88,8,Zé Neto & Cristiano
96,spotify:track:7afaZ37wJJL6880z1NRgJS,Fim de Semana no Rio,17,89,26,Teto
97,spotify:track:2gkKA2pRAsMzbiGPo9gxsc,Água Nos Zói - Ao Vivo,28,92,6,Clayton & Romário
98,spotify:track:20AZdKe5RIGArK9rjqwcAg,Tubarao Te Amo vs Andou Na Prancha Cuidado Tubarao Vai te Pegar,98,—,1,diorrboy
99,spotify:track:4W4tbncuac0neqLbTpByen,Botadão,99,—,1,Eric Land
100,spotify:track:2VbKpQWIMRelKmEy8rSCAf,Set Tatuapé Conceito 2,100,—,1,Mc Kako
