rank,uri,track_name,peak,prev,streak,artist_names
1,spotify:track:2InS5VWKJQbsFBKOsf1cJB,Let's Go 4,1,9,2,Dj GBR
2,spotify:track:6AENBD8I0mDGglFqrRZGu7,Canudinho - Ao Vivo,2,5,4,Gusttavo Lima
3,spotify:track:3XIXklO3e0uWUAUkOR7NLI,DENTRO DA HILUX,1,1,5,Luan Pereira
4,spotify:track:42JNab8NPeCADJ9D3Cl5wS,Barulho Do Foguete - Ao Vivo,4,10,13,Zé Neto & Cristiano
5,spotify:track:64CovjRwInpOJW4PiGMprY,Faz um Vuk Vuk (Teto Espelhado),1,2,10,MC Kevin o Chris
6,spotify:track:54u86CmMqGI1rRuULlTqaB,Toca o Trompete,2,4,9,Felipe Amorim
7,spotify:track:4Z2i41GDQyu3KRpBavEnyR,Solteiro Forçado - Boiadeira Internacional,2,6,12,Ana Castela
8,spotify:track:7GScY8oE12cqTiNBzVQpUB,Mala dos Porta-Mala - Ao Vivo,4,7,11,Gusttavo Lima
9,spotify:track:3PqU6gHWUaBTtIZi5oxEJ7,Um Mês E Pouco - Ao Vivo,3,3,14,Zé Neto & Cristiano
10,spotify:track:4f0aDk7HX37SfzerfznYlr,Lapada Dela - Ao Vivo,7,8,29,Grupo Menos É Mais
11,spotify:track:7lTVXJfNK4xaJSUXCUac6a,Fode Bem,6,11,8,Felipe Amorim
12,spotify:track:4uqJelb9THHmJ3OCohg4ZJ,Nosso Quadro,1,14,34,AgroPlay
13,spotify:track:3PH1nUysW7ybo3Yu8sqlPN,Seu Brilho Sumiu - Ao Vivo,1,12,30,Israel & Rodolffo
14,spotify:track:0fABszUFNbNq9IW503Gj8v,Tá OK,1,13,18,DENNIS
15,spotify:track:51pxwIxDVCbFHW8oyJFQXD,Erro Gostoso - Ao Vivo,3,15,35,Simone Mendes
16,spotify:track:6drlqBh6BeYZinmYQ9qR2n,Furduncinho do Rogerinho,16,29,5,MC Rogerinho
17,spotify:track:2uhw2oYbugGJbn10wipNX5,Novidade na Área,2,16,14,Mc Livinho
18,spotify:track:7DkhndGTKaqkFxxKN7XlAh,Manda um Oi - Ao Vivo,11,19,20,Guilherme & Benuto
19,spotify:track:0redQHBfejmPUhonR5ppGC,Duas Três,6,20,33,Guilherme & Benuto
20,spotify:track:1Vy9Wn5sbiduZKBqBlH3Mc,Ballena,14,17,11,Vulgo FK
21,spotify:track:7r8yMaSOy4XmuhRz7iv1gi,Traumatizei - Ao Vivo Em Brasília,4,21,34,Henrique & Juliano
22,spotify:track:4zNy0cxc4p36OLdPr0sI6h,MONTAGEM ANOS 2000,22,65,2,MC Maneirinho
23,spotify:track:4zUFA8l78k4tCmoVuGtV8z,MEIO TERMO - Ao Vivo,11,25,16,Luan Santana
24,spotify:track:4pWsXhLUdtBKlw9npIXZAl,Halls na Língua,4,23,16,Kadu Martins
25,spotify:track:4hKLzFvNwHF6dPosGT30ed,Novo Balanço,9,24,19,Veigh
26,spotify:track:0QcKkN8b4iVkmVsbaze8OS,Devia Ser Proibido - Ao Vivo Em Brasília,26,28,9,Henrique & Juliano
27,spotify:track:2pidGuLSSVZPcbzE5QA1Ux,Elevador - Ao Vivo,21,31,16,Hugo & Guilherme
28,spotify:track:1mimc5QiUuwmVYdXkWvgOQ,MOLETOM,8,22,13,Luan Pereira
29,spotify:track:4uLzGOlqSanpNS3htaUViY,Pátio do Posto - Ao Vivo,8,26,28,Zé Neto & Cristiano
30,spotify:track:4lL0M9HzNFspnIwj2WfU6c,Oi Vida - Ao Vivo,24,27,9,Gusttavo Lima
31,spotify:track:7G2yGMHlcPPTCDhMrAaMyZ,Tô Voltando - (Boiadeira Internacional),31,32,5,Ana Castela
32,spotify:track:2BlFIe0712LBUtTHxbqjme,Love Gostosinho - Ao Vivo,13,34,36,NATTAN
33,spotify:track:0U9CZWq6umZsN432nh3WWT,"Gol Bolinha, Gol Quadrado 2",4,30,15,Mc Pedrinho
34,spotify:track:43eRVwfXFkY3kXN4K47gNT,Chico,6,18,4,Luísa Sonza
35,spotify:track:1Z3QqD45wKKN6fUKBXSvcZ,Pirulito Vermelho,28,36,15,Diego & Victor Hugo
36,spotify:track:4zW6JV4aqhXpbfZLZyEFvP,Quase Algo - Ao Vivo Em Nova Iorque / 2022,36,47,2,Henrique & Juliano
37,spotify:track:3P2ubMyuL9NQOVU67TVCXA,"Love, Love",25,35,14,Melody
38,spotify:track:4xAGuRRKOgoaZbMGdmTD3N,Oi Balde - Ao Vivo,2,33,32,Zé Neto & Cristiano
39,spotify:track:0SWDToufOxRVIngk8c1oZi,AMBIENTE ERRADO - Ao Vivo,27,37,8,Luan Santana
40,spotify:track:4KGyltc1ugN2WFcjkSPHwh,Não Vitalício (Nunca Mais) - Ao Vivo,5,38,34,Matheus & Kauan
41,spotify:track:0WrM1ON5poAsmKw3x5uPhD,Narcisista - Ao Vivo,29,40,11,Maiara & Maraisa
42,spotify:track:6xRDvureEBwHgwAYDufbJL,Chorei na Vaquejada,32,42,17,Eric Land
43,spotify:track:0KhLYwYVhi13hMhxX73m55,MULHER SEGURA - Ao Vivo,43,56,2,Luan Santana
44,spotify:track:53PpijFATt35Zxfl6LTxoK,Leão,1,39,42,Marília Mendonça
45,spotify:track:0Q1oLvAI9QaD3DIlvluTqx,Voltou Com Quem Não Voltava - Ao Vivo,34,41,19,Israel & Rodolffo
46,spotify:track:4vdFF0P7oTZoeKvnfIsbh3,Te Esqueci Sem Querer - Ao Vivo Em Brasília,17,43,23,Henrique & Juliano
47,spotify:track:6L2ule7uWSdh1qjcMO3vUD,Quem tá Pegando,30,44,19,Murilo Huff
48,spotify:track:5eID9KNVJV2fDSPQGzQHQg,Oficializar - Ao Vivo,46,46,5,Gusttavo Lima
49,spotify:track:4ldcxPVAtih8alepJTu8Hx,"Faz Completo, Chefe",44,48,6,Mc IG
50,spotify:track:64I2WXRrFWWxjRh8uTYYQB,Abre A Mente - Ao Vivo Em Brasília,41,49,16,Henrique & Juliano
51,spotify:track:1nf1HJdTWXwf9XHQebGlOd,Quando Apaga A Luz - Ao Vivo,10,45,36,Gustavo Mioto
52,spotify:track:5qjwjBzWAxXjjqinjENzIF,Dói,38,52,8,Jorge & Mateus
53,spotify:track:181TYnNi3wNGrdsCykmI4A,A Dona Aranha,50,58,4,Luísa Sonza
54,spotify:track:0bfJWhn3r3UQBF8WYKWT4K,"Vai Novinha Ah, Ah, Ah / Citação: O Chêro Da Carolina",9,50,14,Dyamante DJ
55,spotify:track:3o4wcB1Y6xC62eF02n9RSZ,ELA PIROU NA DODGE RAM,17,55,27,Luan Pereira
56,spotify:track:1gUKbDEyGK4uo8t8MdjKMZ,Namorando Ou Não - Ao Vivo,10,51,29,Clayton & Romário
57,spotify:track:7IPEkUJsnWYNyBkK2i2FPj,Mágica - Ao Vivo,6,54,26,Hugo & Guilherme
58,spotify:track:39xOREhViooEYFpmnKTdrl,Engana Dizendo Que Ama,30,59,19,Veigh
59,spotify:track:7zmS0vPbWg2k6sfL3uqrGD,Cê Não Me Superou - Ao Vivo,57,66,15,Luiza Martins
60,spotify:track:2uGk60j3LR5bp6tGq9vtII,Halls na Língua - Remix,42,60,10,GORDÃO DO PC
61,spotify:track:6MCaEL0pQo1Jg1vlKpMWop,Dois Fugitivos - Ao Vivo,61,100,2,Simone Mendes
62,spotify:track:57w75cw5ROGxHeDmZ9S0mS,Preta,61,67,8,Hungria Hip Hop
63,spotify:track:1M6rclDhYmqRBMFGNJOFKB,Americana Na Vaquejada,33,78,25,Grandão Vaqueiro
64,spotify:track:4qx6N7gtoRnqFHQKOS5AKH,Rancorosa - Ao Vivo Em Brasília,11,63,27,Henrique & Juliano
65,spotify:track:77BR4gaUAp3p0uA8UL6HT9,Não Para,44,71,25,Belle Kaffer
66,spotify:track:09pQ3lGyMTpW3rz7a71zwQ,Metade De Mim - Ao Vivo,11,64,30,Hugo & Guilherme
67,spotify:track:5btDKzAsFh975NSWxwBHRc,Coisas Que Eu Sei,42,82,9,Felipe Amorim
68,spotify:track:0t5cfOZxePTvuYXTywHzjH,Penhasco2,17,53,5,Luísa Sonza
69,spotify:track:6hu4HvpNzrW2RIEEAZC3vD,Segredo,39,72,26,KayBlack
70,spotify:track:6rpUGV7bcWW9ro65Bf8uYY,Eu Não Dou Conta - Ao Vivo,70,—,1,Israel & Rodolffo
71,spotify:track:2LTlykcdu0gwb7zcKneo2a,Melhor Só,12,61,26,KayBlack
72,spotify:track:2yIJ2CVZkTDftAsL9NPTw2,Milionário - Ao Vivo,62,74,3,Guilherme & Benuto
73,spotify:track:6p6ohOKSzL4JaIRzSeOmWx,Cama Embrasa,49,76,19,Felipe Amorim
74,spotify:track:2exu569k07hUulN9CoPnMH,Campo De Morango,39,57,6,Luísa Sonza
75,spotify:track:1KEhkxdCRb1k8UDHqACgNY,Desandei - Ao Vivo,27,83,21,Lauana Prado
76,spotify:track:4ASA1PZyWGbuc4d9N8OAcF,Eu Gosto Assim - Ao Vivo,1,68,54,Gustavo Mioto
77,spotify:track:3S8M3mZGIc10IdtmNTsrjQ,Eu Não Previ - Ao Vivo em Goiânia,67,69,4,Traia Véia
78,spotify:track:3ktTWpYdXrYApH54cBo4Ap,Conexões de Máfia (feat. Rich The Kid),10,73,22,Matuê
79,spotify:track:3khLpwuyIjEOw8vfJ1oUIT,Papin,20,77,22,MC Kevin o Chris
80,spotify:track:4bxAq0zgWQKMaQJ7HLJJxk,Ombrim (ai que delicia o verão) (feat. Mts No Beat),80,—,1,Marina Sena
81,spotify:track:22sAwsBH0NoNJXnrBenQuO,Sem Aliança no Dedo,6,92,33,MC Xenon
82,spotify:track:0SCMVUZ21uYYB8cc0ScfbV,Bombonzinho - Ao Vivo,1,70,47,Israel & Rodolffo
83,spotify:track:2M4kQD87lKnAS9vFlb4Bez,Pactos - Ao Vivo,5,88,50,Matheus & Kauan
84,spotify:track:5vdQUAFncALEH9EQvyAqIX,Forte Forte de Lacoste - Pra Começar o Final de Semana,45,89,14,DJ Jeeh FDC
85,spotify:track:156LKAN2oh16qflL5oz4tO,Os Bico Tão Se Perguntando (Let’s Go 3),20,80,24,MC PH
86,spotify:track:74Le949TrZk4zwDjtWzH23,Cavalo de Pau,35,87,41,Bruno & Denner
87,spotify:track:12YCtLHGk6tP6RbHDHflCs,Cartão Black,5,75,20,MC Caverinha
88,spotify:track:3l5VjEAeUTqrlD50iEo8Yn,Licor 43,82,94,2,KayBlack
89,spotify:track:2Vl7x4BkNhhJkEmQQMcV0V,Toma Tapa,25,96,3,Mc Jacaré
90,spotify:track:5Ubx4DpvVodvsGH9ilxPVi,Haja Colírio (feat. Hugo & Guilherme) - Ao Vivo,1,79,66,Guilherme & Benuto
91,spotify:track:1V4l4h7kYaKyXJk74g6ilu,Guardanapo Borrado - Ao Vivo,89,98,4,Israel & Rodolffo
92,spotify:track:5TtTijiNYtFc6ktQARjY30,Preferida,29,85,26,KayBlack
93,spotify:track:1L7hWEc3tVjvmbw48ShktM,Desejo Imortal (It Must Have Been Love) - Ao Vivo,14,86,24,Gusttavo Lima
94,spotify:track:5g7sDjBhZ4I3gcFIpkrLuI,Locked out of Heaven,81,81,3,Bruno Mars
95,spotify:track:745VUhm32odbxJI2q1rUMv,Ela Voltou de Perna Bamba,21,84,19,MC Guh SR
96,spotify:track:5asabafNzfAzjUecDvuNES,Aquela Pessoa - Ao Vivo,90,90,2,Henrique & Juliano
97,spotify:track:27ECP9NCzTAoTpxXNePZuS,01 Não É 02,88,—,1,Mc Paiva ZS
98,spotify:track:0zxWyvrKyz031tFfBnkYLr,Como É Que A Gente Fica - Ao Vivo,92,—,1,Henrique & Juliano
99,spotify:track:64JdLJ0dFwI5lptGXHQxZs,Sarradinha,99,—,1,Mari Fernandez
100,spotify:track:7Iq55toOSSBCEoGuXxQSa1,Vem Quebrando,100,—,1,Mc Danone
