rank,uri,track_name,peak,prev,streak,artist_names
1,spotify:track:3sd2p4kE7xQmFH3lPnFl6h,sentaDONA (Remix) s2,1,2,5,Davi Kneip
2,spotify:track:5zNxUkUW9WiV5oyg6gh2wB,DANÇARINA,1,1,10,PEDRO SAMPAIO
3,spotify:track:6Zw25LRLP0j0MsezDFIUM4,Mal Feito - Ao Vivo,2,3,14,Hugo & Guilherme
4,spotify:track:53RxHysDJ0cjugMcPymwja,ABALO EMOCIONAL - Ao Vivo,4,4,11,Luan Santana
5,spotify:track:3ITkrUvAA6gzxer2UIom3P,Molhando o Volante,5,7,19,Jorge & Mateus
6,spotify:track:6bTdZ7xfKp3NqqADJ8HLyj,Vampiro,5,5,3,Matuê
7,spotify:track:1K8AtBJXcdq5mywMnZuARP,Termina Comigo Antes,7,14,3,Gusttavo Lima
8,spotify:track:7gVzhRCrLRUBEGdS7zNTp0,Malvada,3,8,12,Zé Felipe
9,spotify:track:0NBgyml7T0IvUNbXIkcSpH,Malvadão 3,1,6,18,Xamã
10,spotify:track:2wSCalnGOnXdAJC0Fn8OUY,Vai Lá Em Casa Hoje,1,12,26,George Henrique & Rodrigo
11,spotify:track:6Lk3kU7JcQ5dZ7jbmhJzQN,Melhor Ser uma Saudade,11,11,12,Zé Neto & Cristiano
12,spotify:track:4SIBZgMomGFnrIWjmq7Np8,Desenrola Bate Joga de Ladin (feat. DJ Biel do Furduncinho),12,61,2,L7NNON
13,spotify:track:6nkoWsFZeFt5dUdNmlIceh,Bloqueado - Ao Vivo,3,10,21,Gusttavo Lima
14,spotify:track:4QWumyD2uwiePBBha9XBHI,No Ouvidinho,14,17,3,Felipe Amorim
15,spotify:track:3IMLoeLerS7TMpKjxUgAhx,Arranhão - Ao Vivo,1,15,27,Henrique & Juliano
16,spotify:track:3FkeNbs9Zeiqkr3WkbOiGp,Envolver,1,9,7,Anitta
17,spotify:track:4qsOrxBv09HhNSpsgMRXdC,Esqueça-Me Se For Capaz,1,16,27,Marília Mendonça
18,spotify:track:14JKzKrJbPDflw8XyATMey,A Maior Saudade - Ao Vivo,7,18,27,Henrique & Juliano
19,spotify:track:7afaZ37wJJL6880z1NRgJS,Fim de Semana no Rio,13,13,3,Teto
20,spotify:track:0tM4J8aID6qYZOE3e14sCj,Acordo - Ao Vivo,17,20,26,Henrique & Juliano
21,spotify:track:2qmG7dokbGpDGD0T5wORWt,Balanço da Rede,21,29,3,Matheus Fernandes
22,spotify:track:3QGxgNaqaFSpORp2OVLXHR,212,5,19,14,Chefin
23,spotify:track:0sjhY8nPIm6cPOQfyUPmJe,ERRO PLANEJADO - Ao Vivo,23,—,1,Luan Santana
24,spotify:track:4EVzu5mYyigjyLrryKbZs7,VERMELHO,10,22,10,Gloria Groove
25,spotify:track:5Z4TYur0O9OxmxIo6GC2Gq,"Oi, Como Ce Tá?",14,21,8,Vulgo FK
26,spotify:track:42nZBOwXNdO24Ml032bLBS,Gatilho - Ao Vivo,26,28,5,Matheus & Kauan
27,spotify:track:0qYW2jULeN9giEty0ee9Fy,Botadinha Saliente,9,23,10,MC Rogerinho
28,spotify:track:5lCAtKxkZL6tFDyGX9t87j,Eu Já Tava Bem - Ao Vivo,22,25,20,Wesley Safadão
29,spotify:track:2ebFBmle5uXcdbrCAOvPcZ,Vagabundo Chora - Ao Vivo,29,44,10,Guilherme & Benuto
30,spotify:track:3YvE7uo4ffseBoJPh8IhHp,Presepada,4,26,24,Marília Mendonça
31,spotify:track:4LRPiXqCikLlN15c3yImP7,As It Was,31,32,3,Harry Styles
32,spotify:track:3xt7v3bMNnQ8ie8RjhmkX2,Imagina A Sentada - Ao Vivo,15,27,16,Matheus & Kauan
33,spotify:track:0yL7K9MzC20uBesZTPY81r,Pandora,6,24,20,DJ Matt D
34,spotify:track:4NJKCE1TBC653P3dCnto0u,Simplesmente Ela,31,31,4,Mc Gabzin
35,spotify:track:4grGI2vFnknrfmHT1JOVFU,Tesão Da Madrugada - Ao Vivo,35,38,10,George Henrique & Rodrigo
36,spotify:track:4dwBkgq4a4gEissxTY0YDT,Cê Tá Preparada - Ao Vivo,14,33,27,Tayrone
37,spotify:track:72g37RoelSnovZakG5MwnF,Parada Louca,11,37,22,Mari Fernandez
38,spotify:track:5VTjBl3ddZEiG2LrH4VzyR,Toma Toma Vapo Vapo,5,34,23,Zé Felipe
39,spotify:track:0roEMqT0P7Z82rJTwcID3Z,Felicidade Dela - Ao Vivo,39,55,4,Hugo & Guilherme
40,spotify:track:3qmdfYpfvKRIXmWaLllHZ3,Black Lança (Catucando Gostosinho),15,30,13,MC Teteu
41,spotify:track:1M5OUvKG03C0QtzvxRS4Zk,Depende,10,39,13,Dj Guuga
42,spotify:track:28m65cMH7QXHzFnZSTtNHY,Não Sei o Que Lá,23,40,24,Marília Mendonça
43,spotify:track:0sPtV4stCHkFJB6GpoaZ1f,CAFÉ DA MANHÃ ;P,21,36,10,Luísa Sonza
44,spotify:track:3gK5ckT0cq3t5enyqzzRgV,GALOPA,5,41,27,PEDRO SAMPAIO
45,spotify:track:2xebCnKCjYWBhJ4Ai8hO5E,Set dos Casados,16,35,27,Mc Davi
46,spotify:track:053zWWZDziDJd3U94x8RuP,Todo Mundo Menos Você,2,42,27,Marília Mendonça
47,spotify:track:4fSHADbZbhpZCT9oJpxwbP,Ameaça,9,43,25,Paulo Pires
48,spotify:track:6ve9hbVnSgJ0vrsRpj18OH,Não Me Arranha - Ao Vivo,20,45,27,Gusttavo Lima
49,spotify:track:2IJPcsIjReWb0v4EdNuwLu,Assume a Gente - Ao Vivo,49,54,4,João Bosco e Gabriel
50,spotify:track:3XF598RmEUF3XW4XKo1lyP,Meu Número - Ao Vivo,50,—,1,Hugo & Guilherme
51,spotify:track:7HjZD0NPC1hzFpjUjo45GR,Me Sinto Abençoado,44,48,19,Mc Poze do Rodo
52,spotify:track:4can6ssapSsRCEbZZfYL8K,Poesia Acústica 12 - Pra Sempre,37,47,8,Pineapple StormTv
53,spotify:track:7pvrsbBKUQI2QmA74WCJa5,Ela e Ela,4,56,27,Zé Neto & Cristiano
54,spotify:track:6qdJZIjxrPaJjaGqlXFLSs,Nota de Repúdio - Ao Vivo,4,59,27,Gusttavo Lima
55,spotify:track:3SWjpNMVUi5UXz096NbfPr,Gata (feat. Chencho Corleone),55,—,1,Anitta
56,spotify:track:6EDj1nbl9wo6ivGI1t59G4,Idiota,29,46,14,Jão
57,spotify:track:2gkKA2pRAsMzbiGPo9gxsc,Água Nos Zói - Ao Vivo,28,60,26,Clayton & Romário
58,spotify:track:2ixi9HWJw5lnLDmRMsiCS5,Você Beberia Ou Não Beberia?,8,63,27,Zé Neto & Cristiano
59,spotify:track:4HpRywZJgzkXXYLKJ0mLiY,Minha Cópia Atual - Ao Vivo,59,65,3,Henrique & Juliano
60,spotify:track:5yRgMxdDhdYlbUQNCOlW3o,Não Vou Te Bloquear - Ao vivo,26,50,13,Mc Don Juan
61,spotify:track:1TyxXIXVVpHwhKaF73z8nw,Rasteira - Ao Vivo,36,67,27,Henrique & Juliano
62,spotify:track:5jYEiTNR3FQXFouTX7Ju0N,Socadona,19,57,11,LUDMILLA
63,spotify:track:2VATVdFqb7QqxfAcQPvNpc,Ex Alcoolizado - Ao Vivo,63,68,3,Israel & Rodolffo
64,spotify:track:2AQJRDfQJbfgmTf5e62Czl,Sem Dó,41,62,16,Matuê
65,spotify:track:4AOOcHnZdU6qyUVtKZUEuF,Amava Nada - Ao Vivo,50,58,11,Lucas Lucco
66,spotify:track:0EMAzKGOFxJgG9vHsm7ciF,Eu Vou Machucar Só um Pouquinho X Catucando Gostosinho,58,64,7,JC NO BEAT
67,spotify:track:5Z9KJZvQzH6PFmb8SNkxuk,INDUSTRY BABY (feat. Jack Harlow),27,52,27,Lil Nas X
68,spotify:track:7ARoqP7G8UYW8SyYPyPp7k,NO CHÃO NOVINHA,16,51,19,Anitta
69,spotify:track:4lsDFVKOVwPeAVw1hPOn7G,Vontade De Morder,21,49,13,Simone & Simaria
70,spotify:track:452LVnTBjXYW3guqe3xiqI,Vamo Tomar Uma,26,78,27,Zé Neto & Cristiano
71,spotify:track:5PjdY0CKGZdEuoNab3yDmX,STAY (with Justin Bieber),45,66,27,The Kid LAROI
72,spotify:track:0eumeycOAI8ew5qRzFJbEr,Mágico do Som,71,71,2,MC WM
73,spotify:track:4a0sqvCBo7aRIS4GzBQpnp,Kikando e Me Olhando,73,—,1,MC Braz
74,spotify:track:6JIC3hbC28JZKZ8AlAqX8h,Cold Heart - PNAU Remix,53,69,23,Elton John
75,spotify:track:4kGdnA7FzSVsXC29LPghej,Revoada No Colchão,5,72,27,Zé Felipe
76,spotify:track:4OjLi2Ji9UhVsHjqzRGCsM,Quebrando Protocolo - Ao Vivo,46,73,15,Gusttavo Lima
77,spotify:track:36mUWhjTM3GNpncYy7RR6z,Boca Ocupada,77,90,2,Cleber & Cauan
78,spotify:track:5tQj2mfKL21L9mQ643z5zw,Boys Don't Cry,22,53,12,Anitta
79,spotify:track:79Wou8NwYEFzTyDQudjENF,Desbloqueado - Ao Vivo,16,81,27,Diego & Victor Hugo
80,spotify:track:1wdhj1r7aeWVDUl9d18YKu,Expectativa x Realidade,11,80,27,Matheus & Kauan
81,spotify:track:1HhNoOuqm1a5MXYEgAFl8o,Enemy (with JID) - from the series Arcane League of Legends,48,70,22,Imagine Dragons
82,spotify:track:2RGIuYTsyyHoOCqW0krvNE,Coração Cachorro,2,82,27,Avine Vinny
83,spotify:track:0w4eRv2fCerS49SgrStS1V,BAGUNÇA,59,76,5,PEDRO SAMPAIO
84,spotify:track:6WxpU2F5gwTzwYsAalI6nI,Motel Afrodite,13,84,24,Marília Mendonça
85,spotify:track:1bWBG6IkMnDr3qvCKSvQT7,Baby Me Atende - Ao Vivo,14,83,27,Matheus Fernandes
86,spotify:track:7aZusA4cWXz3Wv9e9uhavz,Quer Voar,12,75,27,Matuê
87,spotify:track:6m84TzSTM5nbwZxIxkYHz6,Namorando Com Saudade,26,92,6,Jorge & Mateus
88,spotify:track:5r9CZJMoMmxio2AnJdxuDS,Pot-Pourri: Melhor Eu Ir / Ligando Os Fatos / Sonho de Amor / Deixa Eu Te Querer - Ao Vivo,71,96,2,Grupo Menos É Mais
89,spotify:track:2IsusePMD32LQKNU7vZiAH,É Só Blusão da Ecko e Boné da Lacoste Vs Putaria (feat. Mc Denny),45,74,9,Dj Tk
90,spotify:track:1d7AtPeraWVsvI4U1YTHt1,Vestido Coladinho,32,—,1,Max e Luan
91,spotify:track:0j8nXyOr5UXWHqy0BBnZ6L,Dá Intimidade Pra Ver - Ao Vivo,61,100,2,Israel & Rodolffo
92,spotify:track:5rz7ZQkMpQHGDXC62P2Axw,ESSE É LADRÃO,50,79,13,DJ BRUNIN DA NT
93,spotify:track:0bvLxd9bUAYGKkpMYdR60F,Mal Caminho,89,89,2,DJ JOAO DA INESTAN
94,spotify:track:4AAIAVjSyiq1N7SXKkwXZe,Troca de Calçada,12,—,1,Marília Mendonça
95,spotify:track:1EOvzIhBFxiFvjubeCHn3T,Estelionato Afetivo - Ao Vivo,59,91,12,Douglas & Vinicius
96,spotify:track:0OJ8KWhqLMHkfI59yh398v,Sei Que Tu Gosta Muito,96,97,2,L7NNON
97,spotify:track:2kJRlOyrxsy7Ot3c5TZ8Q6,Meu Pedaço de Pecado,10,—,1,João Gomes
98,spotify:track:17QN5kFprJqHdHLMj7hz4s,Ficha Limpa - Ao Vivo,11,99,27,Gusttavo Lima
99,spotify:track:6HV630GY0GT3RN2efFRmbP,Troca,45,—,1,Jorge & Mateus
100,spotify:track:0VF2XFdgeID7448iU2Vyg9,Novinha Malada do Insta,34,77,13,MC Josh
