rank,uri,track_name,peak,prev,streak,artist_names
1,spotify:track:3sd2p4kE7xQmFH3lPnFl6h,sentaDONA (Remix) s2,1,1,6,Davi Kneip
2,spotify:track:6Zw25LRLP0j0MsezDFIUM4,Mal Feito - Ao Vivo,2,3,15,Hugo & Guilherme
3,spotify:track:5zNxUkUW9WiV5oyg6gh2wB,DANÇARINA,1,2,11,PEDRO SAMPAIO
4,spotify:track:1K8AtBJXcdq5mywMnZuARP,Termina Comigo Antes,4,7,4,Gusttavo Lima
5,spotify:track:53RxHysDJ0cjugMcPymwja,ABALO EMOCIONAL - Ao Vivo,4,4,12,Luan Santana
6,spotify:track:4QWumyD2uwiePBBha9XBHI,No Ouvidinho,6,14,4,Felipe Amorim
7,spotify:track:4SIBZgMomGFnrIWjmq7Np8,Desenrola Bate Joga de Ladin (feat. DJ Biel do Furduncinho),7,12,3,L7NNON
8,spotify:track:6bTdZ7xfKp3NqqADJ8HLyj,Vampiro,5,6,4,Matuê
9,spotify:track:3ITkrUvAA6gzxer2UIom3P,Molhando o Volante,5,5,20,Jorge & Mateus
10,spotify:track:0sjhY8nPIm6cPOQfyUPmJe,ERRO PLANEJADO - Ao Vivo,10,23,2,Luan Santana
11,spotify:track:6Lk3kU7JcQ5dZ7jbmhJzQN,Melhor Ser uma Saudade,11,11,13,Zé Neto & Cristiano
12,spotify:track:7gVzhRCrLRUBEGdS7zNTp0,Malvada,3,8,13,Zé Felipe
13,spotify:track:2wSCalnGOnXdAJC0Fn8OUY,Vai Lá Em Casa Hoje,1,10,27,George Henrique & Rodrigo
14,spotify:track:0NBgyml7T0IvUNbXIkcSpH,Malvadão 3,1,9,19,Xamã
15,spotify:track:2qmG7dokbGpDGD0T5wORWt,Balanço da Rede,15,21,4,Matheus Fernandes
16,spotify:track:3FkeNbs9Zeiqkr3WkbOiGp,Envolver,1,16,8,Anitta
17,spotify:track:7afaZ37wJJL6880z1NRgJS,Fim de Semana no Rio,13,19,4,Teto
18,spotify:track:14JKzKrJbPDflw8XyATMey,A Maior Saudade - Ao Vivo,7,18,28,Henrique & Juliano
19,spotify:track:3IMLoeLerS7TMpKjxUgAhx,Arranhão - Ao Vivo,1,15,28,Henrique & Juliano
20,spotify:track:6nkoWsFZeFt5dUdNmlIceh,Bloqueado - Ao Vivo,3,13,22,Gusttavo Lima
21,spotify:track:4qsOrxBv09HhNSpsgMRXdC,Esqueça-Me Se For Capaz,1,17,28,Marília Mendonça
22,spotify:track:0qYW2jULeN9giEty0ee9Fy,Botadinha Saliente,9,27,11,MC Rogerinho
23,spotify:track:0tM4J8aID6qYZOE3e14sCj,Acordo - Ao Vivo,17,20,27,Henrique & Juliano
24,spotify:track:3QGxgNaqaFSpORp2OVLXHR,212,5,22,15,Chefin
25,spotify:track:4NJKCE1TBC653P3dCnto0u,Simplesmente Ela,25,34,5,Mc Gabzin
26,spotify:track:2ebFBmle5uXcdbrCAOvPcZ,Vagabundo Chora - Ao Vivo,26,29,11,Guilherme & Benuto
27,spotify:track:4LRPiXqCikLlN15c3yImP7,As It Was,27,31,4,Harry Styles
28,spotify:track:4EVzu5mYyigjyLrryKbZs7,VERMELHO,10,24,11,Gloria Groove
29,spotify:track:42nZBOwXNdO24Ml032bLBS,Gatilho - Ao Vivo,26,26,6,Matheus & Kauan
30,spotify:track:5lCAtKxkZL6tFDyGX9t87j,Eu Já Tava Bem - Ao Vivo,22,28,21,Wesley Safadão
31,spotify:track:5Z4TYur0O9OxmxIo6GC2Gq,"Oi, Como Ce Tá?",14,25,9,Vulgo FK
32,spotify:track:3XF598RmEUF3XW4XKo1lyP,Meu Número - Ao Vivo,32,50,2,Hugo & Guilherme
33,spotify:track:3YvE7uo4ffseBoJPh8IhHp,Presepada,4,30,25,Marília Mendonça
34,spotify:track:4grGI2vFnknrfmHT1JOVFU,Tesão Da Madrugada - Ao Vivo,34,35,11,George Henrique & Rodrigo
35,spotify:track:0yL7K9MzC20uBesZTPY81r,Pandora,6,33,21,DJ Matt D
36,spotify:track:3xt7v3bMNnQ8ie8RjhmkX2,Imagina A Sentada - Ao Vivo,15,32,17,Matheus & Kauan
37,spotify:track:4dwBkgq4a4gEissxTY0YDT,Cê Tá Preparada - Ao Vivo,14,36,28,Tayrone
38,spotify:track:0roEMqT0P7Z82rJTwcID3Z,Felicidade Dela - Ao Vivo,38,39,5,Hugo & Guilherme
39,spotify:track:5VTjBl3ddZEiG2LrH4VzyR,Toma Toma Vapo Vapo,5,38,24,Zé Felipe
40,spotify:track:72g37RoelSnovZakG5MwnF,Parada Louca,11,37,23,Mari Fernandez
41,spotify:track:0sPtV4stCHkFJB6GpoaZ1f,CAFÉ DA MANHÃ ;P,21,43,11,Luísa Sonza
42,spotify:track:3qmdfYpfvKRIXmWaLllHZ3,Black Lança (Catucando Gostosinho),15,40,14,MC Teteu
43,spotify:track:1M5OUvKG03C0QtzvxRS4Zk,Depende,10,41,14,Dj Guuga
44,spotify:track:28m65cMH7QXHzFnZSTtNHY,Não Sei o Que Lá,23,42,25,Marília Mendonça
45,spotify:track:2xebCnKCjYWBhJ4Ai8hO5E,Set dos Casados,16,45,28,Mc Davi
46,spotify:track:3gK5ckT0cq3t5enyqzzRgV,GALOPA,5,44,28,PEDRO SAMPAIO
47,spotify:track:4fSHADbZbhpZCT9oJpxwbP,Ameaça,9,47,26,Paulo Pires
48,spotify:track:7HjZD0NPC1hzFpjUjo45GR,Me Sinto Abençoado,44,51,20,Mc Poze do Rodo
49,spotify:track:4can6ssapSsRCEbZZfYL8K,Poesia Acústica 12 - Pra Sempre,37,52,9,Pineapple StormTv
50,spotify:track:6pojmlhRI1fBUNg0pZSA9M,EU BEM QUE TE AVISEI - TU EMPINOU ELE PEI,50,—,1,Mc Delux
51,spotify:track:2IJPcsIjReWb0v4EdNuwLu,Assume a Gente - Ao Vivo,49,49,5,João Bosco e Gabriel
52,spotify:track:4a0sqvCBo7aRIS4GzBQpnp,Kikando e Me Olhando,52,73,2,MC Braz
53,spotify:track:7pvrsbBKUQI2QmA74WCJa5,Ela e Ela,4,53,28,Zé Neto & Cristiano
54,spotify:track:6qdJZIjxrPaJjaGqlXFLSs,Nota de Repúdio - Ao Vivo,4,54,28,Gusttavo Lima
55,spotify:track:053zWWZDziDJd3U94x8RuP,Todo Mundo Menos Você,2,46,28,Marília Mendonça
56,spotify:track:5yRgMxdDhdYlbUQNCOlW3o,Não Vou Te Bloquear - Ao vivo,26,60,14,Mc Don Juan
57,spotify:track:4HpRywZJgzkXXYLKJ0mLiY,Minha Cópia Atual - Ao Vivo,57,59,4,Henrique & Juliano
58,spotify:track:2AQJRDfQJbfgmTf5e62Czl,Sem Dó,41,64,17,Matuê
59,spotify:track:2gkKA2pRAsMzbiGPo9gxsc,Água Nos Zói - Ao Vivo,28,57,27,Clayton & Romário
60,spotify:track:5jYEiTNR3FQXFouTX7Ju0N,Socadona,19,62,12,LUDMILLA
61,spotify:track:5Z9KJZvQzH6PFmb8SNkxuk,INDUSTRY BABY (feat. Jack Harlow),27,67,28,Lil Nas X
62,spotify:track:2ixi9HWJw5lnLDmRMsiCS5,Você Beberia Ou Não Beberia?,8,58,28,Zé Neto & Cristiano
63,spotify:track:6ve9hbVnSgJ0vrsRpj18OH,Não Me Arranha - Ao Vivo,20,48,28,Gusttavo Lima
64,spotify:track:5PjdY0CKGZdEuoNab3yDmX,STAY (with Justin Bieber),45,71,28,The Kid LAROI
65,spotify:track:6EDj1nbl9wo6ivGI1t59G4,Idiota,29,56,15,Jão
66,spotify:track:0eumeycOAI8ew5qRzFJbEr,Mágico do Som,66,72,3,MC WM
67,spotify:track:6JIC3hbC28JZKZ8AlAqX8h,Cold Heart - PNAU Remix,53,74,24,Elton John
68,spotify:track:1TyxXIXVVpHwhKaF73z8nw,Rasteira - Ao Vivo,36,61,28,Henrique & Juliano
69,spotify:track:0EMAzKGOFxJgG9vHsm7ciF,Eu Vou Machucar Só um Pouquinho X Catucando Gostosinho,58,66,8,JC NO BEAT
70,spotify:track:2VATVdFqb7QqxfAcQPvNpc,Ex Alcoolizado - Ao Vivo,63,63,4,Israel & Rodolffo
71,spotify:track:4AOOcHnZdU6qyUVtKZUEuF,Amava Nada - Ao Vivo,50,65,12,Lucas Lucco
72,spotify:track:1HhNoOuqm1a5MXYEgAFl8o,Enemy (with JID) - from the series Arcane League of Legends,48,81,23,Imagine Dragons
73,spotify:track:3SWjpNMVUi5UXz096NbfPr,Gata (feat. Chencho Corleone),55,55,2,Anitta
74,spotify:track:7ARoqP7G8UYW8SyYPyPp7k,NO CHÃO NOVINHA,16,68,20,Anitta
75,spotify:track:4kGdnA7FzSVsXC29LPghej,Revoada No Colchão,5,75,28,Zé Felipe
76,spotify:track:0bvLxd9bUAYGKkpMYdR60F,Mal Caminho,76,93,3,DJ JOAO DA INESTAN
77,spotify:track:7aZusA4cWXz3Wv9e9uhavz,Quer Voar,12,86,28,Matuê
78,spotify:track:0OJ8KWhqLMHkfI59yh398v,Sei Que Tu Gosta Muito,78,96,3,L7NNON
79,spotify:track:36mUWhjTM3GNpncYy7RR6z,Boca Ocupada,77,77,3,Cleber & Cauan
80,spotify:track:452LVnTBjXYW3guqe3xiqI,Vamo Tomar Uma,26,70,28,Zé Neto & Cristiano
81,spotify:track:4OjLi2Ji9UhVsHjqzRGCsM,Quebrando Protocolo - Ao Vivo,46,76,16,Gusttavo Lima
82,spotify:track:5rz7ZQkMpQHGDXC62P2Axw,ESSE É LADRÃO,50,92,14,DJ BRUNIN DA NT
83,spotify:track:0w4eRv2fCerS49SgrStS1V,BAGUNÇA,59,83,6,PEDRO SAMPAIO
84,spotify:track:1wdhj1r7aeWVDUl9d18YKu,Expectativa x Realidade,11,80,28,Matheus & Kauan
85,spotify:track:79Wou8NwYEFzTyDQudjENF,Desbloqueado - Ao Vivo,16,79,28,Diego & Victor Hugo
86,spotify:track:6WxpU2F5gwTzwYsAalI6nI,Motel Afrodite,13,84,25,Marília Mendonça
87,spotify:track:1bWBG6IkMnDr3qvCKSvQT7,Baby Me Atende - Ao Vivo,14,85,28,Matheus Fernandes
88,spotify:track:5tQj2mfKL21L9mQ643z5zw,Boys Don't Cry,22,78,13,Anitta
89,spotify:track:2IsusePMD32LQKNU7vZiAH,É Só Blusão da Ecko e Boné da Lacoste Vs Putaria (feat. Mc Denny),45,89,10,Dj Tk
90,spotify:track:2RGIuYTsyyHoOCqW0krvNE,Coração Cachorro,2,82,28,Avine Vinny
91,spotify:track:4lsDFVKOVwPeAVw1hPOn7G,Vontade De Morder,21,69,14,Simone & Simaria
92,spotify:track:1d7AtPeraWVsvI4U1YTHt1,Vestido Coladinho,32,90,2,Max e Luan
93,spotify:track:02MWAaffLxlfxAUY7c5dvx,Heat Waves,51,—,1,Glass Animals
94,spotify:track:6W56j9ijl9n2l76Hs4hgGn,Larga AÍ Pra Ver - Ao Vivo,94,—,1,Léo & Raphael
95,spotify:track:5r9CZJMoMmxio2AnJdxuDS,Pot-Pourri: Melhor Eu Ir / Ligando Os Fatos / Sonho de Amor / Deixa Eu Te Querer - Ao Vivo,71,88,3,Grupo Menos É Mais
96,spotify:track:0VF2XFdgeID7448iU2Vyg9,Novinha Malada do Insta,34,100,14,MC Josh
97,spotify:track:68qqVn5kHBv4zc45SDGLnh,Corte Americano,97,—,1,Filipe Ret
98,spotify:track:4fouWK6XVHhzl78KzQ1UjL,abcdefu,55,—,1,GAYLE
99,spotify:track:6UelLqGlWMcVH1E5c4H7lY,Watermelon Sugar,99,—,1,Harry Styles
100,spotify:track:1gKXrwKn5ub6wyefqMsnZp,Joga na Cara,99,—,1,MC Braz
