rank,uri,track_name,peak,prev,streak,artist_names
1,spotify:track:4uqJelb9THHmJ3OCohg4ZJ,Nosso Quadro,1,1,11,AgroPlay
2,spotify:track:3mzbab4H0iZYkHggSEj0UX,Oi Balde - Ao Vivo,2,2,10,Zé Neto & Cristiano
3,spotify:track:2K9kZpwD2CzTa6iiSYYOoO,Leão,1,3,13,Marília Mendonça
4,spotify:track:51pxwIxDVCbFHW8oyJFQXD,Erro Gostoso - Ao Vivo,4,9,12,Simone Mendes
5,spotify:track:3PH1nUysW7ybo3Yu8sqlPN,Seu Brilho Sumiu - Ao Vivo,5,8,8,Israel & Rodolffo
6,spotify:track:0JIYoXtJfORxI6gRpHv6ZW,Traumatizei - Ao Vivo Em Brasília,5,5,12,Henrique & Juliano
7,spotify:track:0SCMVUZ21uYYB8cc0ScfbV,Bombonzinho - Ao Vivo,2,4,13,Israel & Rodolffo
8,spotify:track:4sqpSDnTrbS8v7RMNCUyqS,Não Vitalício (Nunca Mais) - Ao Vivo,6,7,12,Matheus & Kauan
9,spotify:track:0redQHBfejmPUhonR5ppGC,Duas Três,6,6,11,Guilherme & Benuto
10,spotify:track:156LKAN2oh16qflL5oz4tO,Os Bico Tão Se Perguntando (Let’s Go 3),10,29,2,MC PH
11,spotify:track:5v8EhStRWlvoY2qbcZR5R2,Mágica - Ao Vivo,11,12,4,Hugo & Guilherme
12,spotify:track:2LTlykcdu0gwb7zcKneo2a,Melhor Só,10,10,4,KayBlack
13,spotify:track:22sAwsBH0NoNJXnrBenQuO,Sem Aliança no Dedo,4,11,11,MC Xenon
14,spotify:track:0ZAL7RbP2FsM3rObV60o7T,Namorando Ou Não - Ao Vivo,13,13,7,Clayton & Romário
15,spotify:track:3o4wcB1Y6xC62eF02n9RSZ,ELA PIROU NA DODGE RAM,15,15,6,Luan Pereira
16,spotify:track:4ASA1PZyWGbuc4d9N8OAcF,Eu Gosto Assim - Ao Vivo,3,14,13,Gustavo Mioto
17,spotify:track:51FFbyL0PjkYtjXJQP0JoP,Saudade da Minha Vida - Ao Vivo,10,16,13,Gusttavo Lima
18,spotify:track:1nf1HJdTWXwf9XHQebGlOd,Quando Apaga A Luz - Ao Vivo,14,18,13,Gustavo Mioto
19,spotify:track:5TtTijiNYtFc6ktQARjY30,Preferida,19,24,4,KayBlack
20,spotify:track:5aqwwgL4XOv2YJYwLiqKOZ,A Culpa É Nossa - Ao Vivo,8,19,13,Maiara & Maraisa
21,spotify:track:7CUQQLRMIeSfa4m2uQcRHp,Rancorosa - Ao Vivo Em Brasília,16,20,5,Henrique & Juliano
22,spotify:track:7CJJ7JC3kj9XdweWTvfVhX,Vacilão,4,17,6,Zé Felipe
23,spotify:track:2M4kQD87lKnAS9vFlb4Bez,Pactos - Ao Vivo,7,25,13,Matheus & Kauan
24,spotify:track:7sopDXkuzXtHt8AQpdBxmT,DONA DE MIM,11,22,13,Ana Castela
25,spotify:track:7nFvKgVumc9FcU97zGjjei,Coração de Gelo,6,21,13,WIU
26,spotify:track:6cZqw8wIrMsFxCNMzLRbNU,Metade De Mim - Ao Vivo,18,26,8,Hugo & Guilherme
27,spotify:track:18yZLabAj1liqEUcgxDgeJ,Perdoou Nada - Ao Vivo,15,27,13,Israel & Rodolffo
28,spotify:track:5WsM6qhZzRSD3oKbtorxzD,Aquecimento Senta Senta Suave,11,23,6,MC Kevin o Chris
29,spotify:track:0KXdSF0Poa57KOepZ3hKrh,Palhaça - Ao Vivo,17,28,13,Naiara Azevedo
30,spotify:track:5AdPP30mjJCtBMyYKZUEU7,Assunto Delicado - Ao Vivo,18,34,13,Guilherme & Benuto
31,spotify:track:0VhG6qzFZo9JrHu56Wq7gh,* da Anitta,31,95,2,Mc Daniel
32,spotify:track:3C99BfGe301JNp7BqTX5Uu,Média Boa - Ao Vivo,23,32,13,Felipe e Rodrigo
33,spotify:track:5pBU3Yihoa4hiwQ2T5fGhH,Esse B.O é Meu - Ao Vivo,17,38,13,Guilherme & Benuto
34,spotify:track:2BlFIe0712LBUtTHxbqjme,Love Gostosinho - Ao Vivo,28,35,11,NATTAN
35,spotify:track:6hu4HvpNzrW2RIEEAZC3vD,Segredo,31,31,4,KayBlack
36,spotify:track:3gCWngngUs1uojw33vrE8K,5 Regras - Ao Vivo,19,37,13,Jorge & Mateus
37,spotify:track:1L7hWEc3tVjvmbw48ShktM,Desejo Imortal (It Must Have Been Love) - Ao Vivo,37,57,2,Gusttavo Lima
38,spotify:track:4f0aDk7HX37SfzerfznYlr,Lapada Dela - Ao Vivo,38,61,7,Grupo Menos É Mais
39,spotify:track:2hkwwmmLC90T8BQ7t3xufq,Roça Em Mim,12,39,13,Zé Felipe
40,spotify:track:7Ht57bh2FwiQLwRH9zqESG,085 - Ao Vivo,33,41,7,MC Rogerinho
42,spotify:track:2orGm2E68ODFYOURjaES62,Felina,24,42,13,WIU
43,spotify:track:5Ubx4DpvVodvsGH9ilxPVi,Haja Colírio (feat. Hugo & Guilherme) - Ao Vivo,6,40,13,Guilherme & Benuto
44,spotify:track:6eNRGL6Nkdg7RhJtmbcl0j,Luz do Luar,7,30,13,Mc Tato
45,spotify:track:1jHgfC8T5KxUyC5Ldw6lk9,Zona De Perigo,1,44,12,Leo Santana
46,spotify:track:5WGTBzRLbjj0Sm3Br8X1rI,Bandido Não Dança,24,46,13,Mc Paiva ZS
47,spotify:track:5y7yYXNSsT89A27DQxbmUL,Covardia,45,45,4,Wesley Safadão
48,spotify:track:5ffDENIdtByAZxHpuuj9li,Vida Chique,47,47,12,Veigh
49,spotify:track:3O2wrDL7nnSDZOrdZqxyoY,Noite Fria,14,36,8,Mc IG
50,spotify:track:0AIA4KsMsyqur8FbTVhGNT,SOLTEIROU - Ao Vivo,28,51,13,Luan Santana
51,spotify:track:2Vl7x4BkNhhJkEmQQMcV0V,Toma Tapa,21,52,13,Mc Jacaré
52,spotify:track:5geU4byUA1hnQofQPOsPDS,Sereia,26,55,13,Orochi
53,spotify:track:1TgVaCf8D5mXZrK1d7uIZe,Bebê Tá Solta,42,48,8,Yuri Redicopa
54,spotify:track:4mD9hjoTckjeL1CrJCx0MT,Puta Mexicana,5,49,13,DJ Jeeh FDC
55,spotify:track:74Le949TrZk4zwDjtWzH23,Cavalo de Pau,38,60,13,Bruno & Denner
56,spotify:track:2slHCHYP7ogpGSsCumJT1a,Fulano - Ao Vivo,56,58,4,Murilo Huff
57,spotify:track:6BsKZXjKIrGWMK1uLWfJYN,Sal e Pimenta,50,50,4,KayBlack
58,spotify:track:0bBwi6ddYeTv5fXgHAdfiH,Evoque Prata,4,56,13,MC MENOR HR
59,spotify:track:1ACALdBWViTpLBC14Ecv8E,Namora Aí,13,53,13,MC Ryan SP
60,spotify:track:1OZ4uv7OAP24Ix6j3vojLt,Casei Com a Putaria,22,54,13,Mc Paiva ZS
61,spotify:track:21XQbePSeOSvfuLRaZbZ7a,Mas Existe um Lugar - speed,43,43,3,Cryzin
62,spotify:track:77BR4gaUAp3p0uA8UL6HT9,Não Para,62,63,7,Belle Kaffer
63,spotify:track:2X5o4nRiocnoaaQ2wMwaeC,Sorrisin De Puto,41,66,13,DJ Cayoo
64,spotify:track:6Zw25LRLP0j0MsezDFIUM4,Mal Feito - Ao Vivo,36,64,13,Hugo & Guilherme
65,spotify:track:4kAMyuJBbmJrbr6TLOWbEk,Beijo de Glicose - Ao Vivo,25,65,13,Diego & Victor Hugo
66,spotify:track:2kBbHpJTc7MWs8F3XhClBD,Altas Loucurinhas (Uni Duni Tê) - Ao Vivo,41,69,11,Matheus Fernandes
67,spotify:track:1M6rclDhYmqRBMFGNJOFKB,Americana Na Vaquejada,67,74,2,Grandão Vaqueiro
68,spotify:track:2tFmuYL5D8zqBHvs0nG5Tn,Bonjour,36,62,11,KayBlack
69,spotify:track:4DHcnVTT87F0zZhRPYmZ3B,Flowers,16,59,13,Miley Cyrus
70,spotify:track:11fqunD6qlOCrRd88kMOk6,Evento Cancelado - Ao Vivo,49,70,13,Henrique & Juliano
71,spotify:track:52kcarcX0FQ6wPulXm2bMJ,Meca Cereja,48,68,13,Vulgo FK
72,spotify:track:5tk0ERnzadzyexVfXA0yed,Mec Life,72,—,1,DJ ESCOBAR
73,spotify:track:1JQ1ylL2JEjC6Ib7IJgOvS,Coração Amoleceu,50,75,12,Mc Don Juan
74,spotify:track:4NNZZXHgn9F3cCgC1YGmLl,Todo Seu - Ao Vivo,35,73,13,Jorge & Mateus
75,spotify:track:04vzhKfl5HtPEgrdZJCZ7L,Bagulho Louco,54,76,13,Mc Paiva ZS
76,spotify:track:7aZnuwpivaj4N7XFhhqBiO,Love Absurdo,53,83,10,Mari Fernandez
77,spotify:track:6Hio4nlyWL2WBL8nYlbuGt,Agudo Mágico 3,9,67,13,MC K.K
78,spotify:track:6kNZdlmjH4BQnSUfHeJIuc,"Let's Go 3 (feat. MC Marks, Mc Don Juan, MC PH, Mc Luki, Mc Paiva ZS, MC GP & Makalo)",67,71,6,Dj GBR
79,spotify:track:6B5Nqt8DAciT2oqevzGbUc,Pilantra,35,81,7,Jão
80,spotify:track:4PQ5AInr4YoBauth9YPduL,Ai Papai,15,82,13,Anitta
81,spotify:track:72vwG7lcOTPgT2YgYpg505,Hackearam-me,56,85,5,Marília Mendonça
82,spotify:track:7AwVSKaQxpidrtYBerkHKk,Pipoco,40,84,13,Ana Castela
83,spotify:track:2HMbGPbGiqGaHXzFkQAmZI,Basiquinho - Ao Vivo,34,78,13,Matheus & Kauan
84,spotify:track:5yscNPMHmhqHQX9B9GFzMp,Te Esqueci Sem Querer - Ao Vivo Em Brasília,84,—,1,Henrique & Juliano
85,spotify:track:1Pr9qCSmklPyiF6ACiNIYi,Fazendinha Sessions #3: Som do Interior,85,—,1,Fazendinha Sessions
86,spotify:track:4Dvkj6JhhA12EX05fT7y2e,As It Was,50,80,13,Harry Styles
87,spotify:track:6EOLDQz2rjwpZ2M5rApgH4,Superficial,77,77,2,KayBlack
88,spotify:track:5u0iZ81Yf2L90FQLYQUiiG,Famoso Machuca Xota,79,79,3,Mc Larissa
89,spotify:track:3XF598RmEUF3XW4XKo1lyP,Meu Número - Ao Vivo,65,91,13,Hugo & Guilherme
90,spotify:track:6ELMBm3lZFitAZp03GBBNG,Me Atraiu - Ao Vivo,86,86,3,Gabriela Rocha
91,spotify:track:4lvi8TEW2rmfaSu8W0u7Rp,Feiticeira,91,—,1,MC Paulin da Capital
92,spotify:track:3omgUq6LcYmKRJ0FGswWkm,Desejos,89,89,3,KayBlack
93,spotify:track:6l1U4fX41XmzZfi67q9i8X,Capricorniana,93,—,1,Mc Lzyn
94,spotify:track:6tW23l5oRR8XyYJsF5si9G,Eu Minto (Ao Vivo),52,87,12,US Agroboy
95,spotify:track:2veIj31M3WytrkLQrbjFkx,Quebra Cabeça - Spotify Singles,73,88,9,Mc Paiva ZS
96,spotify:track:3l5VjEAeUTqrlD50iEo8Yn,Licor 43,85,100,9,KayBlack
97,spotify:track:0BWEkqsmPe3qOzrRVztHU3,Acabei de Terminar - Ao Vivo,63,94,13,Paulo e Nathan
98,spotify:track:3smtwkthoDwPYDtxS3UrIk,Pagodeiro,75,97,10,Mc Davi
99,spotify:track:4qDT0BeJ7BjatrN9k8AvB4,Flow Espacial,19,—,1,Teto
100,spotify:track:6bwx7pcKJY05D9S6CVa1k6,Nem Namorado e Nem Ficante - Ao Vivo | Faixa Bônus,39,93,13,Israel & Rodolffo
