rank,uri,track_name,peak,prev,streak,artist_names
1,spotify:track:1OZ4uv7OAP24Ix6j3vojLt,Casei Com a Putaria,1,3,8,Mc Paiva ZS
2,spotify:track:1ELsaYdj2NlxLvkx9g24xZ,Haja Colírio (feat. Hugo & Guilherme) - Ao Vivo,2,2,10,Guilherme & Benuto
3,spotify:track:7AwVSKaQxpidrtYBerkHKk,Pipoco,1,1,13,Ana Castela
4,spotify:track:4vWh6tEfcLzdvYWp2IlOJS,CORAÇÃO CIGANO - Ao Vivo,4,4,3,Luan Santana
5,spotify:track:6gEOM9IEBzvTdbwNrSkBdC,Fala Mal de Mim - Ao Vivo,5,7,8,Gusttavo Lima
6,spotify:track:5vC8UAOHeG95ehRzZChniB,Ai Preto,2,6,11,L7NNON
7,spotify:track:5PSkF3QpVMlAx8U5Inxj39,Vento Forte,3,5,6,Mc Jacaré
8,spotify:track:6Zw25LRLP0j0MsezDFIUM4,Mal Feito - Ao Vivo,1,12,33,Hugo & Guilherme
9,spotify:track:4NNZZXHgn9F3cCgC1YGmLl,Todo Seu - Ao Vivo,5,8,17,Jorge & Mateus
10,spotify:track:4xxeEWGQNFQ6qehlnev5LS,Te Amo Demais,4,10,6,Marília Mendonça
11,spotify:track:4x5q5T5mhE1xvoCVXY6qrN,Melodia Alucinógena,9,9,5,DJ AK BR
12,spotify:track:42nZBOwXNdO24Ml032bLBS,Gatilho - Ao Vivo,11,11,24,Matheus & Kauan
13,spotify:track:0i4UV3HjjvsUuV3BajEXoD,Baile no Morro,1,13,10,MC Tairon
14,spotify:track:2ykYxd8UGHOsdjP3Z5jSHh,Cheiro de Balada - Ao Vivo,14,24,4,Hugo & Guilherme
15,spotify:track:1K8AtBJXcdq5mywMnZuARP,Termina Comigo Antes,1,14,22,Gusttavo Lima
16,spotify:track:2TdOWHAolNaQx8gyRDVS1N,ERRO PLANEJADO - Ao Vivo,1,15,20,Luan Santana
17,spotify:track:3jPp5Aukksz9Ir0gZy6lZM,Acabei de Terminar - Ao Vivo,17,20,18,Paulo e Nathan
18,spotify:track:2qmG7dokbGpDGD0T5wORWt,Balanço da Rede,2,16,22,Matheus Fernandes
19,spotify:track:0jAAnWNbcHf6X1EXOtvOT7,Incendeia,17,19,7,MC Kevin o Chris
20,spotify:track:6bwx7pcKJY05D9S6CVa1k6,Nem Namorado e Nem Ficante - Ao Vivo | Faixa Bônus,19,21,14,Israel & Rodolffo
21,spotify:track:3XF598RmEUF3XW4XKo1lyP,Meu Número - Ao Vivo,12,22,20,Hugo & Guilherme
22,spotify:track:4cxQWmXmmbFoWvV8qipQTe,Perfeito Pra Ficar Sozinho - Ao Vivo,22,36,4,Murilo Huff
23,spotify:track:5PZAbR6JHYYV9xp5gv0XES,Bandido,1,18,11,Zé Felipe
24,spotify:track:7KWKWJnbGJ3Soag6Oopion,CACHORRINHAS,5,17,7,Luísa Sonza
25,spotify:track:7qD2vjd3btuOgwpQPEY7ci,EU VOU COM CARINHO ELA QUER COM FORÇA,5,23,15,Mc Don Juan
26,spotify:track:3ITkrUvAA6gzxer2UIom3P,Molhando o Volante,5,25,38,Jorge & Mateus
27,spotify:track:2wSCalnGOnXdAJC0Fn8OUY,Vai Lá Em Casa Hoje,1,26,45,George Henrique & Rodrigo
28,spotify:track:7bhvRvE56NHBvedx0EeALS,Comunicação Falhou - Ao Vivo,27,31,14,Mari Fernandez
29,spotify:track:3gCWngngUs1uojw33vrE8K,5 Regras - Ao Vivo,29,33,5,Jorge & Mateus
30,spotify:track:4a0sqvCBo7aRIS4GzBQpnp,Kikando e Me Olhando,11,27,20,MC Braz
31,spotify:track:04vzhKfl5HtPEgrdZJCZ7L,Bagulho Louco,28,28,14,Mc Paiva ZS
32,spotify:track:5A35xC90Nk6tXmcOAOOavi,ABALO EMOCIONAL - Ao Vivo,4,29,30,Luan Santana
33,spotify:track:3sd2p4kE7xQmFH3lPnFl6h,sentaDONA (Remix) s2,1,30,24,Davi Kneip
34,spotify:track:5TPXcKSOlPaz2pkYbWiWHU,Ai Eu Chorei - Ao Vivo,34,34,7,Clayton & Romário
35,spotify:track:3ShKPhFkexrwl7WoyTtNND,Tchuco Nela,9,38,18,MC Rogerinho
36,spotify:track:4Dvkj6JhhA12EX05fT7y2e,As It Was,26,44,22,Harry Styles
37,spotify:track:2ebFBmle5uXcdbrCAOvPcZ,Vagabundo Chora - Ao Vivo,15,42,29,Guilherme & Benuto
38,spotify:track:4QWumyD2uwiePBBha9XBHI,No Ouvidinho,5,43,22,Felipe Amorim
39,spotify:track:2HMbGPbGiqGaHXzFkQAmZI,Basiquinho - Ao Vivo,39,60,4,Matheus & Kauan
40,spotify:track:4NFkcqZ3jU2O9rgEbuluVn,Bafora o Lança - Remix,32,32,3,Mario Mc
41,spotify:track:6Ulh9GPYz6JKdv04qc3q2U,Dengo,10,41,16,João Gomes
42,spotify:track:6bTdZ7xfKp3NqqADJ8HLyj,Vampiro,5,35,22,Matuê
43,spotify:track:0MKd4uZd8Ag8qyReZBTarP,Pino da Granada - Ao Vivo em Rio Preto,34,39,14,Murilo Huff
44,spotify:track:25rz3D4oroFC0GXm3xFXnG,Tem Cabaré Essa Noite,29,37,7,Nivaldo Marques
45,spotify:track:3IMLoeLerS7TMpKjxUgAhx,Arranhão - Ao Vivo,1,49,46,Henrique & Juliano
46,spotify:track:0tM4J8aID6qYZOE3e14sCj,Acordo - Ao Vivo,17,46,45,Henrique & Juliano
47,spotify:track:3yHXEidSu4gYVRqKoI653O,Assunto Delicado - Ao Vivo,47,91,2,Guilherme & Benuto
48,spotify:track:5lCAtKxkZL6tFDyGX9t87j,Eu Já Tava Bem - Ao Vivo,22,45,39,Wesley Safadão
49,spotify:track:11fqunD6qlOCrRd88kMOk6,Evento Cancelado - Ao Vivo,17,48,15,Henrique & Juliano
50,spotify:track:2VbKpQWIMRelKmEy8rSCAf,Set Tatuapé Conceito 2,50,51,8,Mc Kako
51,spotify:track:0yDMhYTryvQoR634wDgQ1j,O Fim é Triste (feat. DJ BOY),44,53,9,MC Hariel
52,spotify:track:3imzmQM2DPPVBLMiBBexRL,202,52,—,1,Kweller
53,spotify:track:6Lk3kU7JcQ5dZ7jbmhJzQN,Melhor Ser uma Saudade,11,47,31,Zé Neto & Cristiano
54,spotify:track:7afaZ37wJJL6880z1NRgJS,Fim de Semana no Rio,13,50,22,Teto
55,spotify:track:5zNxUkUW9WiV5oyg6gh2wB,DANÇARINA,1,52,29,PEDRO SAMPAIO
56,spotify:track:6nkoWsFZeFt5dUdNmlIceh,Bloqueado - Ao Vivo,3,57,40,Gusttavo Lima
57,spotify:track:48LEhRW4gLMCVSYFEZvt8b,Assume a Gente - Ao Vivo,28,56,23,João Bosco e Gabriel
58,spotify:track:4NJKCE1TBC653P3dCnto0u,Simplesmente Ela,23,54,23,Mc Gabzin
59,spotify:track:4qsOrxBv09HhNSpsgMRXdC,Esqueça-Me Se For Capaz,1,58,46,Marília Mendonça
60,spotify:track:0XyPPyGes0omXppV5YE8gy,Gostosinha é Ela,60,94,3,Felipe Amorim
61,spotify:track:0dcHD9QhnWRA41zoLnC83X,X1,55,55,5,MC Cabelinho
62,spotify:track:1t5dhHyXMwdbAcI3EQRqFV,Meio Fio - Ao Vivo,62,63,3,Diego & Victor Hugo
63,spotify:track:14JKzKrJbPDflw8XyATMey,A Maior Saudade - Ao Vivo,7,40,46,Henrique & Juliano
64,spotify:track:1XcmAgREOuJQb91sr68AAD,Sentadinha Diferente,53,59,6,Dyamante DJ
65,spotify:track:4aoZBldNDVYmTwmeoI49ud,O Poder Dessa Garota,60,61,9,Mc Gabzin
66,spotify:track:2LEV3lTRxKqLBfmt5BWkLj,Não Pega Ninguém Ainda (Ao Vivo),17,64,13,Gusttavo Lima
67,spotify:track:75fCsUnTiDelE4HMd06t4O,Gostosinho Tu Cai,22,62,18,Mc Pepeu
68,spotify:track:28m65cMH7QXHzFnZSTtNHY,Não Sei o Que Lá,23,65,43,Marília Mendonça
69,spotify:track:7fzgTaVhUxmEzjtcd9NdWo,Cê Tá Preparada - Ao Vivo,14,67,46,Tayrone
70,spotify:track:3EM71GPnUGJ75uDhkH77pq,Insônia - Ao Vivo,70,—,1,LUDMILLA
71,spotify:track:3YvE7uo4ffseBoJPh8IhHp,Presepada,4,68,43,Marília Mendonça
72,spotify:track:7qq40cRIYNKZCDt1STfBqt,"Bruna, Tu Já Parou Pra Pensar",64,66,8,Niack
73,spotify:track:2s8kT1fuBVjxept8bH68Sw,SET MK 2,61,72,13,MC Hariel
74,spotify:track:3ZtHHGpAPSWC7Gnios4lmK,Metflix,51,71,5,Mc Poze do Rodo
75,spotify:track:7gVzhRCrLRUBEGdS7zNTp0,Malvada,3,73,31,Zé Felipe
76,spotify:track:30rrBGpna63eIJ2BrXlWDC,Minha Cópia Atual - Ao Vivo,50,78,22,Henrique & Juliano
77,spotify:track:2xebCnKCjYWBhJ4Ai8hO5E,Set dos Casados,16,77,46,Mc Davi
78,spotify:track:3xt7v3bMNnQ8ie8RjhmkX2,Imagina A Sentada - Ao Vivo,15,80,35,Matheus & Kauan
79,spotify:track:7HdWqZjUmIHK5B8zwPCRds,Áudio Que Te Entrega - Faixa Bônus,34,70,16,Leo Santana
80,spotify:track:0skYUMpS0AcbpjcGsAbRGj,Pink Venom,74,74,2,BLACKPINK
81,spotify:track:5etfNcFAD9M8uibXpYMxfQ,Tu Tava Na Revoada - Ao Vivo,42,76,10,Wesley Safadão
82,spotify:track:75FEaRjZTKLhTrFGsfMUXR,Running Up That Hill (A Deal With God),33,81,14,Kate Bush
83,spotify:track:0roEMqT0P7Z82rJTwcID3Z,Felicidade Dela - Ao Vivo,38,79,23,Hugo & Guilherme
84,spotify:track:053zWWZDziDJd3U94x8RuP,Todo Mundo Menos Você,2,84,46,Marília Mendonça
85,spotify:track:72g37RoelSnovZakG5MwnF,Parada Louca,11,82,41,Mari Fernandez
86,spotify:track:7pvrsbBKUQI2QmA74WCJa5,Ela e Ela,4,85,46,Zé Neto & Cristiano
87,spotify:track:2zpiccjPSl315SqthyDf9j,Na Movimentação (feat. Faixa Rosa),87,—,1,Mc Livinho
88,spotify:track:20yfr4F5QmZ5V3Cu1Rx4Kp,Elevador - Ao Vivo,88,89,5,Lauana Prado
89,spotify:track:3QxKHcpNt6CWNUYCLLBHeZ,Escolhe o Bandido,75,83,6,MC CH da Z.O
90,spotify:track:1TyxXIXVVpHwhKaF73z8nw,Rasteira - Ao Vivo,36,88,46,Henrique & Juliano
91,spotify:track:130HVxaVe9EYcLJmuOR9Rw,Até A Próxima Vida - Ao Vivo,77,92,10,Henrique & Juliano
92,spotify:track:4grGI2vFnknrfmHT1JOVFU,Tesão Da Madrugada - Ao Vivo,33,87,2,George Henrique & Rodrigo
93,spotify:track:5r9CZJMoMmxio2AnJdxuDS,Pot-Pourri: Melhor Eu Ir / Ligando Os Fatos / Sonho de Amor / Deixa Eu Te Querer - Ao Vivo,71,—,1,Grupo Menos É Mais
94,spotify:track:14uWxelOuAUajP8fDvc0Ct,Falta Você,82,90,7,Thiaguinho
95,spotify:track:7v3BTjWrmUYjaGiVHVVhCK,Na Rebolada,95,95,2,Os Quebradeiras
96,spotify:track:0HIhSuAe5lq7ywxqlAt5Nl,Deixa Ela Em Paz,80,—,1,Bruno & Marrone
97,spotify:track:0yL7K9MzC20uBesZTPY81r,Pandora,6,86,39,DJ Matt D
98,spotify:track:6BF3nZQkAg9qvE0DLVSfyH,Hotel Caro,22,69,12,Baco Exu do Blues
99,spotify:track:2gkKA2pRAsMzbiGPo9gxsc,Água Nos Zói - Ao Vivo,28,96,2,Clayton & Romário
100,spotify:track:0NBgyml7T0IvUNbXIkcSpH,Malvadão 3,1,99,37,Xamã
