rank,uri,track_name,peak,prev,streak,artist_names
1,spotify:track:64CovjRwInpOJW4PiGMprY,Faz um Vuk Vuk (Teto Espelhado),1,1,5,MC Kevin o Chris
2,spotify:track:4Z2i41GDQyu3KRpBavEnyR,Solteiro Forçado - Boiadeira Internacional,2,2,7,Ana Castela
3,spotify:track:0fABszUFNbNq9IW503Gj8v,Tá OK,1,3,13,DENNIS
4,spotify:track:2uhw2oYbugGJbn10wipNX5,Novidade na Área,1,4,9,Mc Livinho
5,spotify:track:4uqJelb9THHmJ3OCohg4ZJ,Nosso Quadro,1,5,28,AgroPlay
6,spotify:track:1mimc5QiUuwmVYdXkWvgOQ,MOLETOM,6,6,8,Luan Pereira
7,spotify:track:54u86CmMqGI1rRuULlTqaB,Toca o Trompete,7,13,3,Felipe Amorim
8,spotify:track:1Vy9Wn5sbiduZKBqBlH3Mc,Ballena,7,8,6,Vulgo FK
9,spotify:track:3PH1nUysW7ybo3Yu8sqlPN,Seu Brilho Sumiu - Ao Vivo,2,7,25,Israel & Rodolffo
10,spotify:track:51pxwIxDVCbFHW8oyJFQXD,Erro Gostoso - Ao Vivo,4,10,29,Simone Mendes
11,spotify:track:4f0aDk7HX37SfzerfznYlr,Lapada Dela - Ao Vivo,11,11,24,Grupo Menos É Mais
12,spotify:track:0U9CZWq6umZsN432nh3WWT,"Gol Bolinha, Gol Quadrado 2",3,9,10,Mc Pedrinho
13,spotify:track:4xAGuRRKOgoaZbMGdmTD3N,Oi Balde - Ao Vivo,2,12,27,Zé Neto & Cristiano
14,spotify:track:4zUFA8l78k4tCmoVuGtV8z,MEIO TERMO - Ao Vivo,11,15,11,Luan Santana
15,spotify:track:3PqU6gHWUaBTtIZi5oxEJ7,Um Mês E Pouco - Ao Vivo,15,17,9,Zé Neto & Cristiano
16,spotify:track:4hKLzFvNwHF6dPosGT30ed,Novo Balanço,6,14,14,Veigh
17,spotify:track:0redQHBfejmPUhonR5ppGC,Duas Três,5,16,28,Guilherme & Benuto
18,spotify:track:7GScY8oE12cqTiNBzVQpUB,Mala dos Porta-Mala - Ao Vivo,17,18,6,Gusttavo Lima
19,spotify:track:7r8yMaSOy4XmuhRz7iv1gi,Traumatizei - Ao Vivo Em Brasília,5,20,29,Henrique & Juliano
20,spotify:track:7DkhndGTKaqkFxxKN7XlAh,Manda um Oi - Ao Vivo,16,21,15,Guilherme & Benuto
21,spotify:track:4pWsXhLUdtBKlw9npIXZAl,Halls na Língua,15,19,9,Kadu Martins
22,spotify:track:7lTVXJfNK4xaJSUXCUac6a,Fode Bem,22,28,3,Felipe Amorim
23,spotify:track:4sqpSDnTrbS8v7RMNCUyqS,Não Vitalício (Nunca Mais) - Ao Vivo,6,22,29,Matheus & Kauan
24,spotify:track:4uLzGOlqSanpNS3htaUViY,Pátio do Posto - Ao Vivo,15,26,16,Zé Neto & Cristiano
25,spotify:track:0bfJWhn3r3UQBF8WYKWT4K,"Vai Novinha Ah, Ah, Ah / Citação: O Chêro Da Carolina",10,23,9,Dyamante DJ
26,spotify:track:0SCMVUZ21uYYB8cc0ScfbV,Bombonzinho - Ao Vivo,2,24,42,Israel & Rodolffo
27,spotify:track:3P2ubMyuL9NQOVU67TVCXA,"Love, Love",27,29,9,Melody
28,spotify:track:53PpijFATt35Zxfl6LTxoK,Leão,1,27,36,Marília Mendonça
29,spotify:track:1nf1HJdTWXwf9XHQebGlOd,Quando Apaga A Luz - Ao Vivo,14,25,31,Gustavo Mioto
30,spotify:track:2nfnhFDhwMet9yZodpGfn3,AMBIENTE ERRADO - Ao Vivo,30,44,3,Luan Santana
31,spotify:track:1gUKbDEyGK4uo8t8MdjKMZ,Namorando Ou Não - Ao Vivo,12,32,24,Clayton & Romário
32,spotify:track:12YCtLHGk6tP6RbHDHflCs,Cartão Black,2,31,15,MC Caverinha
33,spotify:track:4lL0M9HzNFspnIwj2WfU6c,Oi Vida - Ao Vivo,33,34,4,Gusttavo Lima
34,spotify:track:1Z3QqD45wKKN6fUKBXSvcZ,Pirulito Vermelho,34,51,10,Diego & Victor Hugo
35,spotify:track:2uGk60j3LR5bp6tGq9vtII,Halls na Língua - Remix,33,36,5,GORDÃO DO PC
36,spotify:track:0WrM1ON5poAsmKw3x5uPhD,Narcisista - Ao Vivo,33,33,6,Maiara & Maraisa
37,spotify:track:3o4wcB1Y6xC62eF02n9RSZ,ELA PIROU NA DODGE RAM,13,47,23,Luan Pereira
38,spotify:track:7IPEkUJsnWYNyBkK2i2FPj,Mágica - Ao Vivo,10,30,21,Hugo & Guilherme
39,spotify:track:0Q1oLvAI9QaD3DIlvluTqx,Voltou Com Quem Não Voltava - Ao Vivo,38,38,12,Israel & Rodolffo
40,spotify:track:2pidGuLSSVZPcbzE5QA1Ux,Elevador - Ao Vivo,28,39,11,Hugo & Guilherme
41,spotify:track:3khLpwuyIjEOw8vfJ1oUIT,Papin,18,35,17,MC Kevin o Chris
42,spotify:track:5vdQUAFncALEH9EQvyAqIX,Forte Forte de Lacoste - Pra Começar o Final de Semana,34,37,9,DJ Jeeh FDC
43,spotify:track:2LTlykcdu0gwb7zcKneo2a,Melhor Só,10,41,21,KayBlack
44,spotify:track:6L2ule7uWSdh1qjcMO3vUD,Quem tá Pegando,35,40,10,Murilo Huff
45,spotify:track:3uxc6B7LaEeOdLe4WWzME8,"Faz Completo, Chefe",45,—,1,Mc IG
46,spotify:track:2BlFIe0712LBUtTHxbqjme,Love Gostosinho - Ao Vivo,28,46,28,NATTAN
47,spotify:track:5qjwjBzWAxXjjqinjENzIF,Dói,47,64,3,Jorge & Mateus
48,spotify:track:39xOREhViooEYFpmnKTdrl,Engana Dizendo Que Ama,27,49,14,Veigh
49,spotify:track:156LKAN2oh16qflL5oz4tO,Os Bico Tão Se Perguntando (Let’s Go 3),10,52,19,MC PH
50,spotify:track:5aqwwgL4XOv2YJYwLiqKOZ,A Culpa É Nossa - Ao Vivo,8,42,36,Maiara & Maraisa
51,spotify:track:7sopDXkuzXtHt8AQpdBxmT,DONA DE MIM,11,43,35,Ana Castela
52,spotify:track:745VUhm32odbxJI2q1rUMv,Ela Voltou de Perna Bamba,18,50,14,MC Guh SR
53,spotify:track:77BR4gaUAp3p0uA8UL6HT9,Não Para,27,45,24,Belle Kaffer
54,spotify:track:4vdFF0P7oTZoeKvnfIsbh3,Te Esqueci Sem Querer - Ao Vivo Em Brasília,34,55,18,Henrique & Juliano
55,spotify:track:64I2WXRrFWWxjRh8uTYYQB,Abre A Mente - Ao Vivo Em Brasília,55,58,11,Henrique & Juliano
56,spotify:track:4ASA1PZyWGbuc4d9N8OAcF,Eu Gosto Assim - Ao Vivo,1,54,49,Gustavo Mioto
57,spotify:track:42JNab8NPeCADJ9D3Cl5wS,Barulho Do Foguete - Ao Vivo,57,57,7,Zé Neto & Cristiano
58,spotify:track:6hu4HvpNzrW2RIEEAZC3vD,Segredo,30,62,21,KayBlack
59,spotify:track:15nTZqWfpXZk9Xh043Ognh,Posturado E Calmo,42,53,8,Leo Santana
60,spotify:track:4AKsSRxe6z6woOAsXr5gVA,Coração na Geladeira 2,60,60,4,Mc Kevin
61,spotify:track:3ktTWpYdXrYApH54cBo4Ap,Conexões de Máfia (feat. Rich The Kid),6,48,17,Matuê
62,spotify:track:6xRDvureEBwHgwAYDufbJL,Chorei na Vaquejada,62,71,11,Eric Land
63,spotify:track:27ECP9NCzTAoTpxXNePZuS,01 Não É 02,63,69,8,Mc Paiva ZS
64,spotify:track:51FFbyL0PjkYtjXJQP0JoP,Saudade da Minha Vida - Ao Vivo,10,59,30,Gusttavo Lima
65,spotify:track:48cRh79BIB3MTXuwJY8rOJ,Me Lambe,65,—,1,Jão
66,spotify:track:5TtTijiNYtFc6ktQARjY30,Preferida,18,65,21,KayBlack
67,spotify:track:7nFvKgVumc9FcU97zGjjei,Coração de Gelo,6,56,37,WIU
68,spotify:track:22sAwsBH0NoNJXnrBenQuO,Sem Aliança no Dedo,4,61,28,MC Xenon
69,spotify:track:09pQ3lGyMTpW3rz7a71zwQ,Metade De Mim - Ao Vivo,18,70,25,Hugo & Guilherme
70,spotify:track:2M4kQD87lKnAS9vFlb4Bez,Pactos - Ao Vivo,5,63,45,Matheus & Kauan
71,spotify:track:0QcKkN8b4iVkmVsbaze8OS,Devia Ser Proibido - Ao Vivo Em Brasília,71,—,1,Henrique & Juliano
72,spotify:track:7zmS0vPbWg2k6sfL3uqrGD,Cê Não Me Superou - Ao Vivo,65,68,6,Luiza Martins
73,spotify:track:0Co2c6T1U06m4wLT6kOxdc,Poesia Acústica 14,55,67,5,Pineapple StormTv
74,spotify:track:2xs2TwrlfamtW0DQqId0M5,Set Dj Boy 3.0,62,73,14,DJ BOY
75,spotify:track:7Ht57bh2FwiQLwRH9zqESG,085 - Ao Vivo,33,66,24,MC Rogerinho
76,spotify:track:5Ubx4DpvVodvsGH9ilxPVi,Haja Colírio (feat. Hugo & Guilherme) - Ao Vivo,1,72,61,Guilherme & Benuto
77,spotify:track:7kJ0aTB5gLMYrJjYft3Vx6,Na Contramão,54,74,14,DJ Katrip
78,spotify:track:4T88uzmAghjSBhABSz7jcB,Campo De Morango,78,—,1,Luísa Sonza
79,spotify:track:4sfY9Q4rQKVwxQVKo6v04i,2023,79,80,4,Vulgo FK
80,spotify:track:1KEhkxdCRb1k8UDHqACgNY,Desandei - Ao Vivo,31,75,16,Lauana Prado
81,spotify:track:4kRLRWnn5u9wO2wOKAAdEN,Automotivo Bibi Fogosa,77,77,3,Bibi Babydoll
82,spotify:track:1JQ1ylL2JEjC6Ib7IJgOvS,Coração Amoleceu,50,76,29,Mc Don Juan
83,spotify:track:5WGTBzRLbjj0Sm3Br8X1rI,Bandido Não Dança,24,78,31,Mc Paiva ZS
84,spotify:track:0yZRkiCSy4ra9EykuYyGo0,Mandona (Se eu te dissesse),54,93,11,Vulgo FK
85,spotify:track:1OZ4uv7OAP24Ix6j3vojLt,Casei Com a Putaria,1,82,59,Mc Paiva ZS
86,spotify:track:3571WJGuiFHQkWl1w5qR79,Bebezinhas da Facul,86,92,2,Mc Paiva ZS
87,spotify:track:1YTzCKxoOSZOqcNh6wa15I,Galopeira,59,79,15,MC Menor MT
88,spotify:track:3l5VjEAeUTqrlD50iEo8Yn,Licor 43,69,87,26,KayBlack
89,spotify:track:4qx6N7gtoRnqFHQKOS5AKH,Rancorosa - Ao Vivo Em Brasília,16,96,2,Henrique & Juliano
90,spotify:track:2Vl7x4BkNhhJkEmQQMcV0V,Toma Tapa,21,85,36,Mc Jacaré
91,spotify:track:3gCWngngUs1uojw33vrE8K,5 Regras - Ao Vivo,4,81,56,Jorge & Mateus
92,spotify:track:58KvJ4I2QMhLcRBnkBam2M,Vem Morenin,92,95,3,Neno No beat
93,spotify:track:6eNRGL6Nkdg7RhJtmbcl0j,Luz do Luar,7,91,33,Mc Tato
94,spotify:track:6njJR3OIp3oA0Kc4aC9Tzf,MONTAGEM - PR FUNK,67,83,6,S3BZS
95,spotify:track:6kNZdlmjH4BQnSUfHeJIuc,"Let's Go 3 (feat. MC Marks, Mc Don Juan, MC PH, Mc Luki, Mc Paiva ZS, MC GP & Makalo)",62,—,1,Dj GBR
96,spotify:track:5pBU3Yihoa4hiwQ2T5fGhH,Esse B.O é Meu - Ao Vivo,11,89,42,Guilherme & Benuto
97,spotify:track:3O2wrDL7nnSDZOrdZqxyoY,Noite Fria,14,—,1,Mc IG
98,spotify:track:0tBgLNgCmRTmqrydcFfQjt,Ia Dar Bom,74,99,8,Pedro Paulo & Alex
99,spotify:track:2LJLGfBHKFmNdD4iXRRPXV,Solteiro Frustrado - Ao Vivo,53,84,9,Gusttavo Lima
100,spotify:track:74Le949TrZk4zwDjtWzH23,Cavalo de Pau,38,86,36,Bruno & Denner
