rank,uri,track_name,peak,prev,streak,artist_names
1,spotify:track:7AwVSKaQxpidrtYBerkHKk,Pipoco,1,1,12,Ana Castela
2,spotify:track:1ELsaYdj2NlxLvkx9g24xZ,Haja Colírio (feat. Hugo & Guilherme) - Ao Vivo,2,2,9,Guilherme & Benuto
3,spotify:track:1OZ4uv7OAP24Ix6j3vojLt,Casei Com a Putaria,3,3,7,Mc Paiva ZS
4,spotify:track:4vWh6tEfcLzdvYWp2IlOJS,CORAÇÃO CIGANO - Ao Vivo,4,7,2,Luan Santana
5,spotify:track:5PSkF3QpVMlAx8U5Inxj39,Vento Forte,3,5,5,Mc Jacaré
6,spotify:track:5vC8UAOHeG95ehRzZChniB,Ai Preto,2,4,10,L7NNON
7,spotify:track:6gEOM9IEBzvTdbwNrSkBdC,Fala Mal de Mim - Ao Vivo,5,6,7,Gusttavo Lima
8,spotify:track:4NNZZXHgn9F3cCgC1YGmLl,Todo Seu - Ao Vivo,5,8,16,Jorge & Mateus
9,spotify:track:4x5q5T5mhE1xvoCVXY6qrN,Melodia Alucinógena,9,10,4,DJ AK BR
10,spotify:track:4xxeEWGQNFQ6qehlnev5LS,Te Amo Demais,4,9,5,Marília Mendonça
11,spotify:track:42nZBOwXNdO24Ml032bLBS,Gatilho - Ao Vivo,11,13,23,Matheus & Kauan
12,spotify:track:6Zw25LRLP0j0MsezDFIUM4,Mal Feito - Ao Vivo,1,12,32,Hugo & Guilherme
13,spotify:track:0i4UV3HjjvsUuV3BajEXoD,Baile no Morro,1,11,9,MC Tairon
14,spotify:track:1K8AtBJXcdq5mywMnZuARP,Termina Comigo Antes,1,16,21,Gusttavo Lima
15,spotify:track:2TdOWHAolNaQx8gyRDVS1N,ERRO PLANEJADO - Ao Vivo,1,17,19,Luan Santana
16,spotify:track:2qmG7dokbGpDGD0T5wORWt,Balanço da Rede,2,18,21,Matheus Fernandes
17,spotify:track:7KWKWJnbGJ3Soag6Oopion,CACHORRINHAS,5,15,6,Luísa Sonza
18,spotify:track:5PZAbR6JHYYV9xp5gv0XES,Bandido,1,14,10,Zé Felipe
19,spotify:track:0jAAnWNbcHf6X1EXOtvOT7,Incendeia,17,20,6,MC Kevin o Chris
20,spotify:track:3jPp5Aukksz9Ir0gZy6lZM,Acabei de Terminar - Ao Vivo,20,23,17,Paulo e Nathan
21,spotify:track:6bwx7pcKJY05D9S6CVa1k6,Nem Namorado e Nem Ficante - Ao Vivo | Faixa Bônus,19,19,13,Israel & Rodolffo
22,spotify:track:3XF598RmEUF3XW4XKo1lyP,Meu Número - Ao Vivo,12,22,19,Hugo & Guilherme
23,spotify:track:7qD2vjd3btuOgwpQPEY7ci,EU VOU COM CARINHO ELA QUER COM FORÇA,5,21,14,Mc Don Juan
24,spotify:track:2ykYxd8UGHOsdjP3Z5jSHh,Cheiro de Balada - Ao Vivo,24,24,3,Hugo & Guilherme
25,spotify:track:3ITkrUvAA6gzxer2UIom3P,Molhando o Volante,5,25,37,Jorge & Mateus
26,spotify:track:2wSCalnGOnXdAJC0Fn8OUY,Vai Lá Em Casa Hoje,1,27,44,George Henrique & Rodrigo
27,spotify:track:4a0sqvCBo7aRIS4GzBQpnp,Kikando e Me Olhando,11,26,19,MC Braz
28,spotify:track:04vzhKfl5HtPEgrdZJCZ7L,Bagulho Louco,28,33,13,Mc Paiva ZS
29,spotify:track:5A35xC90Nk6tXmcOAOOavi,ABALO EMOCIONAL - Ao Vivo,4,30,29,Luan Santana
30,spotify:track:3sd2p4kE7xQmFH3lPnFl6h,sentaDONA (Remix) s2,1,29,23,Davi Kneip
31,spotify:track:7bhvRvE56NHBvedx0EeALS,Comunicação Falhou - Ao Vivo,27,32,13,Mari Fernandez
32,spotify:track:4NFkcqZ3jU2O9rgEbuluVn,Bafora o Lança - Remix,32,76,2,Mario Mc
33,spotify:track:3gCWngngUs1uojw33vrE8K,5 Regras - Ao Vivo,33,40,4,Jorge & Mateus
34,spotify:track:5TPXcKSOlPaz2pkYbWiWHU,Ai Eu Chorei - Ao Vivo,34,50,6,Clayton & Romário
35,spotify:track:6bTdZ7xfKp3NqqADJ8HLyj,Vampiro,5,36,21,Matuê
36,spotify:track:4cxQWmXmmbFoWvV8qipQTe,Perfeito Pra Ficar Sozinho - Ao Vivo,36,38,3,Murilo Huff
37,spotify:track:25rz3D4oroFC0GXm3xFXnG,Tem Cabaré Essa Noite,29,35,6,Nivaldo Marques
38,spotify:track:3ShKPhFkexrwl7WoyTtNND,Tchuco Nela,9,28,17,MC Rogerinho
39,spotify:track:0MKd4uZd8Ag8qyReZBTarP,Pino da Granada - Ao Vivo em Rio Preto,34,39,13,Murilo Huff
40,spotify:track:14JKzKrJbPDflw8XyATMey,A Maior Saudade - Ao Vivo,7,31,45,Henrique & Juliano
41,spotify:track:6Ulh9GPYz6JKdv04qc3q2U,Dengo,10,34,15,João Gomes
42,spotify:track:2ebFBmle5uXcdbrCAOvPcZ,Vagabundo Chora - Ao Vivo,15,43,28,Guilherme & Benuto
43,spotify:track:4QWumyD2uwiePBBha9XBHI,No Ouvidinho,5,37,21,Felipe Amorim
44,spotify:track:4Dvkj6JhhA12EX05fT7y2e,As It Was,26,44,21,Harry Styles
45,spotify:track:5lCAtKxkZL6tFDyGX9t87j,Eu Já Tava Bem - Ao Vivo,22,47,38,Wesley Safadão
46,spotify:track:0tM4J8aID6qYZOE3e14sCj,Acordo - Ao Vivo,17,46,44,Henrique & Juliano
47,spotify:track:6Lk3kU7JcQ5dZ7jbmhJzQN,Melhor Ser uma Saudade,11,48,30,Zé Neto & Cristiano
48,spotify:track:11fqunD6qlOCrRd88kMOk6,Evento Cancelado - Ao Vivo,17,42,14,Henrique & Juliano
49,spotify:track:3IMLoeLerS7TMpKjxUgAhx,Arranhão - Ao Vivo,1,45,45,Henrique & Juliano
50,spotify:track:7afaZ37wJJL6880z1NRgJS,Fim de Semana no Rio,13,49,21,Teto
51,spotify:track:2VbKpQWIMRelKmEy8rSCAf,Set Tatuapé Conceito 2,51,52,7,Mc Kako
52,spotify:track:5zNxUkUW9WiV5oyg6gh2wB,DANÇARINA,1,41,28,PEDRO SAMPAIO
53,spotify:track:0yDMhYTryvQoR634wDgQ1j,O Fim é Triste (feat. DJ BOY),44,51,8,MC Hariel
54,spotify:track:4NJKCE1TBC653P3dCnto0u,Simplesmente Ela,23,54,22,Mc Gabzin
55,spotify:track:0dcHD9QhnWRA41zoLnC83X,X1,55,61,4,MC Cabelinho
56,spotify:track:48LEhRW4gLMCVSYFEZvt8b,Assume a Gente - Ao Vivo,28,59,22,João Bosco e Gabriel
57,spotify:track:6nkoWsFZeFt5dUdNmlIceh,Bloqueado - Ao Vivo,3,55,39,Gusttavo Lima
58,spotify:track:4qsOrxBv09HhNSpsgMRXdC,Esqueça-Me Se For Capaz,1,57,45,Marília Mendonça
59,spotify:track:1XcmAgREOuJQb91sr68AAD,Sentadinha Diferente,53,53,5,Dyamante DJ
60,spotify:track:2HMbGPbGiqGaHXzFkQAmZI,Basiquinho - Ao Vivo,60,63,3,Matheus & Kauan
61,spotify:track:4aoZBldNDVYmTwmeoI49ud,O Poder Dessa Garota,60,65,8,Mc Gabzin
62,spotify:track:75fCsUnTiDelE4HMd06t4O,Gostosinho Tu Cai,22,60,17,Mc Pepeu
63,spotify:track:1t5dhHyXMwdbAcI3EQRqFV,Meio Fio - Ao Vivo,62,62,2,Diego & Victor Hugo
64,spotify:track:2LEV3lTRxKqLBfmt5BWkLj,Não Pega Ninguém Ainda (Ao Vivo),17,67,12,Gusttavo Lima
65,spotify:track:28m65cMH7QXHzFnZSTtNHY,Não Sei o Que Lá,23,72,42,Marília Mendonça
66,spotify:track:7qq40cRIYNKZCDt1STfBqt,"Bruna, Tu Já Parou Pra Pensar",64,68,7,Niack
67,spotify:track:7fzgTaVhUxmEzjtcd9NdWo,Cê Tá Preparada - Ao Vivo,14,70,45,Tayrone
68,spotify:track:3YvE7uo4ffseBoJPh8IhHp,Presepada,4,71,42,Marília Mendonça
69,spotify:track:6BF3nZQkAg9qvE0DLVSfyH,Hotel Caro,22,56,11,Baco Exu do Blues
70,spotify:track:7HdWqZjUmIHK5B8zwPCRds,Áudio Que Te Entrega - Faixa Bônus,34,58,15,Leo Santana
71,spotify:track:3ZtHHGpAPSWC7Gnios4lmK,Metflix,51,73,4,Mc Poze do Rodo
72,spotify:track:2s8kT1fuBVjxept8bH68Sw,SET MK 2,61,74,12,MC Hariel
73,spotify:track:7gVzhRCrLRUBEGdS7zNTp0,Malvada,3,64,30,Zé Felipe
74,spotify:track:0skYUMpS0AcbpjcGsAbRGj,Pink Venom,74,—,1,BLACKPINK
75,spotify:track:6hFwju6M40CKovKBPu5IpY,ACORDA PEDRINHO,1,66,15,Jovem Dionisio
76,spotify:track:5etfNcFAD9M8uibXpYMxfQ,Tu Tava Na Revoada - Ao Vivo,42,69,9,Wesley Safadão
77,spotify:track:2xebCnKCjYWBhJ4Ai8hO5E,Set dos Casados,16,79,45,Mc Davi
78,spotify:track:30rrBGpna63eIJ2BrXlWDC,Minha Cópia Atual - Ao Vivo,50,81,21,Henrique & Juliano
79,spotify:track:0roEMqT0P7Z82rJTwcID3Z,Felicidade Dela - Ao Vivo,38,96,22,Hugo & Guilherme
80,spotify:track:3xt7v3bMNnQ8ie8RjhmkX2,Imagina A Sentada - Ao Vivo,15,83,34,Matheus & Kauan
81,spotify:track:75FEaRjZTKLhTrFGsfMUXR,Running Up That Hill (A Deal With God),33,75,13,Kate Bush
82,spotify:track:72g37RoelSnovZakG5MwnF,Parada Louca,11,78,40,Mari Fernandez
83,spotify:track:3QxKHcpNt6CWNUYCLLBHeZ,Escolhe o Bandido,75,80,5,MC CH da Z.O
84,spotify:track:053zWWZDziDJd3U94x8RuP,Todo Mundo Menos Você,2,90,45,Marília Mendonça
85,spotify:track:7pvrsbBKUQI2QmA74WCJa5,Ela e Ela,4,89,45,Zé Neto & Cristiano
86,spotify:track:0yL7K9MzC20uBesZTPY81r,Pandora,6,88,38,DJ Matt D
87,spotify:track:4grGI2vFnknrfmHT1JOVFU,Tesão Da Madrugada - Ao Vivo,33,—,1,George Henrique & Rodrigo
88,spotify:track:1TyxXIXVVpHwhKaF73z8nw,Rasteira - Ao Vivo,36,91,45,Henrique & Juliano
89,spotify:track:20yfr4F5QmZ5V3Cu1Rx4Kp,Elevador - Ao Vivo,89,94,4,Lauana Prado
90,spotify:track:14uWxelOuAUajP8fDvc0Ct,Falta Você,82,82,6,Thiaguinho
91,spotify:track:3yHXEidSu4gYVRqKoI653O,Assunto Delicado - Ao Vivo,91,—,1,Guilherme & Benuto
92,spotify:track:130HVxaVe9EYcLJmuOR9Rw,Até A Próxima Vida - Ao Vivo,77,77,9,Henrique & Juliano
93,spotify:track:1RgJ4lexKGNBlKnyxB5SRt,Balazul,46,86,11,Teto
94,spotify:track:0XyPPyGes0omXppV5YE8gy,Gostosinha é Ela,85,85,2,Felipe Amorim
95,spotify:track:7v3BTjWrmUYjaGiVHVVhCK,Na Rebolada,95,—,1,Os Quebradeiras
96,spotify:track:2gkKA2pRAsMzbiGPo9gxsc,Água Nos Zói - Ao Vivo,28,—,1,Clayton & Romário
97,spotify:track:2johnzqTeIdgF1kUV4Yaeo,Me Chama de Amor,43,93,15,O Tubarão
98,spotify:track:0E0OENqh3jaZ4VpDFTOLGj,EU BEM QUE TE AVISEI - TU EMPINOU ELE PEI,19,99,18,Mc Delux
99,spotify:track:0NBgyml7T0IvUNbXIkcSpH,Malvadão 3,1,87,36,Xamã
100,spotify:track:3kBOuur6erl8hVNXRIxhny,PERIGO NOTURNO - Ao Vivo,39,84,8,Luan Santana
