rank,uri,track_name,peak,prev,streak,artist_names
1,spotify:track:64CovjRwInpOJW4PiGMprY,Faz um Vuk Vuk (Teto Espelhado),1,1,4,MC Kevin o Chris
2,spotify:track:4Z2i41GDQyu3KRpBavEnyR,Solteiro Forçado - Boiadeira Internacional,2,3,6,Ana Castela
3,spotify:track:0fABszUFNbNq9IW503Gj8v,Tá OK,1,2,12,DENNIS
4,spotify:track:2uhw2oYbugGJbn10wipNX5,Novidade na Área,1,4,8,Mc Livinho
5,spotify:track:4uqJelb9THHmJ3OCohg4ZJ,Nosso Quadro,1,5,27,AgroPlay
6,spotify:track:1mimc5QiUuwmVYdXkWvgOQ,MOLETOM,6,11,7,Luan Pereira
7,spotify:track:3PH1nUysW7ybo3Yu8sqlPN,Seu Brilho Sumiu - Ao Vivo,2,8,24,Israel & Rodolffo
8,spotify:track:1Vy9Wn5sbiduZKBqBlH3Mc,Ballena,7,7,5,Vulgo FK
9,spotify:track:0U9CZWq6umZsN432nh3WWT,"Gol Bolinha, Gol Quadrado 2",3,6,9,Mc Pedrinho
10,spotify:track:51pxwIxDVCbFHW8oyJFQXD,Erro Gostoso - Ao Vivo,4,9,28,Simone Mendes
11,spotify:track:4f0aDk7HX37SfzerfznYlr,Lapada Dela - Ao Vivo,11,13,23,Grupo Menos É Mais
12,spotify:track:4xAGuRRKOgoaZbMGdmTD3N,Oi Balde - Ao Vivo,2,10,26,Zé Neto & Cristiano
13,spotify:track:54u86CmMqGI1rRuULlTqaB,Toca o Trompete,13,32,2,Felipe Amorim
14,spotify:track:4hKLzFvNwHF6dPosGT30ed,Novo Balanço,6,12,13,Veigh
15,spotify:track:4zUFA8l78k4tCmoVuGtV8z,MEIO TERMO - Ao Vivo,11,14,10,Luan Santana
16,spotify:track:0redQHBfejmPUhonR5ppGC,Duas Três,5,15,27,Guilherme & Benuto
17,spotify:track:3PqU6gHWUaBTtIZi5oxEJ7,Um Mês E Pouco - Ao Vivo,17,18,8,Zé Neto & Cristiano
18,spotify:track:7GScY8oE12cqTiNBzVQpUB,Mala dos Porta-Mala - Ao Vivo,17,17,5,Gusttavo Lima
19,spotify:track:4pWsXhLUdtBKlw9npIXZAl,Halls na Língua,15,16,8,Kadu Martins
20,spotify:track:7r8yMaSOy4XmuhRz7iv1gi,Traumatizei - Ao Vivo Em Brasília,5,19,28,Henrique & Juliano
21,spotify:track:7DkhndGTKaqkFxxKN7XlAh,Manda um Oi - Ao Vivo,16,20,14,Guilherme & Benuto
22,spotify:track:4sqpSDnTrbS8v7RMNCUyqS,Não Vitalício (Nunca Mais) - Ao Vivo,6,21,28,Matheus & Kauan
23,spotify:track:0bfJWhn3r3UQBF8WYKWT4K,"Vai Novinha Ah, Ah, Ah / Citação: O Chêro Da Carolina",10,22,8,Dyamante DJ
24,spotify:track:0SCMVUZ21uYYB8cc0ScfbV,Bombonzinho - Ao Vivo,2,23,41,Israel & Rodolffo
25,spotify:track:1nf1HJdTWXwf9XHQebGlOd,Quando Apaga A Luz - Ao Vivo,14,24,30,Gustavo Mioto
26,spotify:track:4uLzGOlqSanpNS3htaUViY,Pátio do Posto - Ao Vivo,15,25,15,Zé Neto & Cristiano
27,spotify:track:53PpijFATt35Zxfl6LTxoK,Leão,1,26,35,Marília Mendonça
28,spotify:track:7lTVXJfNK4xaJSUXCUac6a,Fode Bem,28,75,2,Felipe Amorim
29,spotify:track:3P2ubMyuL9NQOVU67TVCXA,"Love, Love",27,27,8,Melody
30,spotify:track:7IPEkUJsnWYNyBkK2i2FPj,Mágica - Ao Vivo,10,28,20,Hugo & Guilherme
31,spotify:track:12YCtLHGk6tP6RbHDHflCs,Cartão Black,2,29,14,MC Caverinha
32,spotify:track:1gUKbDEyGK4uo8t8MdjKMZ,Namorando Ou Não - Ao Vivo,12,30,23,Clayton & Romário
33,spotify:track:0WrM1ON5poAsmKw3x5uPhD,Narcisista - Ao Vivo,33,36,5,Maiara & Maraisa
34,spotify:track:4lL0M9HzNFspnIwj2WfU6c,Oi Vida - Ao Vivo,34,52,3,Gusttavo Lima
35,spotify:track:3khLpwuyIjEOw8vfJ1oUIT,Papin,18,34,16,MC Kevin o Chris
36,spotify:track:2uGk60j3LR5bp6tGq9vtII,Halls na Língua - Remix,33,33,4,GORDÃO DO PC
37,spotify:track:5vdQUAFncALEH9EQvyAqIX,Forte Forte de Lacoste - Pra Começar o Final de Semana,34,35,8,DJ Jeeh FDC
38,spotify:track:0Q1oLvAI9QaD3DIlvluTqx,Voltou Com Quem Não Voltava - Ao Vivo,38,38,11,Israel & Rodolffo
39,spotify:track:2pidGuLSSVZPcbzE5QA1Ux,Elevador - Ao Vivo,28,37,10,Hugo & Guilherme
40,spotify:track:6L2ule7uWSdh1qjcMO3vUD,Quem tá Pegando,35,40,9,Murilo Huff
41,spotify:track:2LTlykcdu0gwb7zcKneo2a,Melhor Só,10,39,20,KayBlack
42,spotify:track:5aqwwgL4XOv2YJYwLiqKOZ,A Culpa É Nossa - Ao Vivo,8,43,35,Maiara & Maraisa
43,spotify:track:7sopDXkuzXtHt8AQpdBxmT,DONA DE MIM,11,50,34,Ana Castela
44,spotify:track:2nfnhFDhwMet9yZodpGfn3,AMBIENTE ERRADO - Ao Vivo,44,85,2,Luan Santana
45,spotify:track:77BR4gaUAp3p0uA8UL6HT9,Não Para,27,41,23,Belle Kaffer
46,spotify:track:2BlFIe0712LBUtTHxbqjme,Love Gostosinho - Ao Vivo,28,46,27,NATTAN
47,spotify:track:3o4wcB1Y6xC62eF02n9RSZ,ELA PIROU NA DODGE RAM,13,31,22,Luan Pereira
48,spotify:track:3ktTWpYdXrYApH54cBo4Ap,Conexões de Máfia (feat. Rich The Kid),6,44,16,Matuê
49,spotify:track:39xOREhViooEYFpmnKTdrl,Engana Dizendo Que Ama,27,45,13,Veigh
50,spotify:track:745VUhm32odbxJI2q1rUMv,Ela Voltou de Perna Bamba,18,42,13,MC Guh SR
51,spotify:track:1Z3QqD45wKKN6fUKBXSvcZ,Pirulito Vermelho,50,51,9,Diego & Victor Hugo
52,spotify:track:156LKAN2oh16qflL5oz4tO,Os Bico Tão Se Perguntando (Let’s Go 3),10,48,18,MC PH
53,spotify:track:15nTZqWfpXZk9Xh043Ognh,Posturado E Calmo,42,49,7,Leo Santana
54,spotify:track:4ASA1PZyWGbuc4d9N8OAcF,Eu Gosto Assim - Ao Vivo,1,55,48,Gustavo Mioto
55,spotify:track:4vdFF0P7oTZoeKvnfIsbh3,Te Esqueci Sem Querer - Ao Vivo Em Brasília,34,62,17,Henrique & Juliano
56,spotify:track:7nFvKgVumc9FcU97zGjjei,Coração de Gelo,6,53,36,WIU
57,spotify:track:42JNab8NPeCADJ9D3Cl5wS,Barulho Do Foguete - Ao Vivo,57,58,6,Zé Neto & Cristiano
58,spotify:track:64I2WXRrFWWxjRh8uTYYQB,Abre A Mente - Ao Vivo Em Brasília,56,61,10,Henrique & Juliano
59,spotify:track:51FFbyL0PjkYtjXJQP0JoP,Saudade da Minha Vida - Ao Vivo,10,47,29,Gusttavo Lima
60,spotify:track:4AKsSRxe6z6woOAsXr5gVA,Coração na Geladeira 2,60,71,3,Mc Kevin
61,spotify:track:22sAwsBH0NoNJXnrBenQuO,Sem Aliança no Dedo,4,54,27,MC Xenon
62,spotify:track:6hu4HvpNzrW2RIEEAZC3vD,Segredo,30,56,20,KayBlack
63,spotify:track:2M4kQD87lKnAS9vFlb4Bez,Pactos - Ao Vivo,5,68,44,Matheus & Kauan
64,spotify:track:5qjwjBzWAxXjjqinjENzIF,Dói,64,66,2,Jorge & Mateus
65,spotify:track:5TtTijiNYtFc6ktQARjY30,Preferida,18,57,20,KayBlack
66,spotify:track:7Ht57bh2FwiQLwRH9zqESG,085 - Ao Vivo,33,63,23,MC Rogerinho
67,spotify:track:0Co2c6T1U06m4wLT6kOxdc,Poesia Acústica 14,55,60,4,Pineapple StormTv
68,spotify:track:7zmS0vPbWg2k6sfL3uqrGD,Cê Não Me Superou - Ao Vivo,65,73,5,Luiza Martins
69,spotify:track:27ECP9NCzTAoTpxXNePZuS,01 Não É 02,67,67,7,Mc Paiva ZS
70,spotify:track:09pQ3lGyMTpW3rz7a71zwQ,Metade De Mim - Ao Vivo,18,70,24,Hugo & Guilherme
71,spotify:track:6xRDvureEBwHgwAYDufbJL,Chorei na Vaquejada,64,64,10,Eric Land
72,spotify:track:5Ubx4DpvVodvsGH9ilxPVi,Haja Colírio (feat. Hugo & Guilherme) - Ao Vivo,1,76,60,Guilherme & Benuto
73,spotify:track:2xs2TwrlfamtW0DQqId0M5,Set Dj Boy 3.0,62,72,13,DJ BOY
74,spotify:track:7kJ0aTB5gLMYrJjYft3Vx6,Na Contramão,54,69,13,DJ Katrip
75,spotify:track:1KEhkxdCRb1k8UDHqACgNY,Desandei - Ao Vivo,31,59,15,Lauana Prado
76,spotify:track:1JQ1ylL2JEjC6Ib7IJgOvS,Coração Amoleceu,50,74,28,Mc Don Juan
77,spotify:track:4kRLRWnn5u9wO2wOKAAdEN,Automotivo Bibi Fogosa,77,80,2,Bibi Babydoll
78,spotify:track:5WGTBzRLbjj0Sm3Br8X1rI,Bandido Não Dança,24,77,30,Mc Paiva ZS
79,spotify:track:1YTzCKxoOSZOqcNh6wa15I,Galopeira,59,78,14,MC Menor MT
80,spotify:track:4sfY9Q4rQKVwxQVKo6v04i,2023,80,88,3,Vulgo FK
81,spotify:track:3gCWngngUs1uojw33vrE8K,5 Regras - Ao Vivo,4,91,55,Jorge & Mateus
82,spotify:track:1OZ4uv7OAP24Ix6j3vojLt,Casei Com a Putaria,1,87,58,Mc Paiva ZS
83,spotify:track:6njJR3OIp3oA0Kc4aC9Tzf,MONTAGEM - PR FUNK,67,83,5,S3BZS
84,spotify:track:2LJLGfBHKFmNdD4iXRRPXV,Solteiro Frustrado - Ao Vivo,53,79,8,Gusttavo Lima
85,spotify:track:2Vl7x4BkNhhJkEmQQMcV0V,Toma Tapa,21,81,35,Mc Jacaré
86,spotify:track:74Le949TrZk4zwDjtWzH23,Cavalo de Pau,38,82,35,Bruno & Denner
87,spotify:track:3l5VjEAeUTqrlD50iEo8Yn,Licor 43,69,86,25,KayBlack
88,spotify:track:5AdPP30mjJCtBMyYKZUEU7,Assunto Delicado - Ao Vivo,3,98,52,Guilherme & Benuto
89,spotify:track:5pBU3Yihoa4hiwQ2T5fGhH,Esse B.O é Meu - Ao Vivo,11,95,41,Guilherme & Benuto
90,spotify:track:5WsM6qhZzRSD3oKbtorxzD,Aquecimento Senta Senta Suave,11,93,22,MC Kevin o Chris
91,spotify:track:6eNRGL6Nkdg7RhJtmbcl0j,Luz do Luar,7,84,32,Mc Tato
92,spotify:track:3571WJGuiFHQkWl1w5qR79,Bebezinhas da Facul,92,—,1,Mc Paiva ZS
93,spotify:track:0yZRkiCSy4ra9EykuYyGo0,Mandona (Se eu te dissesse),54,90,10,Vulgo FK
94,spotify:track:7CJJ7JC3kj9XdweWTvfVhX,Vacilão,4,92,22,Zé Felipe
95,spotify:track:58KvJ4I2QMhLcRBnkBam2M,Vem Morenin,95,99,2,Neno No beat
96,spotify:track:4qx6N7gtoRnqFHQKOS5AKH,Rancorosa - Ao Vivo Em Brasília,16,—,1,Henrique & Juliano
97,spotify:track:1L7hWEc3tVjvmbw48ShktM,Desejo Imortal (It Must Have Been Love) - Ao Vivo,32,89,18,Gusttavo Lima
98,spotify:track:2FjCfytqRpicOTtX2lqcBo,Não Vai Ver Nunca,98,—,1,Ana Castela
99,spotify:track:0tBgLNgCmRTmqrydcFfQjt,Ia Dar Bom,74,94,7,Pedro Paulo & Alex
100,spotify:track:3zKJWk2l4uZ46KNRSFHriG,Palhaça - Ao Vivo,17,65,31,Naiara Azevedo
