rank,uri,track_name,peak,prev,streak,artist_names
1,spotify:track:1597vvneWf0zoQrg2D8yH6,Evoque Prata,1,1,10,MC MENOR HR
2,spotify:track:4o6v3Oooyt7HF20idztRD4,Bombonzinho - Ao Vivo,2,2,9,Israel & Rodolffo
3,spotify:track:4ASA1PZyWGbuc4d9N8OAcF,Eu Gosto Assim - Ao Vivo,1,3,16,Gustavo Mioto
4,spotify:track:1ELsaYdj2NlxLvkx9g24xZ,Haja Colírio (feat. Hugo & Guilherme) - Ao Vivo,1,4,28,Guilherme & Benuto
5,spotify:track:2hkwwmmLC90T8BQ7t3xufq,Roça Em Mim,5,7,7,Zé Felipe
6,spotify:track:6Hio4nlyWL2WBL8nYlbuGt,Agudo Mágico 3,6,19,3,MC K.K
7,spotify:track:2M4kQD87lKnAS9vFlb4Bez,Pactos - Ao Vivo,5,5,12,Matheus & Kauan
8,spotify:track:3yHXEidSu4gYVRqKoI653O,Assunto Delicado - Ao Vivo,3,6,20,Guilherme & Benuto
9,spotify:track:1dMyIigB6MDsfD3xuG6TbO,Média Boa - Ao Vivo,7,8,10,Felipe e Rodrigo
10,spotify:track:1OZ4uv7OAP24Ix6j3vojLt,Casei Com a Putaria,1,9,26,Mc Paiva ZS
11,spotify:track:6gyhp7IcNhTYzwlk8utsgP,Beijo de Glicose - Ao Vivo,5,10,18,Diego & Victor Hugo
12,spotify:track:2K9kZpwD2CzTa6iiSYYOoO,Leão,12,34,3,Marília Mendonça
13,spotify:track:3gCWngngUs1uojw33vrE8K,5 Regras - Ao Vivo,4,11,23,Jorge & Mateus
14,spotify:track:2YAOJkRWy382bRMXaj48FP,Esse B.O é Meu - Ao Vivo,12,12,9,Guilherme & Benuto
15,spotify:track:5DoYLtsVnNMcrgpMdEPOsI,É Só Um Lance Lero Lero,13,16,7,DJ Dozabri
16,spotify:track:4r2O8NHomHiJnFKqhYnqy1,Perdoou Nada - Ao Vivo,13,13,5,Israel & Rodolffo
17,spotify:track:77UrDaIQq6JZIJWeLgJaRf,Sereia,12,15,9,Orochi
18,spotify:track:4UldILPVpnZO69ffK4B9aA,Tubarão Te Amo,10,18,13,Dj LK da Escócia
19,spotify:track:2orGm2E68ODFYOURjaES62,Felina,6,14,15,WIU
20,spotify:track:6Zw25LRLP0j0MsezDFIUM4,Mal Feito - Ao Vivo,1,17,51,Hugo & Guilherme
21,spotify:track:0oB3IBEhbmgTrL7mV0VnFq,Novinha do Onlyfans (Tchan Ran Tchan Tchan),21,22,7,Kadu Martins
22,spotify:track:7LUZT12r4xmwR1Kh8TJgjv,Ex dos Meus Sonhos - Ao Vivo,6,20,13,Gusttavo Lima
23,spotify:track:1ACALdBWViTpLBC14Ecv8E,Namora Aí,23,26,4,MC Ryan SP
24,spotify:track:7nwHsYxiuHo98dLI7UVkyn,A Culpa É Nossa - Ao Vivo,21,21,3,Maiara & Maraisa
25,spotify:track:4NNZZXHgn9F3cCgC1YGmLl,Todo Seu - Ao Vivo,5,23,35,Jorge & Mateus
26,spotify:track:2HMbGPbGiqGaHXzFkQAmZI,Basiquinho - Ao Vivo,14,24,22,Matheus & Kauan
27,spotify:track:4cxQWmXmmbFoWvV8qipQTe,Perfeito Pra Ficar Sozinho - Ao Vivo,19,25,22,Murilo Huff
28,spotify:track:7AwVSKaQxpidrtYBerkHKk,Pipoco,1,27,31,Ana Castela
29,spotify:track:7nFvKgVumc9FcU97zGjjei,Coração de Gelo,29,38,4,WIU
30,spotify:track:2Vl7x4BkNhhJkEmQQMcV0V,Toma Tapa,30,46,3,Mc Jacaré
31,spotify:track:42nZBOwXNdO24Ml032bLBS,Gatilho - Ao Vivo,11,29,42,Matheus & Kauan
32,spotify:track:2m6ZDDrTvDQtKbwNFyI3r5,MAMA.CITA (hasta la vista),32,62,2,Luísa Sonza
33,spotify:track:6bwx7pcKJY05D9S6CVa1k6,Nem Namorado e Nem Ficante - Ao Vivo | Faixa Bônus,17,28,32,Israel & Rodolffo
34,spotify:track:5vC8UAOHeG95ehRzZChniB,Ai Preto,2,32,29,L7NNON
35,spotify:track:7bhvRvE56NHBvedx0EeALS,Comunicação Falhou - Ao Vivo,20,31,32,Mari Fernandez
36,spotify:track:4xxeEWGQNFQ6qehlnev5LS,Te Amo Demais,4,30,24,Marília Mendonça
37,spotify:track:2qmG7dokbGpDGD0T5wORWt,Balanço da Rede,2,35,40,Matheus Fernandes
38,spotify:track:2bWVxK5GlPtS4D3FcLjGgQ,Cara da Derrota - Ao Vivo,33,33,6,Gusttavo Lima
39,spotify:track:6gEOM9IEBzvTdbwNrSkBdC,Fala Mal de Mim - Ao Vivo,5,36,26,Gusttavo Lima
40,spotify:track:0i4UV3HjjvsUuV3BajEXoD,Baile no Morro,1,41,28,MC Tairon
41,spotify:track:7sopDXkuzXtHt8AQpdBxmT,DONA DE MIM,41,75,2,Ana Castela
42,spotify:track:2wSCalnGOnXdAJC0Fn8OUY,Vai Lá Em Casa Hoje,1,39,63,George Henrique & Rodrigo
43,spotify:track:0XyPPyGes0omXppV5YE8gy,Gostosinha é Ela,35,47,21,Felipe Amorim
44,spotify:track:0tM4J8aID6qYZOE3e14sCj,Acordo - Ao Vivo,17,40,63,Henrique & Juliano
45,spotify:track:74Le949TrZk4zwDjtWzH23,Cavalo de Pau,43,43,3,Bruno & Denner
46,spotify:track:4QWumyD2uwiePBBha9XBHI,No Ouvidinho,5,52,40,Felipe Amorim
47,spotify:track:11fqunD6qlOCrRd88kMOk6,Evento Cancelado - Ao Vivo,17,42,33,Henrique & Juliano
48,spotify:track:4Dvkj6JhhA12EX05fT7y2e,As It Was,26,57,40,Harry Styles
49,spotify:track:4PQ5AInr4YoBauth9YPduL,Ai Papai,49,—,1,Anitta
50,spotify:track:2ykYxd8UGHOsdjP3Z5jSHh,Cheiro de Balada - Ao Vivo,8,44,22,Hugo & Guilherme
51,spotify:track:5mJFh4iRzgmWuEVPG8257V,Quem Não Conhece Tá Sem Internet,31,55,16,MC Marks
52,spotify:track:0BWEkqsmPe3qOzrRVztHU3,Acabei de Terminar - Ao Vivo,17,50,36,Paulo e Nathan
53,spotify:track:4qsOrxBv09HhNSpsgMRXdC,Esqueça-Me Se For Capaz,1,54,64,Marília Mendonça
54,spotify:track:2TdOWHAolNaQx8gyRDVS1N,ERRO PLANEJADO - Ao Vivo,1,51,38,Luan Santana
55,spotify:track:4x5q5T5mhE1xvoCVXY6qrN,Melodia Alucinógena,7,45,23,DJ AK BR
56,spotify:track:3XF598RmEUF3XW4XKo1lyP,Meu Número - Ao Vivo,12,48,38,Hugo & Guilherme
57,spotify:track:3nqQXoyQOWXiESFLlDF1hG,Unholy (feat. Kim Petras),17,64,15,Sam Smith
58,spotify:track:3ITkrUvAA6gzxer2UIom3P,Molhando o Volante,5,56,56,Jorge & Mateus
59,spotify:track:2PtpfX7sX870xeOfdTMyx2,Meus Vícios - Ao Vivo,42,53,15,Guilherme & Benuto
60,spotify:track:6Ulh9GPYz6JKdv04qc3q2U,Dengo,10,66,34,João Gomes
61,spotify:track:5PSkF3QpVMlAx8U5Inxj39,Vento Forte,3,68,24,Mc Jacaré
62,spotify:track:04vzhKfl5HtPEgrdZJCZ7L,Bagulho Louco,19,60,32,Mc Paiva ZS
63,spotify:track:4vWh6tEfcLzdvYWp2IlOJS,CORAÇÃO CIGANO - Ao Vivo,4,70,21,Luan Santana
64,spotify:track:5t7E1z1kVtHyPxWNmUtXN4,Te Love - Ao Vivo,37,59,13,Kevi Jonny
65,spotify:track:2ebFBmle5uXcdbrCAOvPcZ,Vagabundo Chora - Ao Vivo,15,61,47,Guilherme & Benuto
66,spotify:track:3IMLoeLerS7TMpKjxUgAhx,Arranhão - Ao Vivo,1,37,64,Henrique & Juliano
67,spotify:track:2XaEn8iznBz9ZE9YJqJdQ6,Revoada do Tubarão 3,21,49,7,MC Ryan SP
68,spotify:track:1t5dhHyXMwdbAcI3EQRqFV,Meio Fio - Ao Vivo,42,58,21,Diego & Victor Hugo
69,spotify:track:7qoIhutxU269Zqo9PG5IOj,Poesia Acústica 13,14,67,16,Pineapple StormTv
70,spotify:track:5A35xC90Nk6tXmcOAOOavi,ABALO EMOCIONAL - Ao Vivo,4,63,48,Luan Santana
71,spotify:track:0dcHD9QhnWRA41zoLnC83X,X1,46,74,23,MC Cabelinho
72,spotify:track:4aoZBldNDVYmTwmeoI49ud,O Poder Dessa Garota,56,76,27,Mc Gabzin
73,spotify:track:0oZrvoCYEbKGCsU7cQqNnw,Imprevisto,55,72,7,Yago Oproprio
74,spotify:track:5IcPYzR2bkS4W3MabMpi4Z,Melhor Ser uma Saudade,11,69,49,Zé Neto & Cristiano
75,spotify:track:3o5LmE0gNsEBwz7VCmc3bV,Problemão - Ao Vivo,65,65,10,Hugo & Vitor
76,spotify:track:5r9CZJMoMmxio2AnJdxuDS,Pot-Pourri: Melhor Eu Ir / Ligando Os Fatos / Sonho de Amor / Deixa Eu Te Querer - Ao Vivo,71,83,19,Grupo Menos É Mais
77,spotify:track:4uUG5RXrOk84mYEfFvj3cK,I'm Good (Blue),55,—,1,David Guetta
78,spotify:track:7woVi4HBuv0rsO98Ox2Fcq,Doce Veneno,45,78,12,Mc Paiva ZS
79,spotify:track:1K8AtBJXcdq5mywMnZuARP,Termina Comigo Antes,1,77,40,Gusttavo Lima
80,spotify:track:5TPXcKSOlPaz2pkYbWiWHU,Ai Eu Chorei - Ao Vivo,34,73,25,Clayton & Romário
81,spotify:track:3ShKPhFkexrwl7WoyTtNND,Tchuco Nela,9,80,36,MC Rogerinho
82,spotify:track:4QQTPEwqE4Aq7LXSyIgSci,Primeiro Beck Ela Me Mamou,28,86,17,Mc Kitinho
83,spotify:track:3sd2p4kE7xQmFH3lPnFl6h,sentaDONA (Remix) s2,1,89,42,Davi Kneip
84,spotify:track:14uWxelOuAUajP8fDvc0Ct,Falta Você,82,91,5,Thiaguinho
85,spotify:track:28m65cMH7QXHzFnZSTtNHY,Não Sei o Que Lá,23,81,61,Marília Mendonça
86,spotify:track:0MKd4uZd8Ag8qyReZBTarP,Pino da Granada - Ao Vivo em Rio Preto,34,79,32,Murilo Huff
87,spotify:track:3xdEjqUOiLBkRmTrSst1GX,Final do Ano,87,—,1,Mc Don Juan
88,spotify:track:6kNZdlmjH4BQnSUfHeJIuc,"Let's Go 3 (feat. MC Marks, Mc Don Juan, MC PH, Mc Luki, Mc Paiva ZS, MC GP & Makalo)",62,92,7,Dj GBR
89,spotify:track:2ryeIBjDGoVmvK45BmFXpM,Respeita Seu Ex,87,87,3,Mari Fernandez
90,spotify:track:1JIKO27MqvSpjrnUCT6fLC,A Caminho do Bega,63,88,7,DJ Patrick Muniz
91,spotify:track:75vGTHuhbJDrZ0oPb3FXQ9,Pagodão do Birimbola (Tchubirabirom),91,95,2,Os Quebradeiras
92,spotify:track:48LEhRW4gLMCVSYFEZvt8b,Assume a Gente - Ao Vivo,28,82,41,João Bosco e Gabriel
93,spotify:track:4mD9hjoTckjeL1CrJCx0MT,Puta Mexicana,93,—,1,DJ Jeeh FDC
94,spotify:track:30rrBGpna63eIJ2BrXlWDC,Minha Cópia Atual - Ao Vivo,50,85,40,Henrique & Juliano
95,spotify:track:7qD2vjd3btuOgwpQPEY7ci,EU VOU COM CARINHO ELA QUER COM FORÇA,5,—,1,Mc Don Juan
96,spotify:track:0yDMhYTryvQoR634wDgQ1j,O Fim é Triste (feat. DJ BOY),44,96,27,MC Hariel
97,spotify:track:5TGkZGCUoV1zvFxQOIQM5O,Reverse,74,93,11,HITMAKER
98,spotify:track:5FNdfRpHs4u5vto9YdY3ft,Eu Já Tava Bem - Ao Vivo,22,98,2,Wesley Safadão
99,spotify:track:2SOeAhvJfh7HsGYPVtGG8H,Aqui Na Parma Tu Vem Pra Fuder,66,—,1,DJ CIRILO DE CAXIAS
100,spotify:track:14JKzKrJbPDflw8XyATMey,A Maior Saudade - Ao Vivo,7,97,64,Henrique & Juliano
