rank,uri,track_name,peak,prev,streak,artist_names
1,spotify:track:4u06FbRh6FvV2FQZkouzCw,Arranhão - Ao Vivo,1,—,1,Henrique & Juliano
2,spotify:track:2RGIuYTsyyHoOCqW0krvNE,Coração Cachorro,2,—,1,Avine Vinny
3,spotify:track:0DsPj89zlY3Us7xb5cXK5h,"Trava na Pose, Chama no Zoom, Da um Close (feat. Mc Rennan)",3,—,1,DJ Patrick Muniz
4,spotify:track:7pvrsbBKUQI2QmA74WCJa5,Ela e Ela,4,—,1,Zé Neto & Cristiano
5,spotify:track:3agFBAMPiIvzfTh7a9Udm6,Nota de Repúdio - Ao Vivo,5,—,1,Gusttavo Lima
6,spotify:track:48Ll1C6qAnP2UjnopQDh4a,Bala Love,6,—,1,Mc Anjim
7,spotify:track:4kGdnA7FzSVsXC29LPghej,Revoada No Colchão,7,—,1,Zé Felipe
8,spotify:track:2ixi9HWJw5lnLDmRMsiCS5,Você Beberia Ou Não Beberia?,8,—,1,Zé Neto & Cristiano
9,spotify:track:5Q0ZnQjk4lQpScX7ujswun,A Maior Saudade - Ao Vivo,9,—,1,Henrique & Juliano
10,spotify:track:2kJRlOyrxsy7Ot3c5TZ8Q6,Meu Pedaço de Pecado,10,—,1,João Gomes
11,spotify:track:1wdhj1r7aeWVDUl9d18YKu,Expectativa x Realidade,11,—,1,Matheus & Kauan
12,spotify:track:7aZusA4cWXz3Wv9e9uhavz,Quer Voar,12,—,1,Matuê
13,spotify:track:5SwyN9hzmWjBsINlif8li8,Ficha Limpa,13,—,1,Gusttavo Lima
14,spotify:track:1bWBG6IkMnDr3qvCKSvQT7,Baby Me Atende - Ao Vivo,14,—,1,Matheus Fernandes
15,spotify:track:4PQdrXMDHDPl1RczrrlADd,MORENA,15,—,1,Luan Santana
16,spotify:track:79Wou8NwYEFzTyDQudjENF,Desbloqueado - Ao Vivo,16,—,1,Diego & Victor Hugo
17,spotify:track:2ookQf9qP2qiBuNFnNXyfl,Chega E Senta - Ao Vivo,17,—,1,John Amplificado
18,spotify:track:2wG1R0uDFwyobcWzVssC1J,GALOPA,18,—,1,PEDRO SAMPAIO
19,spotify:track:1tYJnXtKLoWVIL4lZOouQG,Cê Tá Preparada - Ao Vivo,19,—,1,Tayrone
20,spotify:track:50gPsfGHy5OnPauA9455DM,Rolê,20,—,1,Tarcísio do Acordeon
21,spotify:track:4XiFqfUXyTwOChvMLKKi0T,Sem Sentimento,21,—,1,DG e Batidão Stronda
22,spotify:track:6fe5D0ivKnpXFMAnoSRjah,Localiza Aí BB,22,—,1,Vitor e Luan
23,spotify:track:053zWWZDziDJd3U94x8RuP,Todo Mundo Menos Você,23,—,1,Marília Mendonça
24,spotify:track:4qsOrxBv09HhNSpsgMRXdC,Esqueça-Me Se For Capaz,24,—,1,Marília Mendonça
25,spotify:track:2jwrYBGz7osKI31v50bS7b,Putariazinha,25,—,1,Felipe Amorim
26,spotify:track:6pQKUKBpwr6GhfhcFFFozo,Não Nasceu pra Namorar,26,—,1,MC Zaquin
27,spotify:track:5Z9KJZvQzH6PFmb8SNkxuk,INDUSTRY BABY (feat. Jack Harlow),27,—,1,Lil Nas X
28,spotify:track:2R9IrE42Mw4zdUXAEFNiZL,Senta Danada,28,—,1,Zé Felipe
29,spotify:track:1hs2hRwPfyFLoYIf6jY1W7,Zero Saudade - Ao Vivo,29,—,1,Os Barões Da Pisadinha
30,spotify:track:452LVnTBjXYW3guqe3xiqI,Vamo Tomar Uma,30,—,1,Zé Neto & Cristiano
31,spotify:track:6Lrzxd7ST5oQ6FYKXKH7Ia,Vagabundo,31,—,1,Matheus & Kauan
32,spotify:track:2jPACjKR21inTnWeo3eHla,"Louis V, Menina Linda",32,—,1,Sidoka
33,spotify:track:3eq6zwPwN5SAw0rZxNHI22,Não Me Arranha - Ao Vivo,33,—,1,Gusttavo Lima
34,spotify:track:4DWKtQVURjepn8uzBgmwuv,Doutora 3,34,—,1,Mc Kevin
35,spotify:track:3ua3rqwBNmeGeQfcKnA3bT,Groupies,35,—,1,Doode
36,spotify:track:0FqVtQxRD3HsPltldG5v5M,Aquelas Coisas,36,—,1,João Gomes
37,spotify:track:0gplL1WMoJ6iYaPgMCL0gX,Easy On Me,37,—,1,Adele
38,spotify:track:5F2xRvRFkxDvqdFtUNAEyw,Se For Amor,38,—,1,João Gomes
39,spotify:track:53BkPZwlaLbW77uV9BnJkl,Eu Fiz o Jogo Virar,39,—,1,Mc Poze do Rodo
40,spotify:track:0wRn3ggAY1fIupTaVigdza,A Cara do Crime (Nós Incomoda),40,—,1,Mc Poze do Rodo
41,spotify:track:1tdDDOJRdbo1Uz47D1k62G,Passinho Debochado,41,—,1,Dan Ventura
42,spotify:track:6m84TzSTM5nbwZxIxkYHz6,Namorando Com Saudade,42,—,1,Jorge & Mateus
43,spotify:track:685gjMmRjwLFrtCWtF2sXo,Rasteira - Ao Vivo,43,—,1,Henrique & Juliano
44,spotify:track:2s9BO8c0co0PmgBiUoTT17,A QUEDA,44,—,1,Gloria Groove
45,spotify:track:6HV630GY0GT3RN2efFRmbP,Troca,45,—,1,Jorge & Mateus
46,spotify:track:3HquWF2pZmWYu3WAEP9Heb,Só Não Divulga,46,—,1,Fernando & Sorocaba
47,spotify:track:2MZQAvsA7aZDssppBLRxYp,Batom de Cereja - Ao Vivo,47,—,1,Israel & Rodolffo
48,spotify:track:5PjdY0CKGZdEuoNab3yDmX,STAY (with Justin Bieber),48,—,1,The Kid LAROI
49,spotify:track:62d4BfCTUHdOsARRETHLDz,Mete a Louca,49,—,1,MC Rogerinho
50,spotify:track:3ibiPPqHxdmX4nNp4kNHE9,Passatempo,50,—,1,Wesley Safadão
51,spotify:track:7Ls0AYtBWAJtt7iORFc6zC,Não Quer Chifre,51,—,1,Mc Frog
52,spotify:track:41pFFOnh1glVNIlrWOpBjb,Se Joga no Passinho,52,—,1,Brisa Star
53,spotify:track:6Vgn3IEUkWs3d6og029Gtm,Mustang Preto,53,—,1,Teto
54,spotify:track:3jSG8oE8doxDxmpe5GlFee,"Não, Não Vou",54,—,1,Mari Fernandez
55,spotify:track:6T6SDJszPbuMCBpSm3aS3G,Carinha de Neném,55,—,1,Japãozin
56,spotify:track:5ItttPiqUksUE240dJ9DT6,Faz Amor Comigo Só Hoje,56,—,1,Israel & Rodolffo
57,spotify:track:0qxLQ6opocOGyFnlXqJ53x,Bipolar,57,—,1,Mc Davi
58,spotify:track:142YjJNOuXjzeSDnB1ujw1,Sua amiga deu,58,—,1,MC Levin
59,spotify:track:73ghohUx3BscZn4hQbD35X,Faxina (Ao Vivo No Casa Filtr),59,—,1,Guilherme & Benuto
60,spotify:track:6MQrN9fclpvR4nf0uJrG1x,Vou de Lala,60,—,1,MC Joãozinho VT
61,spotify:track:3Wrjm47oTz2sjIgck11l5e,Beggin',61,—,1,Måneskin
62,spotify:track:6RMYuqlTn8777j5arY9zhC,Cena de Amor,62,—,1,Brisa Star
63,spotify:track:6vnKRiOjUjYT59xl4awHTx,Sigilo - Ao Vivo,63,—,1,Guilherme & Benuto
64,spotify:track:7kwOvJqT8zHXQ4NYUZQ6W2,Não Parei De Sofrer,64,—,1,Gustavo Mioto
65,spotify:track:3V7jLMYvvg4BHi4tmDveNc,Faking Love (feat. Saweetie),65,—,1,Anitta
66,spotify:track:6Aw11M9NT2tBeEj3mPKrjy,Facas - Ao Vivo,66,—,1,Diego & Victor Hugo
67,spotify:track:7vCvUJyjMxRkPeo19nxmuk,Coração Na Cama - Ao Vivo,67,—,1,Hugo & Guilherme
68,spotify:track:17UfXrL7Run3GyZJW4uRjC,Paradigmas,68,—,1,Jorge & Mateus
69,spotify:track:2aqqXrjrPdRHU9uSeRmL3C,Menina Se Prepara,69,—,1,Mc Pepeu
70,spotify:track:4gvrJnKCKIPiacNsWVQwEU,love nwantiti (feat. Dj Yo! & AX'EL) - Remix,70,—,1,CKay
71,spotify:track:7IG7laqVpcvIIULrwWP5SA,Vida Louca,71,—,1,Mc Poze do Rodo
72,spotify:track:2xebCnKCjYWBhJ4Ai8hO5E,Set dos Casados,72,—,1,Mc Davi
73,spotify:track:2rFQnkqRVcpKkMj1oLPMyb,Melhor Que Muita Gente - Ao Vivo,73,—,1,Israel & Rodolffo
74,spotify:track:1SC5rEoYDGUK4NfG82494W,MONTERO (Call Me By Your Name),74,—,1,Lil Nas X
75,spotify:track:07Kp3cAQRY0iPp4ATMoehM,Ficante Fiel,75,—,1,Mad Dogz
76,spotify:track:4jMrV2f00zM9ifqJal3CcG,Fim da Noite,76,—,1,Zé Vaqueiro
77,spotify:track:456hS1uLvaApIdoMyqg9e4,Google da Minha Vida,77,—,1,MC Ryan SP
78,spotify:track:1qxuVUQPbhbp4jDXaN8fJT,Vida Toda - Spotify Singles,78,—,1,L7NNON
79,spotify:track:4AAIAVjSyiq1N7SXKkwXZe,Troca de Calçada,79,—,1,Marília Mendonça
80,spotify:track:2uLt06E9xCZVPFXg9v794o,Baile do Cinga do 12,80,—,1,MC Gontijo
81,spotify:track:3CUPWFarYwA0HJQqzje4UD,Volta Rapariga,81,—,1,Vitinho Imperador
82,spotify:track:0m6XpDgZSyqyCg0HKOCaO8,Estelionato Afetivo - Ao Vivo,82,—,1,Douglas & Vinicius
83,spotify:track:7xi4XR5EIOU6OHdIydLMjT,Uma Ex - Ao Vivo,83,—,1,Murilo Huff
84,spotify:track:7gMWTBRgB5CZdNDSuweCyr,Se Essa Bunda,84,—,1,Costa Gold
85,spotify:track:5UmwpS5SHeaKNCA7bGpJRe,Quero Ver é Me Esquecer (feat. Jorge) - Ao Vivo,85,—,1,Os Barões Da Pisadinha
86,spotify:track:56kClQGx58w4meMz1JwQvB,Último Beijo,86,—,1,Bruno & Marrone
87,spotify:track:1jwEnLN5hMOwotwXfchUaf,Rei Lacoste,87,—,1,MD Chefe
88,spotify:track:2QLbRVzixE282JSQjBz2DG,Liberdade (Quando o Grave Bate Forte),88,—,1,Alok
89,spotify:track:4lHoT8PvMpMg1l5kdxqNmD,Coração de Isca,89,—,1,Bruno & Marrone
90,spotify:track:5AhnPqydkYbZAp4NkyJ7ED,ATENÇÃO,90,—,1,PEDRO SAMPAIO
91,spotify:track:5uvEyd73MMFvW2WuEghabn,Colocando Nela,91,—,1,MC L da Vinte
92,spotify:track:5r9CZJMoMmxio2AnJdxuDS,Pot-Pourri: Melhor Eu Ir / Ligando Os Fatos / Sonho de Amor / Deixa Eu Te Querer - Ao Vivo,92,—,1,Grupo Menos É Mais
93,spotify:track:7bukHRNgGLRySTJEVvLoIR,Briga Feia - Ao Vivo,93,—,1,Henrique & Juliano
94,spotify:track:5uztIMqjl5FTZSYDlOBJjV,Foi Pá Pum,94,—,1,Simone & Simaria
95,spotify:track:1gqZjpNPd6UrV8ZGyKPjDw,Até A Próxima Vida - Ao Vivo,95,—,1,Henrique & Juliano
96,spotify:track:6PQ88X9TkUIAUIZJHW2upE,Bad Habits,96,—,1,Ed Sheeran
97,spotify:track:0KkpG6b73QfIjeZDqjLwxW,Lágrima por Lágrima (feat. Gusttavo Lima) - Ao Vivo,97,—,1,DENNIS
98,spotify:track:4llr8mcoauwrHBtjGb7F9S,Tipo Gin - Ao Vivo,98,—,1,MC Kevin o Chris
99,spotify:track:6nef87NAKR2Au5YCCfnIi9,Passarinho Que Som É Esse,99,—,1,DJ TOPO
100,spotify:track:6AQqsFYtCQi9m7MJcMjGup,Superação Digital,100,—,1,Xand Avião
