rank,uri,track_name,peak,prev,streak,artist_names
1,spotify:track:00rxTS5TKv3oXpDA6nWfBi,Maria Mariah,1,5,3,JC NO BEAT
2,spotify:track:2InS5VWKJQbsFBKOsf1cJB,Let's Go 4,1,2,17,Dj GBR
3,spotify:track:2sYFUcurlISdHlAsnYCEgD,Me Leva Pra Casa / Escrito Nas Estrelas / Saudade - Ao Vivo,1,1,5,Lauana Prado
4,spotify:track:42JNab8NPeCADJ9D3Cl5wS,Barulho Do Foguete - Ao Vivo,2,3,27,Zé Neto & Cristiano
5,spotify:track:2IDf0IZ9dfw0uDYV2n1bJc,DEJA VU,4,4,5,Luan Santana
6,spotify:track:1xjy8WRyYUkayJcyyWQpYe,Fronteira - Ao Vivo,6,8,8,Ana Castela
7,spotify:track:7g7I8fjEERZH8DH3e6MUw7,Canudinho - Ao Vivo,2,6,19,Gusttavo Lima
8,spotify:track:697gwO5YoSGVAnlfREIZll,Tenho Que Me Decidir,8,22,5,MC PH
9,spotify:track:4YKujFSyakVjLdH1sDllVc,Dois Fugitivos - Ao Vivo,5,9,16,Simone Mendes
10,spotify:track:00ZKeP47bZtswtANkvxz2j,Baile do Bruxo,2,13,13,Tropa do Bruxo
11,spotify:track:7DkhndGTKaqkFxxKN7XlAh,Manda um Oi - Ao Vivo,4,7,35,Guilherme & Benuto
12,spotify:track:0oQCRjrWGvkqkdf82UlXI3,POCPOC,12,17,5,PEDRO SAMPAIO
13,spotify:track:35D06z7kmwMmYYbyJ0BkSm,Daqui pra Sempre,6,10,13,Manu
14,spotify:track:3jTyFoGeD3DTu9cnnctMWN,DENTRO DA HILUX,2,12,20,Luan Pereira
15,spotify:track:4f0aDk7HX37SfzerfznYlr,Lapada Dela - Ao Vivo,3,11,44,Grupo Menos É Mais
16,spotify:track:7G2yGMHlcPPTCDhMrAaMyZ,Tô Voltando - (Boiadeira Internacional),12,16,20,Ana Castela
17,spotify:track:6vq7r1Pqd3pyI07u63cPZV,Erro Gostoso - Ao Vivo,4,14,49,Simone Mendes
18,spotify:track:6zFpImDYig0CQhLL2NIfyN,Nosso Quadro,1,15,48,AgroPlay
19,spotify:track:4Z2i41GDQyu3KRpBavEnyR,Solteiro Forçado - Boiadeira Internacional,2,18,27,Ana Castela
20,spotify:track:64CovjRwInpOJW4PiGMprY,Faz um Vuk Vuk (Teto Espelhado),1,20,25,MC Kevin o Chris
21,spotify:track:3PqU6gHWUaBTtIZi5oxEJ7,Um Mês E Pouco - Ao Vivo,8,21,29,Zé Neto & Cristiano
22,spotify:track:0QcKkN8b4iVkmVsbaze8OS,Devia Ser Proibido - Ao Vivo Em Brasília,16,23,21,Henrique & Juliano
23,spotify:track:2twZl1jsRbJRTNCE6VB6eW,10 Carros,23,34,6,Chefin
24,spotify:track:23IebZSNZ8VzwUr4rJNGRG,MEIO TERMO - Ao Vivo,11,28,31,Luan Santana
25,spotify:track:7dKqPh21HpsysZvRWyNeM1,Bênçãos Que Não Têm Fim (Counting My Blessings),19,41,8,Isadora Pompeo
26,spotify:track:6C4nUySvjSQWoZamSKJBqH,Mala dos Porta-Mala - Ao Vivo,6,24,26,Gusttavo Lima
27,spotify:track:6rpUGV7bcWW9ro65Bf8uYY,Eu Não Dou Conta - Ao Vivo,17,26,13,Israel & Rodolffo
28,spotify:track:3S8M3mZGIc10IdtmNTsrjQ,Eu Não Previ - Ao Vivo em Goiânia,16,19,15,Traia Véia
29,spotify:track:53PpijFATt35Zxfl6LTxoK,Leão,1,25,56,Marília Mendonça
30,spotify:track:7MLX5VV97CcXIpH2QUIy13,Pane no Sistema,11,31,11,GREGO
31,spotify:track:7vCtJ5u7dFM4tAWtgFf4l8,Anestesiado - Ao Vivo,31,37,8,Murilo Huff
32,spotify:track:0redQHBfejmPUhonR5ppGC,Duas Três,5,30,48,Guilherme & Benuto
33,spotify:track:0fABszUFNbNq9IW503Gj8v,Tá OK,1,29,33,DENNIS
34,spotify:track:3iam4WkRoqMoBBCwDFZNgd,Quase Algo - Ao Vivo Em Nova Iorque / 2022,17,35,17,Henrique & Juliano
35,spotify:track:4xAGuRRKOgoaZbMGdmTD3N,Oi Balde - Ao Vivo,2,32,47,Zé Neto & Cristiano
36,spotify:track:3dA58LbGkY9CIEPyT7yAEZ,Torce o Olho - Ao Vivo,36,50,8,Gusttavo Lima
37,spotify:track:0wuj2T6IZtotux1Jjluo7m,Cama Repetida,37,39,7,Leo Santana
38,spotify:track:4zNy0cxc4p36OLdPr0sI6h,MONTAGEM ANOS 2000,9,40,17,MC Maneirinho
39,spotify:track:4KGyltc1ugN2WFcjkSPHwh,Não Vitalício (Nunca Mais) - Ao Vivo,6,38,49,Matheus & Kauan
40,spotify:track:6qYTjIEgne0leltNnvpSIM,CHEIRO NA CAMISETA,22,33,8,Luan Pereira
41,spotify:track:1kWcd9h9HoeXsKaDVhSOtj,Ela - Ao Vivo,41,42,11,Sorriso Maroto
42,spotify:track:4ssTFuVeNJG8py5dr2P2pV,Não Recomendo - Ao Vivo,42,45,5,Matheus & Kauan
43,spotify:track:3PH1nUysW7ybo3Yu8sqlPN,Seu Brilho Sumiu - Ao Vivo,2,36,45,Israel & Rodolffo
44,spotify:track:4hKLzFvNwHF6dPosGT30ed,Novo Balanço,6,47,34,Veigh
45,spotify:track:4QCwvUs4ob87Tq9VP07Uo3,Loucura,45,51,4,Borges
46,spotify:track:6GmyQws2xpUFIN5dXBNTrl,Dia de Fluxo,46,56,3,AgroPlay
47,spotify:track:2cZ62VBKsdZ7u1kKKJdFOc,Sou Musa do Verão,30,54,10,Marshmello
48,spotify:track:2QxL3wAJnwOOmygY4VX0My,Vestido Curto - Ao Vivo,43,43,3,Diego & Victor Hugo
49,spotify:track:1Vy9Wn5sbiduZKBqBlH3Mc,Ballena,7,55,26,Vulgo FK
50,spotify:track:54u86CmMqGI1rRuULlTqaB,Toca o Trompete,6,44,23,Felipe Amorim
51,spotify:track:5v1Fjk1RDKGqxwNOzGDewL,Então Vai,27,27,5,Zé Felipe
52,spotify:track:6drlqBh6BeYZinmYQ9qR2n,Furduncinho do Rogerinho,24,48,19,MC Rogerinho
53,spotify:track:4uLzGOlqSanpNS3htaUViY,Pátio do Posto - Ao Vivo,15,46,36,Zé Neto & Cristiano
54,spotify:track:1CtcgU1q0BgJN4Aottdscu,Joga Pra Lua,54,72,4,Anitta
55,spotify:track:5XHlXhyvkzl9rEJxKZKQlH,MOLETOM,3,49,28,Luan Pereira
56,spotify:track:2pidGuLSSVZPcbzE5QA1Ux,Elevador - Ao Vivo,28,53,31,Hugo & Guilherme
57,spotify:track:3ZNjlT5zR0jkEVzSSZCQeJ,Ritmista 1.0,57,—,1,DJ WN
58,spotify:track:4v7UrPWZL4FJWeL5ZWQ62E,Seu Erro - Ao Vivo Em Nova Iorque / 2022,36,58,12,Henrique & Juliano
59,spotify:track:7lTVXJfNK4xaJSUXCUac6a,Fode Bem,18,60,23,Felipe Amorim
60,spotify:track:1dNaW9Zy3lSgwylHwR75Ro,Mega Funk Lost,60,76,9,DJ Maninho
61,spotify:track:4wjDiZGsZYQqKkXyPcQGF6,Agudo Mágico 4,29,64,14,MC K.K
62,spotify:track:1Z3QqD45wKKN6fUKBXSvcZ,Pirulito Vermelho,27,52,30,Diego & Victor Hugo
63,spotify:track:62W2f0QOg20ufNjJQHqnkq,Fernando de Noronha,31,68,17,Mc IG
64,spotify:track:1KEhkxdCRb1k8UDHqACgNY,Desandei - Ao Vivo,31,61,36,Lauana Prado
65,spotify:track:4ldcxPVAtih8alepJTu8Hx,"Faz Completo, Chefe",22,57,21,Mc IG
66,spotify:track:7r8yMaSOy4XmuhRz7iv1gi,Traumatizei - Ao Vivo Em Brasília,5,63,49,Henrique & Juliano
67,spotify:track:4F3XVx6fmZvWLBqmBG1gxg,Subindo e Descendo,67,80,3,DJ Jeeh FDC
68,spotify:track:7sopDXkuzXtHt8AQpdBxmT,DONA DE MIM,11,81,6,Ana Castela
69,spotify:track:6e5byyKtx6R0h66gagelPe,Quando Apaga A Luz - Ao Vivo,14,66,51,Gustavo Mioto
70,spotify:track:4D25RP3yiJWfW9utK9dMyv,Ali Te Ama - Ao Vivo,53,62,9,Rayane & Rafaela
71,spotify:track:156LKAN2oh16qflL5oz4tO,Os Bico Tão Se Perguntando (Let’s Go 3),10,75,39,MC PH
72,spotify:track:0SCMVUZ21uYYB8cc0ScfbV,Bombonzinho - Ao Vivo,2,59,8,Israel & Rodolffo
73,spotify:track:3PLdcrfVesYKyTpS1EXsxO,Diferentão - Ao Vivo,67,67,12,Dilsinho
74,spotify:track:7Iq55toOSSBCEoGuXxQSa1,Vem Quebrando,37,77,16,Mc Danone
75,spotify:track:1i2kguziI3ZbUZnZMKNhQ2,400K,75,100,2,Mc IG
76,spotify:track:6nvbXA95vgyThzj2Tbhank,Tipo Hollywood,3,78,2,Mc Ws da leste
77,spotify:track:6LSza8vBsCd7xLk13cYhIv,Jovens Milionários (Let's Go 2),65,86,19,MC PH
78,spotify:track:2uhw2oYbugGJbn10wipNX5,Novidade na Área,1,69,29,Mc Livinho
79,spotify:track:735MbOmMNSTMmPVrY51LBh,Aqui Tem Alguém - Ao Vivo,54,70,10,Ana Castela
80,spotify:track:4AKsSRxe6z6woOAsXr5gVA,Coração na Geladeira 2,56,94,2,Mc Kevin
81,spotify:track:4dHMuSjpkUcWW3zZehOFj7,Narcisista - Ao Vivo,33,71,26,Maiara & Maraisa
82,spotify:track:0GTUqRzwAacEI5Pll8YlBA,Amor Não Dá Em Copo - Ao Vivo,57,74,11,Israel & Rodolffo
83,spotify:track:4ASA1PZyWGbuc4d9N8OAcF,Eu Gosto Assim - Ao Vivo,1,73,69,Gustavo Mioto
84,spotify:track:25ozhTrBf6vc13i1QcNNN4,Interessante,60,65,5,Ferrugem
85,spotify:track:7IPEkUJsnWYNyBkK2i2FPj,Mágica - Ao Vivo,10,79,41,Hugo & Guilherme
86,spotify:track:2yIJ2CVZkTDftAsL9NPTw2,Milionário - Ao Vivo,86,—,1,Guilherme & Benuto
87,spotify:track:0U9CZWq6umZsN432nh3WWT,"Gol Bolinha, Gol Quadrado 2",3,84,30,Mc Pedrinho
88,spotify:track:7blC5LzebSn2A64Kn4XXMP,AMBIENTE ERRADO - Ao Vivo,26,82,23,Luan Santana
89,spotify:track:1Od9NokLPxoWIZKIbImt6P,Ninguém Tá Puro,89,93,3,Mc IG
90,spotify:track:7EHlDvAa7gncwcAlfclZiX,Última Noite - Ao Vivo,85,90,6,Felipe Araújo
91,spotify:track:6zdL0aLZs6g61SPGrlMvrM,DANÇA PRA ME PROVOCAR,91,—,1,DJ JOÃO PEREIRA
92,spotify:track:6S44vghJxOzBM2dwG10KBR,MULHER SEGURA - Ao Vivo,25,92,17,Luan Santana
93,spotify:track:5aqwwgL4XOv2YJYwLiqKOZ,A Culpa É Nossa - Ao Vivo,8,85,56,Maiara & Maraisa
94,spotify:track:0tBgLNgCmRTmqrydcFfQjt,Ia Dar Bom,71,98,9,Pedro Paulo & Alex
95,spotify:track:1gUKbDEyGK4uo8t8MdjKMZ,Namorando Ou Não - Ao Vivo,12,91,44,Clayton & Romário
96,spotify:track:05WVKTdZhlIMX4qqMLuo0f,BELLAKEO,96,—,1,Peso Pluma
97,spotify:track:06WkQibI8OhOLjDxIRKu5B,Ainda Gosto de Você / Já Era - Ao Vivo,94,96,3,Sorriso Maroto
98,spotify:track:5NYqvfrt7W4mUMX3FpNO0v,Tipo IG,98,—,1,MC PH
99,spotify:track:60foquI0jndvp1YJEJrU0A,Mega a Cura Antidepressiva,99,—,1,DJ Wesley Gonzaga
100,spotify:track:2pRjaIcGc9LOmu7x9XMswA,Calafrio (feat. Henrique & Juliano) - Ao Vivo | Bônus Track,52,89,11,Diego & Victor Hugo
