rank,uri,track_name,peak,prev,streak,artist_names
1,spotify:track:0fABszUFNbNq9IW503Gj8v,Tá OK,1,1,8,DENNIS
2,spotify:track:2uhw2oYbugGJbn10wipNX5,Novidade na Área,2,4,4,Mc Livinho
3,spotify:track:4uqJelb9THHmJ3OCohg4ZJ,Nosso Quadro,1,2,23,AgroPlay
4,spotify:track:0U9CZWq6umZsN432nh3WWT,"Gol Bolinha, Gol Quadrado 2",3,3,5,Mc Pedrinho
5,spotify:track:3PH1nUysW7ybo3Yu8sqlPN,Seu Brilho Sumiu - Ao Vivo,2,5,20,Israel & Rodolffo
6,spotify:track:51pxwIxDVCbFHW8oyJFQXD,Erro Gostoso - Ao Vivo,4,6,24,Simone Mendes
7,spotify:track:4Z2i41GDQyu3KRpBavEnyR,Solteiro Forçado - Boiadeira Internacional,7,18,2,Ana Castela
8,spotify:track:4xAGuRRKOgoaZbMGdmTD3N,Oi Balde - Ao Vivo,2,8,22,Zé Neto & Cristiano
9,spotify:track:0redQHBfejmPUhonR5ppGC,Duas Três,5,7,23,Guilherme & Benuto
10,spotify:track:0JIYoXtJfORxI6gRpHv6ZW,Traumatizei - Ao Vivo Em Brasília,5,9,24,Henrique & Juliano
11,spotify:track:4hKLzFvNwHF6dPosGT30ed,Novo Balanço,6,13,9,Veigh
12,spotify:track:4f0aDk7HX37SfzerfznYlr,Lapada Dela - Ao Vivo,12,14,19,Grupo Menos É Mais
13,spotify:track:4zUFA8l78k4tCmoVuGtV8z,MEIO TERMO - Ao Vivo,11,11,6,Luan Santana
14,spotify:track:0bfJWhn3r3UQBF8WYKWT4K,"Vai Novinha Ah, Ah, Ah / Citação: O Chêro Da Carolina",10,10,4,Dyamante DJ
15,spotify:track:4sqpSDnTrbS8v7RMNCUyqS,Não Vitalício (Nunca Mais) - Ao Vivo,6,12,24,Matheus & Kauan
16,spotify:track:1mimc5QiUuwmVYdXkWvgOQ,MOLETOM,16,25,3,Luan Pereira
17,spotify:track:4pWsXhLUdtBKlw9npIXZAl,Halls na Língua,17,27,4,Kadu Martins
18,spotify:track:0SCMVUZ21uYYB8cc0ScfbV,Bombonzinho - Ao Vivo,2,15,37,Israel & Rodolffo
19,spotify:track:7DkhndGTKaqkFxxKN7XlAh,Manda um Oi - Ao Vivo,16,16,10,Guilherme & Benuto
20,spotify:track:53PpijFATt35Zxfl6LTxoK,Leão,1,19,31,Marília Mendonça
21,spotify:track:1nf1HJdTWXwf9XHQebGlOd,Quando Apaga A Luz - Ao Vivo,14,17,26,Gustavo Mioto
22,spotify:track:4uLzGOlqSanpNS3htaUViY,Pátio do Posto - Ao Vivo,15,23,11,Zé Neto & Cristiano
23,spotify:track:7IPEkUJsnWYNyBkK2i2FPj,Mágica - Ao Vivo,10,20,16,Hugo & Guilherme
24,spotify:track:12YCtLHGk6tP6RbHDHflCs,Cartão Black,2,22,10,MC Caverinha
25,spotify:track:3o4wcB1Y6xC62eF02n9RSZ,ELA PIROU NA DODGE RAM,13,21,18,Luan Pereira
26,spotify:track:3PqU6gHWUaBTtIZi5oxEJ7,Um Mês E Pouco - Ao Vivo,26,29,4,Zé Neto & Cristiano
27,spotify:track:1Vy9Wn5sbiduZKBqBlH3Mc,Ballena,27,—,1,Vulgo FK
28,spotify:track:2pidGuLSSVZPcbzE5QA1Ux,Elevador - Ao Vivo,28,36,6,Hugo & Guilherme
29,spotify:track:3P2ubMyuL9NQOVU67TVCXA,"Love, Love",29,39,4,Melody
30,spotify:track:7sopDXkuzXtHt8AQpdBxmT,DONA DE MIM,11,28,30,Ana Castela
31,spotify:track:1gUKbDEyGK4uo8t8MdjKMZ,Namorando Ou Não - Ao Vivo,12,24,19,Clayton & Romário
32,spotify:track:4ASA1PZyWGbuc4d9N8OAcF,Eu Gosto Assim - Ao Vivo,1,26,44,Gustavo Mioto
33,spotify:track:77BR4gaUAp3p0uA8UL6HT9,Não Para,27,34,19,Belle Kaffer
34,spotify:track:3khLpwuyIjEOw8vfJ1oUIT,Papin,18,30,12,MC Kevin o Chris
35,spotify:track:5aqwwgL4XOv2YJYwLiqKOZ,A Culpa É Nossa - Ao Vivo,8,33,31,Maiara & Maraisa
36,spotify:track:2LTlykcdu0gwb7zcKneo2a,Melhor Só,10,37,16,KayBlack
37,spotify:track:51FFbyL0PjkYtjXJQP0JoP,Saudade da Minha Vida - Ao Vivo,10,32,25,Gusttavo Lima
38,spotify:track:0KXdSF0Poa57KOepZ3hKrh,Palhaça - Ao Vivo,17,35,27,Naiara Azevedo
39,spotify:track:5vdQUAFncALEH9EQvyAqIX,Forte Forte de Lacoste - Pra Começar o Final de Semana,39,49,4,DJ Jeeh FDC
40,spotify:track:2BlFIe0712LBUtTHxbqjme,Love Gostosinho - Ao Vivo,28,41,23,NATTAN
41,spotify:track:745VUhm32odbxJI2q1rUMv,Ela Voltou de Perna Bamba,18,38,9,MC Guh SR
42,spotify:track:7GScY8oE12cqTiNBzVQpUB,Mala dos Porta-Mala - Ao Vivo,42,—,1,Gusttavo Lima
43,spotify:track:6dtQM0CXRFJgD7ifUNosZj,Desandei - Ao Vivo,31,31,11,Lauana Prado
44,spotify:track:3ktTWpYdXrYApH54cBo4Ap,Conexões de Máfia (feat. Rich The Kid),6,40,12,Matuê
45,spotify:track:6L2ule7uWSdh1qjcMO3vUD,Quem tá Pegando,44,44,5,Murilo Huff
46,spotify:track:7nFvKgVumc9FcU97zGjjei,Coração de Gelo,6,42,32,WIU
47,spotify:track:39xOREhViooEYFpmnKTdrl,Engana Dizendo Que Ama,27,48,9,Veigh
48,spotify:track:156LKAN2oh16qflL5oz4tO,Os Bico Tão Se Perguntando (Let’s Go 3),10,43,14,MC PH
49,spotify:track:15nTZqWfpXZk9Xh043Ognh,Posturado E Calmo,49,50,3,Leo Santana
50,spotify:track:5yscNPMHmhqHQX9B9GFzMp,Te Esqueci Sem Querer - Ao Vivo Em Brasília,34,45,13,Henrique & Juliano
51,spotify:track:7Ht57bh2FwiQLwRH9zqESG,085 - Ao Vivo,33,46,19,MC Rogerinho
52,spotify:track:5TtTijiNYtFc6ktQARjY30,Preferida,18,47,16,KayBlack
53,spotify:track:6hu4HvpNzrW2RIEEAZC3vD,Segredo,30,58,16,KayBlack
54,spotify:track:22sAwsBH0NoNJXnrBenQuO,Sem Aliança no Dedo,4,51,23,MC Xenon
55,spotify:track:7CUQQLRMIeSfa4m2uQcRHp,Rancorosa - Ao Vivo Em Brasília,16,56,17,Henrique & Juliano
56,spotify:track:1L7hWEc3tVjvmbw48ShktM,Desejo Imortal (It Must Have Been Love) - Ao Vivo,32,52,14,Gusttavo Lima
57,spotify:track:0Q1oLvAI9QaD3DIlvluTqx,Voltou Com Quem Não Voltava - Ao Vivo,53,63,7,Israel & Rodolffo
58,spotify:track:5WsM6qhZzRSD3oKbtorxzD,Aquecimento Senta Senta Suave,11,57,18,MC Kevin o Chris
59,spotify:track:2M4kQD87lKnAS9vFlb4Bez,Pactos - Ao Vivo,5,55,40,Matheus & Kauan
60,spotify:track:1Z3QqD45wKKN6fUKBXSvcZ,Pirulito Vermelho,55,65,5,Diego & Victor Hugo
61,spotify:track:2LJLGfBHKFmNdD4iXRRPXV,Solteiro Frustrado - Ao Vivo,53,53,4,Gusttavo Lima
62,spotify:track:09pQ3lGyMTpW3rz7a71zwQ,Metade De Mim - Ao Vivo,18,54,20,Hugo & Guilherme
63,spotify:track:4KUj5wxJuY9Nf7L6guRxrU,Abre A Mente - Ao Vivo Em Brasília,56,76,6,Henrique & Juliano
64,spotify:track:42JNab8NPeCADJ9D3Cl5wS,Barulho Do Foguete - Ao Vivo,64,85,2,Zé Neto & Cristiano
65,spotify:track:5Ubx4DpvVodvsGH9ilxPVi,Haja Colírio (feat. Hugo & Guilherme) - Ao Vivo,1,59,56,Guilherme & Benuto
66,spotify:track:1JQ1ylL2JEjC6Ib7IJgOvS,Coração Amoleceu,50,64,24,Mc Don Juan
67,spotify:track:1YTzCKxoOSZOqcNh6wa15I,Galopeira,59,61,10,MC Menor MT
68,spotify:track:2xs2TwrlfamtW0DQqId0M5,Set Dj Boy 3.0,62,66,9,DJ BOY
69,spotify:track:7kJ0aTB5gLMYrJjYft3Vx6,Na Contramão,54,62,9,DJ Katrip
70,spotify:track:1JxrRikYoQjq2hlogQFyv5,Vai Luan - AgroPlay Verão,69,73,3,AgroPlay
71,spotify:track:5pBU3Yihoa4hiwQ2T5fGhH,Esse B.O é Meu - Ao Vivo,11,60,37,Guilherme & Benuto
72,spotify:track:6xRDvureEBwHgwAYDufbJL,Chorei na Vaquejada,70,84,6,Eric Land
73,spotify:track:7zmS0vPbWg2k6sfL3uqrGD,Cê Não Me Superou - Ao Vivo,73,—,1,Luiza Martins
74,spotify:track:0yZRkiCSy4ra9EykuYyGo0,Mandona (Se eu te dissesse),54,69,6,Vulgo FK
75,spotify:track:74Le949TrZk4zwDjtWzH23,Cavalo de Pau,38,71,31,Bruno & Denner
76,spotify:track:27ECP9NCzTAoTpxXNePZuS,01 Não É 02,76,94,3,Mc Paiva ZS
77,spotify:track:5WGTBzRLbjj0Sm3Br8X1rI,Bandido Não Dança,24,70,26,Mc Paiva ZS
78,spotify:track:7CJJ7JC3kj9XdweWTvfVhX,Vacilão,4,77,18,Zé Felipe
79,spotify:track:0WrM1ON5poAsmKw3x5uPhD,Narcisista - Ao Vivo,79,—,1,Maiara & Maraisa
80,spotify:track:3gCWngngUs1uojw33vrE8K,5 Regras - Ao Vivo,4,74,51,Jorge & Mateus
81,spotify:track:2hkwwmmLC90T8BQ7t3xufq,Roça Em Mim,5,82,35,Zé Felipe
82,spotify:track:6eNRGL6Nkdg7RhJtmbcl0j,Luz do Luar,7,78,28,Mc Tato
83,spotify:track:0AIA4KsMsyqur8FbTVhGNT,SOLTEIROU - Ao Vivo,28,79,26,Luan Santana
84,spotify:track:6UHMmTS8TfWK3vKvoEZOQG,Me Gusta - AgroPlay Verão,48,72,7,AgroPlay
85,spotify:track:0tBgLNgCmRTmqrydcFfQjt,Ia Dar Bom,74,86,3,Pedro Paulo & Alex
86,spotify:track:6tW23l5oRR8XyYJsF5si9G,Eu Minto (Ao Vivo),52,75,3,US Agroboy
87,spotify:track:3l5VjEAeUTqrlD50iEo8Yn,Licor 43,69,91,21,KayBlack
88,spotify:track:5AdPP30mjJCtBMyYKZUEU7,Assunto Delicado - Ao Vivo,3,68,48,Guilherme & Benuto
89,spotify:track:7AwVSKaQxpidrtYBerkHKk,Pipoco,1,80,59,Ana Castela
90,spotify:track:2tFmuYL5D8zqBHvs0nG5Tn,Bonjour,36,95,23,KayBlack
91,spotify:track:3d1im1pw3WLuEty2k9XzTr,Clickbait,28,87,12,Veigh
92,spotify:track:1OZ4uv7OAP24Ix6j3vojLt,Casei Com a Putaria,1,90,54,Mc Paiva ZS
93,spotify:track:3C99BfGe301JNp7BqTX5Uu,Média Boa - Ao Vivo,7,83,38,Felipe e Rodrigo
94,spotify:track:6njJR3OIp3oA0Kc4aC9Tzf,MONTAGEM - PR FUNK,94,—,1,S3BZS
95,spotify:track:4AKsSRxe6z6woOAsXr5gVA,Coração na Geladeira 2,95,—,1,Mc Kevin
96,spotify:track:1ACALdBWViTpLBC14Ecv8E,Namora Aí,12,99,32,MC Ryan SP
97,spotify:track:3O2wrDL7nnSDZOrdZqxyoY,Noite Fria,14,89,20,Mc IG
98,spotify:track:5ffDENIdtByAZxHpuuj9li,Vida Chique,47,96,2,Veigh
99,spotify:track:2X5o4nRiocnoaaQ2wMwaeC,Sorrisin De Puto,41,92,27,DJ Cayoo
100,spotify:track:2Vl7x4BkNhhJkEmQQMcV0V,Toma Tapa,21,67,31,Mc Jacaré
