rank,uri,track_name,peak,prev,streak,artist_names
1,spotify:track:2uhw2oYbugGJbn10wipNX5,Novidade na Área,1,1,6,Mc Livinho
2,spotify:track:0fABszUFNbNq9IW503Gj8v,Tá OK,1,2,10,DENNIS
3,spotify:track:4Z2i41GDQyu3KRpBavEnyR,Solteiro Forçado - Boiadeira Internacional,3,5,4,Ana Castela
4,spotify:track:0U9CZWq6umZsN432nh3WWT,"Gol Bolinha, Gol Quadrado 2",3,3,7,Mc Pedrinho
5,spotify:track:4uqJelb9THHmJ3OCohg4ZJ,Nosso Quadro,1,4,25,AgroPlay
6,spotify:track:3PH1nUysW7ybo3Yu8sqlPN,Seu Brilho Sumiu - Ao Vivo,2,6,22,Israel & Rodolffo
7,spotify:track:1Vy9Wn5sbiduZKBqBlH3Mc,Ballena,7,9,3,Vulgo FK
8,spotify:track:51pxwIxDVCbFHW8oyJFQXD,Erro Gostoso - Ao Vivo,4,7,26,Simone Mendes
9,spotify:track:4xAGuRRKOgoaZbMGdmTD3N,Oi Balde - Ao Vivo,2,8,24,Zé Neto & Cristiano
10,spotify:track:64CovjRwInpOJW4PiGMprY,Faz um Vuk Vuk (Teto Espelhado),10,90,2,MC Kevin o Chris
11,spotify:track:4hKLzFvNwHF6dPosGT30ed,Novo Balanço,6,11,11,Veigh
12,spotify:track:1mimc5QiUuwmVYdXkWvgOQ,MOLETOM,12,15,5,Luan Pereira
13,spotify:track:0redQHBfejmPUhonR5ppGC,Duas Três,5,10,25,Guilherme & Benuto
14,spotify:track:4f0aDk7HX37SfzerfznYlr,Lapada Dela - Ao Vivo,12,13,21,Grupo Menos É Mais
15,spotify:track:4pWsXhLUdtBKlw9npIXZAl,Halls na Língua,15,18,6,Kadu Martins
16,spotify:track:4zUFA8l78k4tCmoVuGtV8z,MEIO TERMO - Ao Vivo,11,14,8,Luan Santana
17,spotify:track:7r8yMaSOy4XmuhRz7iv1gi,Traumatizei - Ao Vivo Em Brasília,5,12,26,Henrique & Juliano
18,spotify:track:3PqU6gHWUaBTtIZi5oxEJ7,Um Mês E Pouco - Ao Vivo,18,25,6,Zé Neto & Cristiano
19,spotify:track:0bfJWhn3r3UQBF8WYKWT4K,"Vai Novinha Ah, Ah, Ah / Citação: O Chêro Da Carolina",10,16,6,Dyamante DJ
20,spotify:track:4sqpSDnTrbS8v7RMNCUyqS,Não Vitalício (Nunca Mais) - Ao Vivo,6,17,26,Matheus & Kauan
21,spotify:track:7GScY8oE12cqTiNBzVQpUB,Mala dos Porta-Mala - Ao Vivo,20,20,3,Gusttavo Lima
22,spotify:track:7DkhndGTKaqkFxxKN7XlAh,Manda um Oi - Ao Vivo,16,19,12,Guilherme & Benuto
23,spotify:track:1nf1HJdTWXwf9XHQebGlOd,Quando Apaga A Luz - Ao Vivo,14,22,28,Gustavo Mioto
24,spotify:track:0SCMVUZ21uYYB8cc0ScfbV,Bombonzinho - Ao Vivo,2,21,39,Israel & Rodolffo
25,spotify:track:53PpijFATt35Zxfl6LTxoK,Leão,1,24,33,Marília Mendonça
26,spotify:track:7IPEkUJsnWYNyBkK2i2FPj,Mágica - Ao Vivo,10,28,18,Hugo & Guilherme
27,spotify:track:12YCtLHGk6tP6RbHDHflCs,Cartão Black,2,26,12,MC Caverinha
28,spotify:track:4uLzGOlqSanpNS3htaUViY,Pátio do Posto - Ao Vivo,15,23,13,Zé Neto & Cristiano
29,spotify:track:3P2ubMyuL9NQOVU67TVCXA,"Love, Love",27,27,6,Melody
30,spotify:track:2pidGuLSSVZPcbzE5QA1Ux,Elevador - Ao Vivo,28,30,8,Hugo & Guilherme
31,spotify:track:1gUKbDEyGK4uo8t8MdjKMZ,Namorando Ou Não - Ao Vivo,12,32,21,Clayton & Romário
32,spotify:track:3o4wcB1Y6xC62eF02n9RSZ,ELA PIROU NA DODGE RAM,13,29,20,Luan Pereira
33,spotify:track:3khLpwuyIjEOw8vfJ1oUIT,Papin,18,33,14,MC Kevin o Chris
34,spotify:track:5vdQUAFncALEH9EQvyAqIX,Forte Forte de Lacoste - Pra Começar o Final de Semana,34,37,6,DJ Jeeh FDC
35,spotify:track:2LTlykcdu0gwb7zcKneo2a,Melhor Só,10,39,18,KayBlack
36,spotify:track:77BR4gaUAp3p0uA8UL6HT9,Não Para,27,38,21,Belle Kaffer
37,spotify:track:745VUhm32odbxJI2q1rUMv,Ela Voltou de Perna Bamba,18,41,11,MC Guh SR
38,spotify:track:6L2ule7uWSdh1qjcMO3vUD,Quem tá Pegando,35,35,7,Murilo Huff
39,spotify:track:5aqwwgL4XOv2YJYwLiqKOZ,A Culpa É Nossa - Ao Vivo,8,36,33,Maiara & Maraisa
40,spotify:track:7sopDXkuzXtHt8AQpdBxmT,DONA DE MIM,11,31,32,Ana Castela
41,spotify:track:3ktTWpYdXrYApH54cBo4Ap,Conexões de Máfia (feat. Rich The Kid),6,43,14,Matuê
42,spotify:track:39xOREhViooEYFpmnKTdrl,Engana Dizendo Que Ama,27,48,11,Veigh
43,spotify:track:51FFbyL0PjkYtjXJQP0JoP,Saudade da Minha Vida - Ao Vivo,10,40,27,Gusttavo Lima
44,spotify:track:2uGk60j3LR5bp6tGq9vtII,Halls na Língua - Remix,44,70,2,GORDÃO DO PC
45,spotify:track:15nTZqWfpXZk9Xh043Ognh,Posturado E Calmo,42,42,5,Leo Santana
46,spotify:track:6dtQM0CXRFJgD7ifUNosZj,Desandei - Ao Vivo,31,44,13,Lauana Prado
47,spotify:track:2BlFIe0712LBUtTHxbqjme,Love Gostosinho - Ao Vivo,28,47,25,NATTAN
48,spotify:track:156LKAN2oh16qflL5oz4tO,Os Bico Tão Se Perguntando (Let’s Go 3),10,46,16,MC PH
49,spotify:track:6hu4HvpNzrW2RIEEAZC3vD,Segredo,30,53,18,KayBlack
50,spotify:track:1Z3QqD45wKKN6fUKBXSvcZ,Pirulito Vermelho,50,55,7,Diego & Victor Hugo
51,spotify:track:7nFvKgVumc9FcU97zGjjei,Coração de Gelo,6,49,34,WIU
52,spotify:track:22sAwsBH0NoNJXnrBenQuO,Sem Aliança no Dedo,4,56,25,MC Xenon
53,spotify:track:4ASA1PZyWGbuc4d9N8OAcF,Eu Gosto Assim - Ao Vivo,1,34,46,Gustavo Mioto
54,spotify:track:5TtTijiNYtFc6ktQARjY30,Preferida,18,52,18,KayBlack
55,spotify:track:0Co2c6T1U06m4wLT6kOxdc,Poesia Acústica 14,55,66,2,Pineapple StormTv
56,spotify:track:3zKJWk2l4uZ46KNRSFHriG,Palhaça - Ao Vivo,17,45,29,Naiara Azevedo
57,spotify:track:7Ht57bh2FwiQLwRH9zqESG,085 - Ao Vivo,33,51,21,MC Rogerinho
58,spotify:track:4vdFF0P7oTZoeKvnfIsbh3,Te Esqueci Sem Querer - Ao Vivo Em Brasília,34,50,15,Henrique & Juliano
59,spotify:track:0Q1oLvAI9QaD3DIlvluTqx,Voltou Com Quem Não Voltava - Ao Vivo,53,58,9,Israel & Rodolffo
60,spotify:track:64I2WXRrFWWxjRh8uTYYQB,Abre A Mente - Ao Vivo Em Brasília,56,63,8,Henrique & Juliano
61,spotify:track:4qx6N7gtoRnqFHQKOS5AKH,Rancorosa - Ao Vivo Em Brasília,16,54,19,Henrique & Juliano
62,spotify:track:42JNab8NPeCADJ9D3Cl5wS,Barulho Do Foguete - Ao Vivo,61,61,4,Zé Neto & Cristiano
63,spotify:track:2M4kQD87lKnAS9vFlb4Bez,Pactos - Ao Vivo,5,57,42,Matheus & Kauan
64,spotify:track:09pQ3lGyMTpW3rz7a71zwQ,Metade De Mim - Ao Vivo,18,59,22,Hugo & Guilherme
65,spotify:track:7kJ0aTB5gLMYrJjYft3Vx6,Na Contramão,54,72,11,DJ Katrip
66,spotify:track:2LJLGfBHKFmNdD4iXRRPXV,Solteiro Frustrado - Ao Vivo,53,64,6,Gusttavo Lima
67,spotify:track:4lL0M9HzNFspnIwj2WfU6c,Oi Vida - Ao Vivo,67,—,1,Gusttavo Lima
68,spotify:track:2xs2TwrlfamtW0DQqId0M5,Set Dj Boy 3.0,62,68,11,DJ BOY
69,spotify:track:6xRDvureEBwHgwAYDufbJL,Chorei na Vaquejada,69,79,8,Eric Land
70,spotify:track:1JQ1ylL2JEjC6Ib7IJgOvS,Coração Amoleceu,50,71,26,Mc Don Juan
71,spotify:track:5Ubx4DpvVodvsGH9ilxPVi,Haja Colírio (feat. Hugo & Guilherme) - Ao Vivo,1,62,58,Guilherme & Benuto
72,spotify:track:0WrM1ON5poAsmKw3x5uPhD,Narcisista - Ao Vivo,72,83,3,Maiara & Maraisa
73,spotify:track:7zmS0vPbWg2k6sfL3uqrGD,Cê Não Me Superou - Ao Vivo,65,65,3,Luiza Martins
74,spotify:track:1YTzCKxoOSZOqcNh6wa15I,Galopeira,59,69,12,MC Menor MT
75,spotify:track:27ECP9NCzTAoTpxXNePZuS,01 Não É 02,75,78,5,Mc Paiva ZS
76,spotify:track:4AKsSRxe6z6woOAsXr5gVA,Coração na Geladeira 2,76,—,1,Mc Kevin
77,spotify:track:5WGTBzRLbjj0Sm3Br8X1rI,Bandido Não Dança,24,77,28,Mc Paiva ZS
78,spotify:track:2Vl7x4BkNhhJkEmQQMcV0V,Toma Tapa,21,80,33,Mc Jacaré
79,spotify:track:6njJR3OIp3oA0Kc4aC9Tzf,MONTAGEM - PR FUNK,67,67,3,S3BZS
80,spotify:track:6eNRGL6Nkdg7RhJtmbcl0j,Luz do Luar,7,82,30,Mc Tato
81,spotify:track:0yZRkiCSy4ra9EykuYyGo0,Mandona (Se eu te dissesse),54,91,8,Vulgo FK
82,spotify:track:74Le949TrZk4zwDjtWzH23,Cavalo de Pau,38,74,33,Bruno & Denner
83,spotify:track:7CJJ7JC3kj9XdweWTvfVhX,Vacilão,4,81,20,Zé Felipe
84,spotify:track:5WsM6qhZzRSD3oKbtorxzD,Aquecimento Senta Senta Suave,11,60,20,MC Kevin o Chris
85,spotify:track:1L7hWEc3tVjvmbw48ShktM,Desejo Imortal (It Must Have Been Love) - Ao Vivo,32,75,16,Gusttavo Lima
86,spotify:track:1JxrRikYoQjq2hlogQFyv5,Vai Luan - AgroPlay Verão,69,76,5,AgroPlay
87,spotify:track:3d1im1pw3WLuEty2k9XzTr,Clickbait,28,94,14,Veigh
88,spotify:track:5pBU3Yihoa4hiwQ2T5fGhH,Esse B.O é Meu - Ao Vivo,11,73,39,Guilherme & Benuto
89,spotify:track:3gCWngngUs1uojw33vrE8K,5 Regras - Ao Vivo,4,84,53,Jorge & Mateus
90,spotify:track:3l5VjEAeUTqrlD50iEo8Yn,Licor 43,69,86,23,KayBlack
91,spotify:track:2tFmuYL5D8zqBHvs0nG5Tn,Bonjour,36,95,25,KayBlack
92,spotify:track:1OZ4uv7OAP24Ix6j3vojLt,Casei Com a Putaria,1,92,56,Mc Paiva ZS
93,spotify:track:3O2wrDL7nnSDZOrdZqxyoY,Noite Fria,14,98,22,Mc IG
94,spotify:track:0tBgLNgCmRTmqrydcFfQjt,Ia Dar Bom,74,93,5,Pedro Paulo & Alex
95,spotify:track:5AdPP30mjJCtBMyYKZUEU7,Assunto Delicado - Ao Vivo,3,85,50,Guilherme & Benuto
96,spotify:track:4sfY9Q4rQKVwxQVKo6v04i,2023,96,—,1,Vulgo FK
97,spotify:track:2hkwwmmLC90T8BQ7t3xufq,Roça Em Mim,5,89,37,Zé Felipe
98,spotify:track:6tW23l5oRR8XyYJsF5si9G,Eu Minto (Ao Vivo),52,87,5,US Agroboy
99,spotify:track:0QcKkN8b4iVkmVsbaze8OS,Devia Ser Proibido - Ao Vivo Em Brasília,99,—,1,Henrique & Juliano
100,spotify:track:1ACALdBWViTpLBC14Ecv8E,Namora Aí,12,96,34,MC Ryan SP
