rank,uri,track_name,peak,prev,streak,artist_names
1,spotify:track:7AwVSKaQxpidrtYBerkHKk,Pipoco,1,1,9,Ana Castela
2,spotify:track:5vC8UAOHeG95ehRzZChniB,Ai Preto,2,2,7,L7NNON
3,spotify:track:0i4UV3HjjvsUuV3BajEXoD,Baile no Morro,1,4,6,MC Tairon
4,spotify:track:4xxeEWGQNFQ6qehlnev5LS,Te Amo Demais,4,9,2,Marília Mendonça
5,spotify:track:7KWKWJnbGJ3Soag6Oopion,CACHORRINHAS,5,6,3,Luísa Sonza
6,spotify:track:5PZAbR6JHYYV9xp5gv0XES,Bandido,1,3,7,Zé Felipe
7,spotify:track:4NNZZXHgn9F3cCgC1YGmLl,Todo Seu - Ao Vivo,5,7,13,Jorge & Mateus
8,spotify:track:6gEOM9IEBzvTdbwNrSkBdC,Fala Mal de Mim - Ao Vivo,5,5,4,Gusttavo Lima
9,spotify:track:1ELsaYdj2NlxLvkx9g24xZ,Haja Colírio (feat. Hugo & Guilherme) - Ao Vivo,9,11,6,Guilherme & Benuto
10,spotify:track:6Zw25LRLP0j0MsezDFIUM4,Mal Feito - Ao Vivo,1,10,29,Hugo & Guilherme
11,spotify:track:0sjhY8nPIm6cPOQfyUPmJe,ERRO PLANEJADO - Ao Vivo,1,8,16,Luan Santana
12,spotify:track:5PSkF3QpVMlAx8U5Inxj39,Vento Forte,12,38,2,Mc Jacaré
13,spotify:track:1K8AtBJXcdq5mywMnZuARP,Termina Comigo Antes,1,13,18,Gusttavo Lima
14,spotify:track:2qmG7dokbGpDGD0T5wORWt,Balanço da Rede,2,12,18,Matheus Fernandes
15,spotify:track:7qD2vjd3btuOgwpQPEY7ci,EU VOU COM CARINHO ELA QUER COM FORÇA,5,14,11,Mc Don Juan
16,spotify:track:42nZBOwXNdO24Ml032bLBS,Gatilho - Ao Vivo,16,16,20,Matheus & Kauan
17,spotify:track:4m1mqQuy34Nzh0480VR364,Incendeia,17,23,3,MC Kevin o Chris
18,spotify:track:3sd2p4kE7xQmFH3lPnFl6h,sentaDONA (Remix) s2,1,15,20,Davi Kneip
19,spotify:track:3XF598RmEUF3XW4XKo1lyP,Meu Número - Ao Vivo,12,18,16,Hugo & Guilherme
20,spotify:track:4a0sqvCBo7aRIS4GzBQpnp,Kikando e Me Olhando,11,21,16,MC Braz
21,spotify:track:6Ulh9GPYz6JKdv04qc3q2U,Dengo,10,17,12,João Gomes
22,spotify:track:3ShKPhFkexrwl7WoyTtNND,Tchuco Nela,9,20,14,MC Rogerinho
23,spotify:track:6bwx7pcKJY05D9S6CVa1k6,Nem Namorado e Nem Ficante - Ao Vivo | Faixa Bônus,23,25,10,Israel & Rodolffo
24,spotify:track:53RxHysDJ0cjugMcPymwja,ABALO EMOCIONAL - Ao Vivo,4,24,26,Luan Santana
25,spotify:track:2wSCalnGOnXdAJC0Fn8OUY,Vai Lá Em Casa Hoje,1,22,41,George Henrique & Rodrigo
26,spotify:track:1OZ4uv7OAP24Ix6j3vojLt,Casei Com a Putaria,26,50,4,Mc Paiva ZS
27,spotify:track:7bhvRvE56NHBvedx0EeALS,Comunicação Falhou - Ao Vivo,27,27,10,Mari Fernandez
28,spotify:track:3ITkrUvAA6gzxer2UIom3P,Molhando o Volante,5,26,34,Jorge & Mateus
29,spotify:track:1rJFFWDXrlMS0C5JlbqFbI,Tem Cabaré Essa Noite,29,30,3,Nivaldo Marques
30,spotify:track:14JKzKrJbPDflw8XyATMey,A Maior Saudade - Ao Vivo,7,29,42,Henrique & Juliano
31,spotify:track:5zNxUkUW9WiV5oyg6gh2wB,DANÇARINA,1,28,25,PEDRO SAMPAIO
32,spotify:track:4QWumyD2uwiePBBha9XBHI,No Ouvidinho,5,19,18,Felipe Amorim
33,spotify:track:6bTdZ7xfKp3NqqADJ8HLyj,Vampiro,5,32,18,Matuê
34,spotify:track:3jPp5Aukksz9Ir0gZy6lZM,Acabei de Terminar - Ao Vivo,34,54,14,Paulo e Nathan
35,spotify:track:4qsOrxBv09HhNSpsgMRXdC,Esqueça-Me Se For Capaz,1,31,42,Marília Mendonça
36,spotify:track:2ebFBmle5uXcdbrCAOvPcZ,Vagabundo Chora - Ao Vivo,15,34,25,Guilherme & Benuto
37,spotify:track:0MKd4uZd8Ag8qyReZBTarP,Pino da Granada - Ao Vivo em Rio Preto,36,36,10,Murilo Huff
38,spotify:track:11fqunD6qlOCrRd88kMOk6,Evento Cancelado - Ao Vivo,17,40,11,Henrique & Juliano
39,spotify:track:5lCAtKxkZL6tFDyGX9t87j,Eu Já Tava Bem - Ao Vivo,22,35,35,Wesley Safadão
40,spotify:track:6hFwju6M40CKovKBPu5IpY,ACORDA PEDRINHO,1,33,12,Jovem Dionisio
41,spotify:track:4Dvkj6JhhA12EX05fT7y2e,As It Was,26,37,18,Harry Styles
42,spotify:track:3IMLoeLerS7TMpKjxUgAhx,Arranhão - Ao Vivo,1,48,42,Henrique & Juliano
43,spotify:track:6Lk3kU7JcQ5dZ7jbmhJzQN,Melhor Ser uma Saudade,11,43,27,Zé Neto & Cristiano
44,spotify:track:0yDMhYTryvQoR634wDgQ1j,O Fim é Triste (feat. DJ BOY),44,51,5,MC Hariel
45,spotify:track:0tM4J8aID6qYZOE3e14sCj,Acordo - Ao Vivo,17,46,41,Henrique & Juliano
46,spotify:track:7afaZ37wJJL6880z1NRgJS,Fim de Semana no Rio,13,53,18,Teto
47,spotify:track:4NJKCE1TBC653P3dCnto0u,Simplesmente Ela,23,45,19,Mc Gabzin
48,spotify:track:6BF3nZQkAg9qvE0DLVSfyH,Hotel Caro,22,44,8,Baco Exu do Blues
49,spotify:track:6nkoWsFZeFt5dUdNmlIceh,Bloqueado - Ao Vivo,3,49,36,Gusttavo Lima
50,spotify:track:5etfNcFAD9M8uibXpYMxfQ,Tu Tava Na Revoada - Ao Vivo,42,42,6,Wesley Safadão
51,spotify:track:3ZtHHGpAPSWC7Gnios4lmK,Metflix,51,—,1,Mc Poze do Rodo
52,spotify:track:4IX43MpJlpxzRMLb9QayrJ,PERIGO NOTURNO - Ao Vivo,39,39,5,Luan Santana
53,spotify:track:5TPXcKSOlPaz2pkYbWiWHU,Ai Eu Chorei - Ao Vivo,53,61,3,Clayton & Romário
54,spotify:track:04vzhKfl5HtPEgrdZJCZ7L,Bagulho Louco,54,75,10,Mc Paiva ZS
55,spotify:track:7HdWqZjUmIHK5B8zwPCRds,Áudio Que Te Entrega - Faixa Bônus,34,56,12,Leo Santana
56,spotify:track:0NBgyml7T0IvUNbXIkcSpH,Malvadão 3,1,41,33,Xamã
57,spotify:track:7gVzhRCrLRUBEGdS7zNTp0,Malvada,3,47,27,Zé Felipe
58,spotify:track:2LEV3lTRxKqLBfmt5BWkLj,Não Pega Ninguém Ainda (Ao Vivo),17,52,9,Gusttavo Lima
59,spotify:track:75fCsUnTiDelE4HMd06t4O,Gostosinho Tu Cai,22,63,14,Mc Pepeu
60,spotify:track:75FEaRjZTKLhTrFGsfMUXR,Running Up That Hill (A Deal With God),33,55,10,Kate Bush
61,spotify:track:1RgJ4lexKGNBlKnyxB5SRt,Balazul,46,62,8,Teto
62,spotify:track:48LEhRW4gLMCVSYFEZvt8b,Assume a Gente - Ao Vivo,28,58,19,João Bosco e Gabriel
63,spotify:track:7fzgTaVhUxmEzjtcd9NdWo,Cê Tá Preparada - Ao Vivo,14,68,42,Tayrone
64,spotify:track:7qq40cRIYNKZCDt1STfBqt,"Bruna, Tu Já Parou Pra Pensar",64,67,4,Niack
65,spotify:track:4aoZBldNDVYmTwmeoI49ud,O Poder Dessa Garota,62,70,5,Mc Gabzin
66,spotify:track:4EVzu5mYyigjyLrryKbZs7,VERMELHO,10,59,25,Gloria Groove
67,spotify:track:3YvE7uo4ffseBoJPh8IhHp,Presepada,4,60,39,Marília Mendonça
68,spotify:track:28m65cMH7QXHzFnZSTtNHY,Não Sei o Que Lá,23,64,39,Marília Mendonça
69,spotify:track:72g37RoelSnovZakG5MwnF,Parada Louca,11,66,37,Mari Fernandez
70,spotify:track:1ih3nbYJ0lugsku6065BC5,Me Chama de Amor - Arrochadeira Remix,43,65,12,O Tubarão
71,spotify:track:2s8kT1fuBVjxept8bH68Sw,SET MK 2,61,72,9,MC Hariel
72,spotify:track:2VbKpQWIMRelKmEy8rSCAf,Set Tatuapé Conceito 2,72,83,4,Mc Kako
73,spotify:track:3qHN7TSBfVQPF9ojUVT9ZT,Pras Novinha (feat. DJ Pedrin),73,74,4,Mc Livinho
74,spotify:track:3gCWngngUs1uojw33vrE8K,5 Regras - Ao Vivo,74,—,1,Jorge & Mateus
75,spotify:track:3QxKHcpNt6CWNUYCLLBHeZ,Escolhe o Bandido,75,76,2,MC CH da Z.O
76,spotify:track:1XcmAgREOuJQb91sr68AAD,Sentadinha Diferente,76,85,2,Dyamante DJ
77,spotify:track:30rrBGpna63eIJ2BrXlWDC,Minha Cópia Atual - Ao Vivo,50,77,18,Henrique & Juliano
78,spotify:track:0yL7K9MzC20uBesZTPY81r,Pandora,6,80,35,DJ Matt D
79,spotify:track:2xebCnKCjYWBhJ4Ai8hO5E,Set dos Casados,16,81,42,Mc Davi
80,spotify:track:5pyoxDZ1PX0KxBxiRVxA4U,BREAK MY SOUL,76,—,1,Beyoncé
81,spotify:track:3xt7v3bMNnQ8ie8RjhmkX2,Imagina A Sentada - Ao Vivo,15,82,31,Matheus & Kauan
82,spotify:track:0qYW2jULeN9giEty0ee9Fy,Botadinha Saliente,9,73,25,MC Rogerinho
83,spotify:track:14uWxelOuAUajP8fDvc0Ct,Falta Você,83,87,3,Thiaguinho
84,spotify:track:1Hohk6AufHZOrrhMXZppax,ALIEN SUPERSTAR,84,—,1,Beyoncé
85,spotify:track:053zWWZDziDJd3U94x8RuP,Todo Mundo Menos Você,2,78,42,Marília Mendonça
86,spotify:track:1TyxXIXVVpHwhKaF73z8nw,Rasteira - Ao Vivo,36,86,42,Henrique & Juliano
87,spotify:track:0E0OENqh3jaZ4VpDFTOLGj,EU BEM QUE TE AVISEI - TU EMPINOU ELE PEI,19,89,15,Mc Delux
88,spotify:track:7pvrsbBKUQI2QmA74WCJa5,Ela e Ela,4,92,42,Zé Neto & Cristiano
89,spotify:track:20yfr4F5QmZ5V3Cu1Rx4Kp,Elevador - Ao Vivo,89,—,1,Lauana Prado
90,spotify:track:6W56j9ijl9n2l76Hs4hgGn,Larga AÍ Pra Ver - Ao Vivo,73,95,15,Léo & Raphael
91,spotify:track:130HVxaVe9EYcLJmuOR9Rw,Até A Próxima Vida - Ao Vivo,82,98,6,Henrique & Juliano
92,spotify:track:2gkKA2pRAsMzbiGPo9gxsc,Água Nos Zói - Ao Vivo,28,93,41,Clayton & Romário
93,spotify:track:7LdYiTZzlxsPKi8kvNXeBS,Set do G15 - A Revoada Começou,69,—,1,MC G15
94,spotify:track:1wdhj1r7aeWVDUl9d18YKu,Expectativa x Realidade,11,100,5,Matheus & Kauan
95,spotify:track:0dcHD9QhnWRA41zoLnC83X,X1,95,—,1,MC Cabelinho
96,spotify:track:4grGI2vFnknrfmHT1JOVFU,Tesão Da Madrugada - Ao Vivo,33,90,25,George Henrique & Rodrigo
97,spotify:track:0roEMqT0P7Z82rJTwcID3Z,Felicidade Dela - Ao Vivo,38,97,19,Hugo & Guilherme
98,spotify:track:4x5q5T5mhE1xvoCVXY6qrN,Melodia Alucinógena,98,—,1,DJ AK BR
99,spotify:track:5DhiTYpD599fu3q7fCepgL,Dior,64,84,6,BIN
100,spotify:track:28k6fDcRo7iONQhMxt2OFA,Clone,74,—,1,Júnior e Cézar
