rank,uri,track_name,peak,prev,streak,artist_names
1,spotify:track:0fABszUFNbNq9IW503Gj8v,Tá OK,1,1,5,DENNIS
2,spotify:track:4uqJelb9THHmJ3OCohg4ZJ,Nosso Quadro,1,2,15,AgroPlay
3,spotify:track:3PH1nUysW7ybo3Yu8sqlPN,Seu Brilho Sumiu - Ao Vivo,2,3,15,Israel & Rodolffo
4,spotify:track:51pxwIxDVCbFHW8oyJFQXD,Erro Gostoso - Ao Vivo,4,5,15,Simone Mendes
5,spotify:track:4xAGuRRKOgoaZbMGdmTD3N,Oi Balde - Ao Vivo,2,4,15,Zé Neto & Cristiano
6,spotify:track:0redQHBfejmPUhonR5ppGC,Duas Três,5,6,15,Guilherme & Benuto
7,spotify:track:0JIYoXtJfORxI6gRpHv6ZW,Traumatizei - Ao Vivo Em Brasília,5,8,15,Henrique & Juliano
8,spotify:track:4hKLzFvNwHF6dPosGT30ed,Novo Balanço,6,7,6,Veigh
9,spotify:track:4sqpSDnTrbS8v7RMNCUyqS,Não Vitalício (Nunca Mais) - Ao Vivo,6,9,15,Matheus & Kauan
10,spotify:track:0U9CZWq6umZsN432nh3WWT,"Gol Bolinha, Gol Quadrado 2",10,61,2,Mc Pedrinho
11,spotify:track:0SCMVUZ21uYYB8cc0ScfbV,Bombonzinho - Ao Vivo,3,11,15,Israel & Rodolffo
12,spotify:track:4f0aDk7HX37SfzerfznYlr,Lapada Dela - Ao Vivo,12,13,15,Grupo Menos É Mais
13,spotify:track:4zUFA8l78k4tCmoVuGtV8z,MEIO TERMO - Ao Vivo,13,22,3,Luan Santana
14,spotify:track:53PpijFATt35Zxfl6LTxoK,Leão,2,12,15,Marília Mendonça
15,spotify:track:3o4wcB1Y6xC62eF02n9RSZ,ELA PIROU NA DODGE RAM,13,18,15,Luan Pereira
16,spotify:track:4uLzGOlqSanpNS3htaUViY,Pátio do Posto - Ao Vivo,15,15,8,Zé Neto & Cristiano
17,spotify:track:12YCtLHGk6tP6RbHDHflCs,Cartão Black,2,10,7,MC Caverinha
18,spotify:track:1nf1HJdTWXwf9XHQebGlOd,Quando Apaga A Luz - Ao Vivo,14,14,15,Gustavo Mioto
19,spotify:track:7IPEkUJsnWYNyBkK2i2FPj,Mágica - Ao Vivo,10,16,13,Hugo & Guilherme
20,spotify:track:0ZAL7RbP2FsM3rObV60o7T,Namorando Ou Não - Ao Vivo,12,17,15,Clayton & Romário
21,spotify:track:745VUhm32odbxJI2q1rUMv,Ela Voltou de Perna Bamba,18,19,6,MC Guh SR
22,spotify:track:7DkhndGTKaqkFxxKN7XlAh,Manda um Oi - Ao Vivo,21,24,7,Guilherme & Benuto
23,spotify:track:4ASA1PZyWGbuc4d9N8OAcF,Eu Gosto Assim - Ao Vivo,8,20,15,Gustavo Mioto
24,spotify:track:3khLpwuyIjEOw8vfJ1oUIT,Papin,18,25,9,MC Kevin o Chris
25,spotify:track:7CUQQLRMIeSfa4m2uQcRHp,Rancorosa - Ao Vivo Em Brasília,16,23,14,Henrique & Juliano
26,spotify:track:2LTlykcdu0gwb7zcKneo2a,Melhor Só,10,21,13,KayBlack
27,spotify:track:51FFbyL0PjkYtjXJQP0JoP,Saudade da Minha Vida - Ao Vivo,11,31,15,Gusttavo Lima
28,spotify:track:5aqwwgL4XOv2YJYwLiqKOZ,A Culpa É Nossa - Ao Vivo,19,32,15,Maiara & Maraisa
29,spotify:track:7sopDXkuzXtHt8AQpdBxmT,DONA DE MIM,17,26,15,Ana Castela
30,spotify:track:77BR4gaUAp3p0uA8UL6HT9,Não Para,29,30,15,Belle Kaffer
31,spotify:track:0KXdSF0Poa57KOepZ3hKrh,Palhaça - Ao Vivo,24,29,15,Naiara Azevedo
32,spotify:track:7nFvKgVumc9FcU97zGjjei,Coração de Gelo,12,34,15,WIU
33,spotify:track:2pidGuLSSVZPcbzE5QA1Ux,Elevador - Ao Vivo,33,42,3,Hugo & Guilherme
34,spotify:track:5yscNPMHmhqHQX9B9GFzMp,Te Esqueci Sem Querer - Ao Vivo Em Brasília,34,38,10,Henrique & Juliano
35,spotify:track:3ktTWpYdXrYApH54cBo4Ap,Conexões de Máfia (feat. Rich The Kid),6,28,9,Matuê
36,spotify:track:156LKAN2oh16qflL5oz4tO,Os Bico Tão Se Perguntando (Let’s Go 3),10,36,11,MC PH
37,spotify:track:3Nvzs0cJbLwhXPPlI8xzpC,Vai Novinha Ah Ah Ah,37,—,1,Dyamante DJ
38,spotify:track:2M4kQD87lKnAS9vFlb4Bez,Pactos - Ao Vivo,21,35,15,Matheus & Kauan
39,spotify:track:1L7hWEc3tVjvmbw48ShktM,Desejo Imortal (It Must Have Been Love) - Ao Vivo,32,39,11,Gusttavo Lima
40,spotify:track:7Ht57bh2FwiQLwRH9zqESG,085 - Ao Vivo,33,40,15,MC Rogerinho
41,spotify:track:6dtQM0CXRFJgD7ifUNosZj,Desandei - Ao Vivo,41,46,8,Lauana Prado
42,spotify:track:2BlFIe0712LBUtTHxbqjme,Love Gostosinho - Ao Vivo,28,41,15,NATTAN
43,spotify:track:39xOREhViooEYFpmnKTdrl,Engana Dizendo Que Ama,27,33,6,Veigh
44,spotify:track:5TtTijiNYtFc6ktQARjY30,Preferida,18,27,13,KayBlack
45,spotify:track:22sAwsBH0NoNJXnrBenQuO,Sem Aliança no Dedo,5,45,15,MC Xenon
46,spotify:track:6hu4HvpNzrW2RIEEAZC3vD,Segredo,30,37,13,KayBlack
47,spotify:track:5WsM6qhZzRSD3oKbtorxzD,Aquecimento Senta Senta Suave,11,43,15,MC Kevin o Chris
48,spotify:track:3P2ubMyuL9NQOVU67TVCXA,"Love, Love",48,—,1,Melody
49,spotify:track:6L2ule7uWSdh1qjcMO3vUD,Quem tá Pegando,49,81,2,Murilo Huff
50,spotify:track:0AIA4KsMsyqur8FbTVhGNT,SOLTEIROU - Ao Vivo,41,47,15,Luan Santana
51,spotify:track:2uhw2oYbugGJbn10wipNX5,Novidade na Área,51,—,1,Mc Livinho
52,spotify:track:5y7yYXNSsT89A27DQxbmUL,Covardia,45,49,13,Wesley Safadão
53,spotify:track:09pQ3lGyMTpW3rz7a71zwQ,Metade De Mim - Ao Vivo,18,44,15,Hugo & Guilherme
54,spotify:track:7kJ0aTB5gLMYrJjYft3Vx6,Na Contramão,54,57,6,DJ Katrip
55,spotify:track:5Ubx4DpvVodvsGH9ilxPVi,Haja Colírio (feat. Hugo & Guilherme) - Ao Vivo,29,50,15,Guilherme & Benuto
56,spotify:track:2Vl7x4BkNhhJkEmQQMcV0V,Toma Tapa,44,64,15,Mc Jacaré
57,spotify:track:3PqU6gHWUaBTtIZi5oxEJ7,Um Mês E Pouco - Ao Vivo,57,—,1,Zé Neto & Cristiano
58,spotify:track:5pBU3Yihoa4hiwQ2T5fGhH,Esse B.O é Meu - Ao Vivo,33,52,15,Guilherme & Benuto
59,spotify:track:1YTzCKxoOSZOqcNh6wa15I,Galopeira,59,65,7,MC Menor MT
60,spotify:track:5WGTBzRLbjj0Sm3Br8X1rI,Bandido Não Dança,27,60,15,Mc Paiva ZS
61,spotify:track:7CJJ7JC3kj9XdweWTvfVhX,Vacilão,4,55,15,Zé Felipe
62,spotify:track:2xs2TwrlfamtW0DQqId0M5,Set Dj Boy 3.0,62,63,6,DJ BOY
63,spotify:track:1JQ1ylL2JEjC6Ib7IJgOvS,Coração Amoleceu,60,62,15,Mc Don Juan
64,spotify:track:0Q1oLvAI9QaD3DIlvluTqx,Voltou Com Quem Não Voltava - Ao Vivo,53,71,4,Israel & Rodolffo
65,spotify:track:3gCWngngUs1uojw33vrE8K,5 Regras - Ao Vivo,28,56,15,Jorge & Mateus
66,spotify:track:1Z3QqD45wKKN6fUKBXSvcZ,Pirulito Vermelho,66,97,2,Diego & Victor Hugo
67,spotify:track:2X5o4nRiocnoaaQ2wMwaeC,Sorrisin De Puto,57,66,15,DJ Cayoo
68,spotify:track:18yZLabAj1liqEUcgxDgeJ,Perdoou Nada - Ao Vivo,23,53,15,Israel & Rodolffo
69,spotify:track:3d1im1pw3WLuEty2k9XzTr,Clickbait,28,51,9,Veigh
70,spotify:track:74Le949TrZk4zwDjtWzH23,Cavalo de Pau,53,58,15,Bruno & Denner
71,spotify:track:5AdPP30mjJCtBMyYKZUEU7,Assunto Delicado - Ao Vivo,30,59,15,Guilherme & Benuto
72,spotify:track:6UHMmTS8TfWK3vKvoEZOQG,Me Gusta - AgroPlay Verão,48,48,4,AgroPlay
73,spotify:track:0nVpE03Iv9uioPSomEN5v0,Funk Rave,73,—,1,Anitta
74,spotify:track:6eNRGL6Nkdg7RhJtmbcl0j,Luz do Luar,18,70,15,Mc Tato
75,spotify:track:0yZRkiCSy4ra9EykuYyGo0,Mandona (Se eu te dissesse),54,54,3,Vulgo FK
76,spotify:track:5vdQUAFncALEH9EQvyAqIX,Forte Forte de Lacoste - Pra Começar o Final de Semana,76,—,1,DJ Jeeh FDC
77,spotify:track:6xRDvureEBwHgwAYDufbJL,Chorei na Vaquejada,77,86,3,Eric Land
78,spotify:track:2LJLGfBHKFmNdD4iXRRPXV,Solteiro Frustrado - Ao Vivo,78,—,1,Gusttavo Lima
79,spotify:track:7AwVSKaQxpidrtYBerkHKk,Pipoco,75,75,15,Ana Castela
80,spotify:track:4KUj5wxJuY9Nf7L6guRxrU,Abre A Mente - Ao Vivo Em Brasília,72,72,3,Henrique & Juliano
81,spotify:track:2kBbHpJTc7MWs8F3XhClBD,Altas Loucurinhas (Uni Duni Tê) - Ao Vivo,49,79,15,Matheus Fernandes
82,spotify:track:1OZ4uv7OAP24Ix6j3vojLt,Casei Com a Putaria,48,77,15,Mc Paiva ZS
83,spotify:track:2tFmuYL5D8zqBHvs0nG5Tn,Bonjour,40,67,15,KayBlack
84,spotify:track:3l5VjEAeUTqrlD50iEo8Yn,Licor 43,69,69,15,KayBlack
85,spotify:track:3C99BfGe301JNp7BqTX5Uu,Média Boa - Ao Vivo,29,78,15,Felipe e Rodrigo
86,spotify:track:0bBwi6ddYeTv5fXgHAdfiH,Evoque Prata,25,84,15,MC MENOR HR
87,spotify:track:3O2wrDL7nnSDZOrdZqxyoY,Noite Fria,14,73,15,Mc IG
88,spotify:track:2hkwwmmLC90T8BQ7t3xufq,Roça Em Mim,31,80,15,Zé Felipe
89,spotify:track:1TgVaCf8D5mXZrK1d7uIZe,Bebê Tá Solta,42,90,15,Yuri Redicopa
90,spotify:track:4pWsXhLUdtBKlw9npIXZAl,Halls na Língua,90,—,1,Kadu Martins
91,spotify:track:1ACALdBWViTpLBC14Ecv8E,Namora Aí,31,87,15,MC Ryan SP
92,spotify:track:4mD9hjoTckjeL1CrJCx0MT,Puta Mexicana,26,93,15,DJ Jeeh FDC
93,spotify:track:5ffDENIdtByAZxHpuuj9li,Vida Chique,47,68,15,Veigh
94,spotify:track:4NNZZXHgn9F3cCgC1YGmLl,Todo Seu - Ao Vivo,62,89,5,Jorge & Mateus
95,spotify:track:2slHCHYP7ogpGSsCumJT1a,Fulano - Ao Vivo,56,76,13,Murilo Huff
96,spotify:track:4kAMyuJBbmJrbr6TLOWbEk,Beijo de Glicose - Ao Vivo,53,91,15,Diego & Victor Hugo
97,spotify:track:2jZrMlMuTk1N3LJS8yQM6q,Carinha de Bebê,73,94,3,Ana Castela
98,spotify:track:2orGm2E68ODFYOURjaES62,Felina,34,85,15,WIU
99,spotify:track:6p6ohOKSzL4JaIRzSeOmWx,Cama Embrasa,88,88,4,Felipe Amorim
100,spotify:track:42nZBOwXNdO24Ml032bLBS,Gatilho - Ao Vivo,81,95,4,Matheus & Kauan
