rank,uri,track_name,peak,prev,streak,artist_names
1,spotify:track:4qsOrxBv09HhNSpsgMRXdC,Esqueça-Me Se For Capaz,1,1,5,Marília Mendonça
2,spotify:track:053zWWZDziDJd3U94x8RuP,Todo Mundo Menos Você,2,3,5,Marília Mendonça
3,spotify:track:4u06FbRh6FvV2FQZkouzCw,Arranhão - Ao Vivo,1,2,5,Henrique & Juliano
4,spotify:track:2RGIuYTsyyHoOCqW0krvNE,Coração Cachorro,2,4,5,Avine Vinny
5,spotify:track:2wG1R0uDFwyobcWzVssC1J,GALOPA,5,5,5,PEDRO SAMPAIO
6,spotify:track:0JdkDCdrhMOaeXjIZdeBXN,Ela me Falou Que Quer Rave,6,9,3,MC Levin
7,spotify:track:4kGdnA7FzSVsXC29LPghej,Revoada No Colchão,5,6,5,Zé Felipe
8,spotify:track:0DsPj89zlY3Us7xb5cXK5h,"Trava na Pose, Chama no Zoom, Da um Close (feat. Mc Rennan)",3,7,5,DJ Patrick Muniz
9,spotify:track:4fSHADbZbhpZCT9oJpxwbP,Ameaça,9,15,3,Paulo Pires
10,spotify:track:48Ll1C6qAnP2UjnopQDh4a,Bala Love,5,8,5,Mc Anjim
11,spotify:track:7pvrsbBKUQI2QmA74WCJa5,Ela e Ela,4,10,5,Zé Neto & Cristiano
12,spotify:track:3agFBAMPiIvzfTh7a9Udm6,Nota de Repúdio - Ao Vivo,4,11,5,Gusttavo Lima
13,spotify:track:6WxpU2F5gwTzwYsAalI6nI,Motel Afrodite,13,26,2,Marília Mendonça
14,spotify:track:5Q0ZnQjk4lQpScX7ujswun,A Maior Saudade - Ao Vivo,8,13,5,Henrique & Juliano
15,spotify:track:2kJRlOyrxsy7Ot3c5TZ8Q6,Meu Pedaço de Pecado,10,18,5,João Gomes
16,spotify:track:2jwrYBGz7osKI31v50bS7b,Putariazinha,16,16,5,Felipe Amorim
17,spotify:track:1bWBG6IkMnDr3qvCKSvQT7,Baby Me Atende - Ao Vivo,14,21,5,Matheus Fernandes
18,spotify:track:3YvE7uo4ffseBoJPh8IhHp,Presepada,18,33,2,Marília Mendonça
19,spotify:track:7xVSNhAUQhUIpwfR6lTOwA,Por Supuesto,19,20,4,Marina Sena
20,spotify:track:1c4htMHiolERc0YJvZNdlc,Vai Lá Em Casa Hoje,20,58,4,George Henrique & Rodrigo
21,spotify:track:2ixi9HWJw5lnLDmRMsiCS5,Você Beberia Ou Não Beberia?,8,14,5,Zé Neto & Cristiano
22,spotify:track:7aZusA4cWXz3Wv9e9uhavz,Quer Voar,12,19,5,Matuê
23,spotify:track:2s9BO8c0co0PmgBiUoTT17,A QUEDA,15,17,5,Gloria Groove
24,spotify:track:1wdhj1r7aeWVDUl9d18YKu,Expectativa x Realidade,11,24,5,Matheus & Kauan
25,spotify:track:4XiFqfUXyTwOChvMLKKi0T,Sem Sentimento,21,27,5,DG e Batidão Stronda
26,spotify:track:28m65cMH7QXHzFnZSTtNHY,Não Sei o Que Lá,23,23,2,Marília Mendonça
27,spotify:track:1bK3VvFF9QzfJZDmXSsAqF,Ficha Limpa,11,22,5,Gusttavo Lima
28,spotify:track:4AAIAVjSyiq1N7SXKkwXZe,Troca de Calçada,12,12,5,Marília Mendonça
29,spotify:track:2ookQf9qP2qiBuNFnNXyfl,Chega E Senta - Ao Vivo,17,30,5,John Amplificado
30,spotify:track:50gPsfGHy5OnPauA9455DM,Rolê,20,31,5,Tarcísio do Acordeon
31,spotify:track:3tc8Z4lGzOIwmIVftsxO6o,Graveto - Ao Vivo,25,25,2,Marília Mendonça
32,spotify:track:3eq6zwPwN5SAw0rZxNHI22,Não Me Arranha - Ao Vivo,29,32,5,Gusttavo Lima
33,spotify:track:2R9IrE42Mw4zdUXAEFNiZL,Senta Danada,28,35,5,Zé Felipe
34,spotify:track:4PQdrXMDHDPl1RczrrlADd,MORENA,15,29,5,Luan Santana
35,spotify:track:6fe5D0ivKnpXFMAnoSRjah,Localiza Aí BB,22,34,5,Vitor e Luan
36,spotify:track:1tYJnXtKLoWVIL4lZOouQG,Cê Tá Preparada - Ao Vivo,17,28,5,Tayrone
37,spotify:track:6T6SDJszPbuMCBpSm3aS3G,Carinha de Neném,37,45,5,Japãozin
38,spotify:track:6pQKUKBpwr6GhfhcFFFozo,Não Nasceu pra Namorar,26,42,5,MC Zaquin
39,spotify:track:2jPACjKR21inTnWeo3eHla,"Louis V, Menina Linda",32,37,5,Sidoka
40,spotify:track:0FqVtQxRD3HsPltldG5v5M,Aquelas Coisas,36,53,5,João Gomes
41,spotify:track:5Z9KJZvQzH6PFmb8SNkxuk,INDUSTRY BABY (feat. Jack Harlow),27,43,5,Lil Nas X
42,spotify:track:5F2xRvRFkxDvqdFtUNAEyw,Se For Amor,38,51,5,João Gomes
43,spotify:track:1G0kLIS0hE6uUPlIE9gksp,Fã Clube,43,48,2,Marília Mendonça
44,spotify:track:2xebCnKCjYWBhJ4Ai8hO5E,Set dos Casados,44,49,5,Mc Davi
45,spotify:track:0NvVVP3Q0oSbfBUZ48vCHs,Tiffany,45,73,2,MD Chefe
46,spotify:track:79Wou8NwYEFzTyDQudjENF,Desbloqueado - Ao Vivo,16,41,5,Diego & Victor Hugo
47,spotify:track:53BkPZwlaLbW77uV9BnJkl,Eu Fiz o Jogo Virar,39,54,5,Mc Poze do Rodo
48,spotify:track:4DWKtQVURjepn8uzBgmwuv,Doutora 3,34,46,5,Mc Kevin
49,spotify:track:64I6t2tuUGnIlaDIzHJ6YI,Quero Você do Jeito Que Quiser,39,39,2,Marília Mendonça
50,spotify:track:0RoVmAeG1dC9U34S6RCCIB,Quebrando Protocolo - Ao Vivo,46,65,3,Gusttavo Lima
51,spotify:track:6m84TzSTM5nbwZxIxkYHz6,Namorando Com Saudade,26,52,5,Jorge & Mateus
52,spotify:track:5VTjBl3ddZEiG2LrH4VzyR,Toma Toma Vapo Vapo,52,—,1,Zé Felipe
53,spotify:track:4E6RdcCWMiHTu7zy1VTNDo,Todo Mundo Vai Sofrer - Ao Vivo,36,36,2,Marília Mendonça
54,spotify:track:62d4BfCTUHdOsARRETHLDz,Mete a Louca,38,—,1,MC Rogerinho
55,spotify:track:1hs2hRwPfyFLoYIf6jY1W7,Zero Saudade - Ao Vivo,29,62,5,Os Barões Da Pisadinha
56,spotify:track:2MZQAvsA7aZDssppBLRxYp,Batom de Cereja - Ao Vivo,46,67,5,Israel & Rodolffo
57,spotify:track:452LVnTBjXYW3guqe3xiqI,Vamo Tomar Uma,26,56,5,Zé Neto & Cristiano
58,spotify:track:3RbXsVQr4jeTxvT35Hssq3,Bebi Liguei - Ao Vivo,38,38,2,Marília Mendonça
59,spotify:track:2jb8HW2CXr4mOJaw7LJyVw,Acordo - Ao Vivo,30,55,4,Henrique & Juliano
60,spotify:track:3ua3rqwBNmeGeQfcKnA3bT,Groupies,35,59,5,Doode
61,spotify:track:1tdDDOJRdbo1Uz47D1k62G,Passinho Debochado,41,64,5,Dan Ventura
62,spotify:track:6JIIejoN31NIn6BJsVS3cu,Oi Deus - Ao Vivo,62,—,1,Hugo & Guilherme
63,spotify:track:3Lw41pfko5XMrsHRtlbo2k,Bota a Mão no Chão,63,—,1,Felipe Cardoso DJ
64,spotify:track:6Lrzxd7ST5oQ6FYKXKH7Ia,Vagabundo,31,57,5,Matheus & Kauan
65,spotify:track:3jSG8oE8doxDxmpe5GlFee,"Não, Não Vou",54,76,5,Mari Fernandez
66,spotify:track:685gjMmRjwLFrtCWtF2sXo,Rasteira - Ao Vivo,36,72,5,Henrique & Juliano
67,spotify:track:4YhPcVIxIAJrLhFVPGbJkE,De Quem É a Culpa? - Ao Vivo,47,47,2,Marília Mendonça
68,spotify:track:2aqqXrjrPdRHU9uSeRmL3C,Menina Se Prepara,56,70,5,Mc Pepeu
69,spotify:track:38MpAndIjGAyVdcC6npX95,Infiel - Ao Vivo,44,44,2,Marília Mendonça
70,spotify:track:6RMYuqlTn8777j5arY9zhC,Cena de Amor,62,—,1,Brisa Star
71,spotify:track:2OEz3Dxs9yOEblN5Kk52Sv,Profissão F0Da,71,80,3,Mc Delux
72,spotify:track:0qxLQ6opocOGyFnlXqJ53x,Bipolar,57,83,5,Mc Davi
73,spotify:track:77rIMl1WIrLf4ZDKFYZ4ji,Água Nos Zói - Ao Vivo,67,97,4,Clayton & Romário
74,spotify:track:6MQrN9fclpvR4nf0uJrG1x,Vou de Lala,60,79,5,MC Joãozinho VT
75,spotify:track:7MCKsjVXmUxWaHT0fGMuYh,Quem Quer Superar - Ao Vivo,75,—,1,Marcos & Belutti
76,spotify:track:3V7jLMYvvg4BHi4tmDveNc,Faking Love (feat. Saweetie),65,89,5,Anitta
77,spotify:track:1d7AtPeraWVsvI4U1YTHt1,Vestido Coladinho,59,96,4,Max e Luan
78,spotify:track:5PjdY0CKGZdEuoNab3yDmX,STAY (with Justin Bieber),48,71,5,The Kid LAROI
79,spotify:track:41pFFOnh1glVNIlrWOpBjb,Se Joga no Passinho,51,84,5,Brisa Star
80,spotify:track:0Zvw8LOeNjBXZ4JW4Ks7h5,Mil Motivos,80,—,1,Dilsinho
81,spotify:track:5CbDKqtF6F6m1KUvsAf2Kf,Sorte - Ao Vivo,81,—,1,Diego & Victor Hugo
82,spotify:track:5fY9bVl1Wj4PIM3wnduWop,Serenata - Ao Vivo,63,63,2,Marília Mendonça
83,spotify:track:0wRn3ggAY1fIupTaVigdza,A Cara do Crime (Nós Incomoda),40,78,5,Mc Poze do Rodo
84,spotify:track:0PH49SrRKOFVWF81PobhW6,Unha de Gel,84,—,1,Os Barões Da Pisadinha
85,spotify:track:5r9CZJMoMmxio2AnJdxuDS,Pot-Pourri: Melhor Eu Ir / Ligando Os Fatos / Sonho de Amor / Deixa Eu Te Querer - Ao Vivo,85,—,1,Grupo Menos É Mais
86,spotify:track:3Wrjm47oTz2sjIgck11l5e,Beggin',61,87,5,Måneskin
87,spotify:track:2zvfMwpBdm9zC4zwLWq1Wg,ILHA,87,—,1,Luan Santana
88,spotify:track:37erXXnh4mlWE7mdO6EYOp,Ausência - Ao Vivo | Acústico,60,60,2,Marília Mendonça
89,spotify:track:6HV630GY0GT3RN2efFRmbP,Troca,45,—,1,Jorge & Mateus
90,spotify:track:7D5F5BzIon5zhzQrOU2pdN,Ciumeira - Ao Vivo,50,50,2,Marília Mendonça
91,spotify:track:4SjkLzyFBVXaxuB6SbJyJN,Eu Sei de Cor - Ao Vivo,61,61,2,Marília Mendonça
92,spotify:track:3GmJxfnUDrIs1iCfKUELFz,Supera - Ao Vivo,82,82,2,Marília Mendonça
93,spotify:track:3ZBVlZVOynUEw2Aphgt2cN,Metade de um Abraço,93,—,1,Zé Vaqueiro
94,spotify:track:6Aw11M9NT2tBeEj3mPKrjy,Facas - Ao Vivo,62,—,1,Diego & Victor Hugo
95,spotify:track:78APwJSo30uWBB5PWROMNw,Para de Me Chamar Pra Trair,74,74,2,Marília Mendonça
96,spotify:track:7rglLriMNBPAyuJOMGwi39,Cold Heart - PNAU Remix,96,—,1,Elton John
97,spotify:track:3IAfUEeaXRX9s9UdKOJrFI,Envolver,97,—,1,Anitta
98,spotify:track:2wf5rkl0KdC5v2QhOmTCMa,Estrelinha - Ao Vivo,77,77,2,Di Paullo & Paulino
99,spotify:track:4gvrJnKCKIPiacNsWVQwEU,love nwantiti (feat. Dj Yo! & AX'EL) - Remix,65,99,5,CKay
100,spotify:track:13hyExMFjdAQ6ZsgqLdpSS,Você Não Manda Em Mim,88,88,2,Marília Mendonça
