rank,uri,track_name,peak,prev,streak,artist_names
1,spotify:track:4ASA1PZyWGbuc4d9N8OAcF,Eu Gosto Assim - Ao Vivo,1,1,8,Gustavo Mioto
2,spotify:track:1ELsaYdj2NlxLvkx9g24xZ,Haja Colírio (feat. Hugo & Guilherme) - Ao Vivo,1,2,20,Guilherme & Benuto
3,spotify:track:1OZ4uv7OAP24Ix6j3vojLt,Casei Com a Putaria,1,3,18,Mc Paiva ZS
4,spotify:track:3yHXEidSu4gYVRqKoI653O,Assunto Delicado - Ao Vivo,3,4,12,Guilherme & Benuto
5,spotify:track:6gyhp7IcNhTYzwlk8utsgP,Beijo de Glicose - Ao Vivo,5,5,10,Diego & Victor Hugo
6,spotify:track:2orGm2E68ODFYOURjaES62,Felina,6,8,7,WIU
7,spotify:track:3gCWngngUs1uojw33vrE8K,5 Regras - Ao Vivo,4,7,15,Jorge & Mateus
8,spotify:track:7LUZT12r4xmwR1Kh8TJgjv,Ex dos Meus Sonhos - Ao Vivo,6,6,5,Gusttavo Lima
9,spotify:track:2M4kQD87lKnAS9vFlb4Bez,Pactos - Ao Vivo,9,15,4,Matheus & Kauan
10,spotify:track:6Zw25LRLP0j0MsezDFIUM4,Mal Feito - Ao Vivo,1,9,43,Hugo & Guilherme
11,spotify:track:1597vvneWf0zoQrg2D8yH6,Evoque Prata,11,58,2,MC MENOR HR
12,spotify:track:4UldILPVpnZO69ffK4B9aA,Tubarão Te Amo,10,10,5,Dj LK da Escócia
13,spotify:track:4NNZZXHgn9F3cCgC1YGmLl,Todo Seu - Ao Vivo,5,11,27,Jorge & Mateus
14,spotify:track:5vC8UAOHeG95ehRzZChniB,Ai Preto,2,12,21,L7NNON
15,spotify:track:7AwVSKaQxpidrtYBerkHKk,Pipoco,1,13,23,Ana Castela
16,spotify:track:2HMbGPbGiqGaHXzFkQAmZI,Basiquinho - Ao Vivo,14,16,14,Matheus & Kauan
17,spotify:track:2qmG7dokbGpDGD0T5wORWt,Balanço da Rede,2,17,32,Matheus Fernandes
18,spotify:track:6gEOM9IEBzvTdbwNrSkBdC,Fala Mal de Mim - Ao Vivo,5,14,18,Gusttavo Lima
19,spotify:track:04vzhKfl5HtPEgrdZJCZ7L,Bagulho Louco,19,25,24,Mc Paiva ZS
20,spotify:track:2ykYxd8UGHOsdjP3Z5jSHh,Cheiro de Balada - Ao Vivo,8,18,14,Hugo & Guilherme
21,spotify:track:4xxeEWGQNFQ6qehlnev5LS,Te Amo Demais,4,28,16,Marília Mendonça
22,spotify:track:4vWh6tEfcLzdvYWp2IlOJS,CORAÇÃO CIGANO - Ao Vivo,4,19,13,Luan Santana
23,spotify:track:3nqQXoyQOWXiESFLlDF1hG,Unholy (feat. Kim Petras),17,22,7,Sam Smith
24,spotify:track:6bwx7pcKJY05D9S6CVa1k6,Nem Namorado e Nem Ficante - Ao Vivo | Faixa Bônus,17,21,24,Israel & Rodolffo
25,spotify:track:4cxQWmXmmbFoWvV8qipQTe,Perfeito Pra Ficar Sozinho - Ao Vivo,19,23,14,Murilo Huff
26,spotify:track:7qoIhutxU269Zqo9PG5IOj,Poesia Acústica 13,14,26,8,Pineapple StormTv
27,spotify:track:7bhvRvE56NHBvedx0EeALS,Comunicação Falhou - Ao Vivo,20,20,24,Mari Fernandez
28,spotify:track:4x5q5T5mhE1xvoCVXY6qrN,Melodia Alucinógena,7,24,15,DJ AK BR
29,spotify:track:0i4UV3HjjvsUuV3BajEXoD,Baile no Morro,1,29,20,MC Tairon
30,spotify:track:42nZBOwXNdO24Ml032bLBS,Gatilho - Ao Vivo,11,27,34,Matheus & Kauan
31,spotify:track:5PSkF3QpVMlAx8U5Inxj39,Vento Forte,3,30,16,Mc Jacaré
32,spotify:track:3XF598RmEUF3XW4XKo1lyP,Meu Número - Ao Vivo,12,31,30,Hugo & Guilherme
33,spotify:track:5mJFh4iRzgmWuEVPG8257V,Quem Não Conhece Tá Sem Internet,32,32,8,MC Marks
34,spotify:track:4o6v3Oooyt7HF20idztRD4,Bombonzinho - Ao Vivo,34,—,1,Israel & Rodolffo
35,spotify:track:1K8AtBJXcdq5mywMnZuARP,Termina Comigo Antes,1,34,32,Gusttavo Lima
36,spotify:track:0XyPPyGes0omXppV5YE8gy,Gostosinha é Ela,36,49,13,Felipe Amorim
37,spotify:track:0jAAnWNbcHf6X1EXOtvOT7,Incendeia,17,36,17,MC Kevin o Chris
38,spotify:track:6TnCI16uLWhyQCrHva9VWj,Te Love - Ao Vivo,37,37,5,Kevi Jonny
39,spotify:track:11fqunD6qlOCrRd88kMOk6,Evento Cancelado - Ao Vivo,17,41,25,Henrique & Juliano
40,spotify:track:2TdOWHAolNaQx8gyRDVS1N,ERRO PLANEJADO - Ao Vivo,1,35,30,Luan Santana
41,spotify:track:7qD2vjd3btuOgwpQPEY7ci,EU VOU COM CARINHO ELA QUER COM FORÇA,5,38,25,Mc Don Juan
42,spotify:track:2PtpfX7sX870xeOfdTMyx2,Meus Vícios - Ao Vivo,42,60,7,Guilherme & Benuto
43,spotify:track:4QWumyD2uwiePBBha9XBHI,No Ouvidinho,5,39,32,Felipe Amorim
44,spotify:track:4Dvkj6JhhA12EX05fT7y2e,As It Was,26,45,32,Harry Styles
45,spotify:track:3IMLoeLerS7TMpKjxUgAhx,Arranhão - Ao Vivo,1,44,56,Henrique & Juliano
46,spotify:track:0dcHD9QhnWRA41zoLnC83X,X1,46,54,15,MC Cabelinho
47,spotify:track:1t5dhHyXMwdbAcI3EQRqFV,Meio Fio - Ao Vivo,42,42,13,Diego & Victor Hugo
48,spotify:track:0MKd4uZd8Ag8qyReZBTarP,Pino da Granada - Ao Vivo em Rio Preto,34,43,24,Murilo Huff
49,spotify:track:2wSCalnGOnXdAJC0Fn8OUY,Vai Lá Em Casa Hoje,1,51,55,George Henrique & Rodrigo
50,spotify:track:6Ulh9GPYz6JKdv04qc3q2U,Dengo,10,46,26,João Gomes
51,spotify:track:0tM4J8aID6qYZOE3e14sCj,Acordo - Ao Vivo,17,47,55,Henrique & Juliano
52,spotify:track:0BWEkqsmPe3qOzrRVztHU3,Acabei de Terminar - Ao Vivo,17,40,28,Paulo e Nathan
53,spotify:track:0yDMhYTryvQoR634wDgQ1j,O Fim é Triste (feat. DJ BOY),44,52,19,MC Hariel
54,spotify:track:2ebFBmle5uXcdbrCAOvPcZ,Vagabundo Chora - Ao Vivo,15,48,39,Guilherme & Benuto
55,spotify:track:7woVi4HBuv0rsO98Ox2Fcq,Doce Veneno,55,63,4,Mc Paiva ZS
56,spotify:track:6bTdZ7xfKp3NqqADJ8HLyj,Vampiro,5,59,32,Matuê
57,spotify:track:77UrDaIQq6JZIJWeLgJaRf,Sereia,57,—,1,Orochi
58,spotify:track:5fstoJBdyj9Yvhe4W5hmEP,Set Wesley Alemão,43,56,10,Dj GM
59,spotify:track:4QQTPEwqE4Aq7LXSyIgSci,Primeiro Beck Ela Me Mamou,28,33,9,Mc Kitinho
60,spotify:track:4a0sqvCBo7aRIS4GzBQpnp,Kikando e Me Olhando,11,55,30,MC Braz
61,spotify:track:5TPXcKSOlPaz2pkYbWiWHU,Ai Eu Chorei - Ao Vivo,34,57,17,Clayton & Romário
62,spotify:track:3ITkrUvAA6gzxer2UIom3P,Molhando o Volante,5,61,48,Jorge & Mateus
63,spotify:track:5PZAbR6JHYYV9xp5gv0XES,Bandido,1,50,21,Zé Felipe
64,spotify:track:4qsOrxBv09HhNSpsgMRXdC,Esqueça-Me Se For Capaz,1,74,56,Marília Mendonça
65,spotify:track:3ShKPhFkexrwl7WoyTtNND,Tchuco Nela,9,62,28,MC Rogerinho
66,spotify:track:2YAOJkRWy382bRMXaj48FP,Esse B.O é Meu - Ao Vivo,66,—,1,Guilherme & Benuto
67,spotify:track:4uUG5RXrOk84mYEfFvj3cK,I'm Good (Blue),55,65,8,David Guetta
68,spotify:track:0V3wPSX9ygBnCm8psDIegu,Anti-Hero,35,53,3,Taylor Swift
69,spotify:track:4pjznsLeoyimnxGlVpmyJI,NÉ SEGREDO,69,77,5,MC Cabelinho
70,spotify:track:4eoqnVPLzROP9tDxcFQAAK,Alimentando Vontade,63,64,3,Zé Neto & Cristiano
71,spotify:track:3EM71GPnUGJ75uDhkH77pq,Insônia - Ao Vivo,46,73,11,LUDMILLA
72,spotify:track:0GsvMQftDrIOszte4jP5XK,OQIGAP?,69,76,4,Mc IG
73,spotify:track:5A35xC90Nk6tXmcOAOOavi,ABALO EMOCIONAL - Ao Vivo,4,69,40,Luan Santana
74,spotify:track:3o5LmE0gNsEBwz7VCmc3bV,Problemão - Ao Vivo,74,84,2,Hugo & Vitor
75,spotify:track:5IcPYzR2bkS4W3MabMpi4Z,Melhor Ser uma Saudade,11,75,41,Zé Neto & Cristiano
76,spotify:track:14JKzKrJbPDflw8XyATMey,A Maior Saudade - Ao Vivo,7,68,56,Henrique & Juliano
77,spotify:track:2VbKpQWIMRelKmEy8rSCAf,Set Tatuapé Conceito 2,50,72,18,Mc Kako
78,spotify:track:3l5VjEAeUTqrlD50iEo8Yn,Licor 43,78,91,4,KayBlack
79,spotify:track:5TGkZGCUoV1zvFxQOIQM5O,Reverse,79,86,3,HITMAKER
80,spotify:track:28m65cMH7QXHzFnZSTtNHY,Não Sei o Que Lá,23,88,53,Marília Mendonça
81,spotify:track:0K3u2t8YNuJ5NR9lKC1frv,AMEIANOITE,67,67,3,Pabllo Vittar
82,spotify:track:1xzi1Jcr7mEi9K2RfzLOqS,CUFF IT,77,80,5,Beyoncé
83,spotify:track:3euydCfGHLFjuwHA7G7AUJ,Aqui Na Parma Tu Vem Pra Fuder,79,79,2,DJ CIRILO DE CAXIAS
84,spotify:track:7fzgTaVhUxmEzjtcd9NdWo,Cê Tá Preparada - Ao Vivo,14,87,56,Tayrone
85,spotify:track:4aoZBldNDVYmTwmeoI49ud,O Poder Dessa Garota,57,85,19,Mc Gabzin
86,spotify:track:25rz3D4oroFC0GXm3xFXnG,Tem Cabaré Essa Noite,29,81,17,Nivaldo Marques
87,spotify:track:48LEhRW4gLMCVSYFEZvt8b,Assume a Gente - Ao Vivo,28,78,33,João Bosco e Gabriel
88,spotify:track:3imzmQM2DPPVBLMiBBexRL,202,47,83,11,Kweller
89,spotify:track:5IgjP7X4th6nMNDh4akUHb,Under The Influence,87,93,4,Chris Brown
90,spotify:track:3sd2p4kE7xQmFH3lPnFl6h,sentaDONA (Remix) s2,1,82,34,Davi Kneip
91,spotify:track:3gx9a8ea1nI0Wym9hJpdbJ,Hino dos Mlks,91,—,1,BIN
92,spotify:track:30rrBGpna63eIJ2BrXlWDC,Minha Cópia Atual - Ao Vivo,50,90,32,Henrique & Juliano
93,spotify:track:6kNZdlmjH4BQnSUfHeJIuc,"Let's Go 3 (feat. MC Marks, Mc Don Juan, MC PH, Mc Luki, Mc Paiva ZS, MC GP & Makalo)",93,—,1,Dj GBR
94,spotify:track:5lCAtKxkZL6tFDyGX9t87j,Eu Já Tava Bem - Ao Vivo,22,96,49,Wesley Safadão
95,spotify:track:7LRjGCQdXzkBJj03e1kHkq,Fala Alguma Coisa - Ao Vivo,61,71,10,Paulo e Nathan
96,spotify:track:2s8kT1fuBVjxept8bH68Sw,SET MK 2,61,94,23,MC Hariel
97,spotify:track:7HdWqZjUmIHK5B8zwPCRds,Áudio Que Te Entrega - Faixa Bônus,34,89,26,Leo Santana
98,spotify:track:5r9CZJMoMmxio2AnJdxuDS,Pot-Pourri: Melhor Eu Ir / Ligando Os Fatos / Sonho de Amor / Deixa Eu Te Querer - Ao Vivo,71,92,11,Grupo Menos É Mais
99,spotify:track:7yYrG1nIPeZdLoA9tfU8LL,Boca de Mel,91,100,5,Mc Jacaré
100,spotify:track:1dMyIigB6MDsfD3xuG6TbO,Média Boa - Ao Vivo,95,95,2,Felipe e Rodrigo
