rank,uri,track_name,peak,prev,streak,artist_names
1,spotify:track:4u06FbRh6FvV2FQZkouzCw,Arranhão - Ao Vivo,1,1,3,Henrique & Juliano
2,spotify:track:2RGIuYTsyyHoOCqW0krvNE,Coração Cachorro,2,2,3,Avine Vinny
3,spotify:track:0DsPj89zlY3Us7xb5cXK5h,"Trava na Pose, Chama no Zoom, Da um Close (feat. Mc Rennan)",3,3,3,DJ Patrick Muniz
4,spotify:track:3agFBAMPiIvzfTh7a9Udm6,Nota de Repúdio - Ao Vivo,4,4,3,Gusttavo Lima
5,spotify:track:4kGdnA7FzSVsXC29LPghej,Revoada No Colchão,5,7,3,Zé Felipe
6,spotify:track:48Ll1C6qAnP2UjnopQDh4a,Bala Love,5,5,3,Mc Anjim
7,spotify:track:7pvrsbBKUQI2QmA74WCJa5,Ela e Ela,4,6,3,Zé Neto & Cristiano
8,spotify:track:2wG1R0uDFwyobcWzVssC1J,GALOPA,8,10,3,PEDRO SAMPAIO
9,spotify:track:5Q0ZnQjk4lQpScX7ujswun,A Maior Saudade - Ao Vivo,8,8,3,Henrique & Juliano
10,spotify:track:2ixi9HWJw5lnLDmRMsiCS5,Você Beberia Ou Não Beberia?,8,9,3,Zé Neto & Cristiano
11,spotify:track:5SwyN9hzmWjBsINlif8li8,Ficha Limpa,11,11,3,Gusttavo Lima
12,spotify:track:1wdhj1r7aeWVDUl9d18YKu,Expectativa x Realidade,11,12,3,Matheus & Kauan
13,spotify:track:4qsOrxBv09HhNSpsgMRXdC,Esqueça-Me Se For Capaz,13,15,3,Marília Mendonça
14,spotify:track:2kJRlOyrxsy7Ot3c5TZ8Q6,Meu Pedaço de Pecado,10,13,3,João Gomes
15,spotify:track:2s9BO8c0co0PmgBiUoTT17,A QUEDA,15,19,3,Gloria Groove
16,spotify:track:4PQdrXMDHDPl1RczrrlADd,MORENA,15,20,3,Luan Santana
17,spotify:track:1bWBG6IkMnDr3qvCKSvQT7,Baby Me Atende - Ao Vivo,14,14,3,Matheus Fernandes
18,spotify:track:1tYJnXtKLoWVIL4lZOouQG,Cê Tá Preparada - Ao Vivo,17,17,3,Tayrone
19,spotify:track:2jwrYBGz7osKI31v50bS7b,Putariazinha,19,22,3,Felipe Amorim
20,spotify:track:79Wou8NwYEFzTyDQudjENF,Desbloqueado - Ao Vivo,16,18,3,Diego & Victor Hugo
21,spotify:track:7aZusA4cWXz3Wv9e9uhavz,Quer Voar,12,16,3,Matuê
22,spotify:track:6fe5D0ivKnpXFMAnoSRjah,Localiza Aí BB,22,23,3,Vitor e Luan
23,spotify:track:2ookQf9qP2qiBuNFnNXyfl,Chega E Senta - Ao Vivo,17,21,3,John Amplificado
24,spotify:track:50gPsfGHy5OnPauA9455DM,Rolê,20,24,3,Tarcísio do Acordeon
25,spotify:track:4XiFqfUXyTwOChvMLKKi0T,Sem Sentimento,21,25,3,DG e Batidão Stronda
26,spotify:track:6m84TzSTM5nbwZxIxkYHz6,Namorando Com Saudade,26,32,3,Jorge & Mateus
27,spotify:track:6pQKUKBpwr6GhfhcFFFozo,Não Nasceu pra Namorar,26,27,3,MC Zaquin
28,spotify:track:452LVnTBjXYW3guqe3xiqI,Vamo Tomar Uma,26,26,3,Zé Neto & Cristiano
29,spotify:track:3eq6zwPwN5SAw0rZxNHI22,Não Me Arranha - Ao Vivo,29,33,3,Gusttavo Lima
30,spotify:track:2jb8HW2CXr4mOJaw7LJyVw,Acordo - Ao Vivo,30,44,2,Henrique & Juliano
31,spotify:track:2R9IrE42Mw4zdUXAEFNiZL,Senta Danada,28,28,3,Zé Felipe
32,spotify:track:6Lrzxd7ST5oQ6FYKXKH7Ia,Vagabundo,31,31,3,Matheus & Kauan
33,spotify:track:1hs2hRwPfyFLoYIf6jY1W7,Zero Saudade - Ao Vivo,29,34,3,Os Barões Da Pisadinha
34,spotify:track:6bvY4L6D3gqBPGE1iSkbOW,Mete a Louca,34,38,3,MC Rogerinho
35,spotify:track:2jPACjKR21inTnWeo3eHla,"Louis V, Menina Linda",32,35,3,Sidoka
36,spotify:track:5Z9KJZvQzH6PFmb8SNkxuk,INDUSTRY BABY (feat. Jack Harlow),27,30,3,Lil Nas X
37,spotify:track:7xVSNhAUQhUIpwfR6lTOwA,Por Supuesto,37,81,2,Marina Sena
38,spotify:track:053zWWZDziDJd3U94x8RuP,Todo Mundo Menos Você,23,29,3,Marília Mendonça
39,spotify:track:0FqVtQxRD3HsPltldG5v5M,Aquelas Coisas,36,37,3,João Gomes
40,spotify:track:4DWKtQVURjepn8uzBgmwuv,Doutora 3,34,39,3,Mc Kevin
41,spotify:track:6T6SDJszPbuMCBpSm3aS3G,Carinha de Neném,41,45,3,Japãozin
42,spotify:track:5F2xRvRFkxDvqdFtUNAEyw,Se For Amor,38,41,3,João Gomes
43,spotify:track:1tdDDOJRdbo1Uz47D1k62G,Passinho Debochado,41,42,3,Dan Ventura
44,spotify:track:2xebCnKCjYWBhJ4Ai8hO5E,Set dos Casados,44,47,3,Mc Davi
45,spotify:track:53BkPZwlaLbW77uV9BnJkl,Eu Fiz o Jogo Virar,39,43,3,Mc Poze do Rodo
46,spotify:track:0RoVmAeG1dC9U34S6RCCIB,Quebrando Protocolo - Ao Vivo,46,—,1,Gusttavo Lima
47,spotify:track:685gjMmRjwLFrtCWtF2sXo,Rasteira - Ao Vivo,36,36,3,Henrique & Juliano
48,spotify:track:2MZQAvsA7aZDssppBLRxYp,Batom de Cereja - Ao Vivo,46,46,3,Israel & Rodolffo
49,spotify:track:3ua3rqwBNmeGeQfcKnA3bT,Groupies,35,40,3,Doode
50,spotify:track:4fSHADbZbhpZCT9oJpxwbP,Ameaça,50,—,1,Paulo Pires
51,spotify:track:0JdkDCdrhMOaeXjIZdeBXN,Ela me Falou Que Quer Rave,51,—,1,MC Levin
52,spotify:track:41pFFOnh1glVNIlrWOpBjb,Se Joga no Passinho,51,51,3,Brisa Star
53,spotify:track:5ItttPiqUksUE240dJ9DT6,Faz Amor Comigo Só Hoje,53,54,3,Israel & Rodolffo
54,spotify:track:3HquWF2pZmWYu3WAEP9Heb,Só Não Divulga,46,50,3,Fernando & Sorocaba
55,spotify:track:142YjJNOuXjzeSDnB1ujw1,Sua amiga deu,53,53,3,MC Levin
56,spotify:track:2aqqXrjrPdRHU9uSeRmL3C,Menina Se Prepara,56,66,3,Mc Pepeu
57,spotify:track:0qxLQ6opocOGyFnlXqJ53x,Bipolar,57,57,3,Mc Davi
58,spotify:track:6HV630GY0GT3RN2efFRmbP,Troca,45,58,3,Jorge & Mateus
59,spotify:track:1d7AtPeraWVsvI4U1YTHt1,Vestido Coladinho,59,97,2,Max e Luan
60,spotify:track:3jSG8oE8doxDxmpe5GlFee,"Não, Não Vou",54,55,3,Mari Fernandez
61,spotify:track:5PjdY0CKGZdEuoNab3yDmX,STAY (with Justin Bieber),48,49,3,The Kid LAROI
62,spotify:track:1c4htMHiolERc0YJvZNdlc,Vai Lá Em Casa Hoje,62,87,2,George Henrique & Rodrigo
63,spotify:track:6vnKRiOjUjYT59xl4awHTx,Sigilo - Ao Vivo,61,61,3,Guilherme & Benuto
64,spotify:track:7kwOvJqT8zHXQ4NYUZQ6W2,Não Parei De Sofrer,64,68,3,Gustavo Mioto
65,spotify:track:6Aw11M9NT2tBeEj3mPKrjy,Facas - Ao Vivo,62,62,3,Diego & Victor Hugo
66,spotify:track:6MQrN9fclpvR4nf0uJrG1x,Vou de Lala,60,60,3,MC Joãozinho VT
67,spotify:track:77rIMl1WIrLf4ZDKFYZ4ji,Água Nos Zói - Ao Vivo,67,80,2,Clayton & Romário
68,spotify:track:0wRn3ggAY1fIupTaVigdza,A Cara do Crime (Nós Incomoda),40,48,3,Mc Poze do Rodo
69,spotify:track:6Vgn3IEUkWs3d6og029Gtm,Mustang Preto,53,59,3,Teto
70,spotify:track:6RMYuqlTn8777j5arY9zhC,Cena de Amor,62,64,3,Brisa Star
71,spotify:track:3Wrjm47oTz2sjIgck11l5e,Beggin',61,63,3,Måneskin
72,spotify:track:7vCvUJyjMxRkPeo19nxmuk,Coração Na Cama - Ao Vivo,67,71,3,Hugo & Guilherme
73,spotify:track:4gvrJnKCKIPiacNsWVQwEU,love nwantiti (feat. Dj Yo! & AX'EL) - Remix,65,65,3,CKay
74,spotify:track:4Y8rBzQ0mkx3ALVso3n2ip,Vê Se Pode,74,—,1,MC Levin
75,spotify:track:17UfXrL7Run3GyZJW4uRjC,Paradigmas,68,70,3,Jorge & Mateus
76,spotify:track:0gplL1WMoJ6iYaPgMCL0gX,Easy On Me,37,56,3,Adele
77,spotify:track:73ghohUx3BscZn4hQbD35X,Faxina (Ao Vivo No Casa Filtr),59,75,3,Guilherme & Benuto
78,spotify:track:3V7jLMYvvg4BHi4tmDveNc,Faking Love (feat. Saweetie),65,67,3,Anitta
79,spotify:track:2rFQnkqRVcpKkMj1oLPMyb,Melhor Que Muita Gente - Ao Vivo,72,72,3,Israel & Rodolffo
80,spotify:track:7Ls0AYtBWAJtt7iORFc6zC,Não Quer Chifre,51,69,3,Mc Frog
81,spotify:track:3ibiPPqHxdmX4nNp4kNHE9,Passatempo,50,52,3,Wesley Safadão
82,spotify:track:7IG7laqVpcvIIULrwWP5SA,Vida Louca,71,73,3,Mc Poze do Rodo
83,spotify:track:0m6XpDgZSyqyCg0HKOCaO8,Estelionato Afetivo - Ao Vivo,77,77,3,Douglas & Vinicius
84,spotify:track:456hS1uLvaApIdoMyqg9e4,Google da Minha Vida,77,78,3,MC Ryan SP
85,spotify:track:4lHoT8PvMpMg1l5kdxqNmD,Coração de Isca,85,92,3,Bruno & Marrone
86,spotify:track:7xi4XR5EIOU6OHdIydLMjT,Uma Ex - Ao Vivo,83,85,3,Murilo Huff
87,spotify:track:2uLt06E9xCZVPFXg9v794o,Baile do Cinga do 12,79,79,3,MC Gontijo
88,spotify:track:0wcAfve621R8p3sTQjjJXA,O Porte da 40,88,96,2,Mc Frog
89,spotify:track:6AQqsFYtCQi9m7MJcMjGup,Superação Digital,86,86,3,Xand Avião
90,spotify:track:5r9CZJMoMmxio2AnJdxuDS,Pot-Pourri: Melhor Eu Ir / Ligando Os Fatos / Sonho de Amor / Deixa Eu Te Querer - Ao Vivo,90,94,3,Grupo Menos É Mais
91,spotify:track:5UmwpS5SHeaKNCA7bGpJRe,Quero Ver é Me Esquecer (feat. Jorge) - Ao Vivo,85,90,3,Os Barões Da Pisadinha
92,spotify:track:1jwEnLN5hMOwotwXfchUaf,Rei Lacoste,87,—,1,MD Chefe
93,spotify:track:56kClQGx58w4meMz1JwQvB,Último Beijo,86,91,3,Bruno & Marrone
94,spotify:track:4AAIAVjSyiq1N7SXKkwXZe,Troca de Calçada,79,83,3,Marília Mendonça
95,spotify:track:3CUPWFarYwA0HJQqzje4UD,Volta Rapariga,81,89,3,Vitinho Imperador
96,spotify:track:2OEz3Dxs9yOEblN5Kk52Sv,Profissão F0Da,96,—,1,Mc Delux
97,spotify:track:3rmo8F54jFF8OgYsqTxm5d,Bad Habits,96,—,1,Ed Sheeran
98,spotify:track:3ZBVlZVOynUEw2Aphgt2cN,Metade de um Abraço,98,99,2,Zé Vaqueiro
99,spotify:track:1SC5rEoYDGUK4NfG82494W,MONTERO (Call Me By Your Name),74,84,3,Lil Nas X
100,spotify:track:6JIIejoN31NIn6BJsVS3cu,Oi Deus - Ao Vivo,100,—,1,Hugo & Guilherme
