rank,uri,track_name,peak,prev,streak,artist_names
1,spotify:track:1OZ4uv7OAP24Ix6j3vojLt,Casei Com a Putaria,1,2,13,Mc Paiva ZS
2,spotify:track:1ELsaYdj2NlxLvkx9g24xZ,Haja Colírio (feat. Hugo & Guilherme) - Ao Vivo,1,1,15,Guilherme & Benuto
3,spotify:track:3yHXEidSu4gYVRqKoI653O,Assunto Delicado - Ao Vivo,3,7,7,Guilherme & Benuto
4,spotify:track:7AwVSKaQxpidrtYBerkHKk,Pipoco,1,3,18,Ana Castela
5,spotify:track:4ASA1PZyWGbuc4d9N8OAcF,Eu Gosto Assim - Ao Vivo,5,30,3,Gustavo Mioto
6,spotify:track:3gCWngngUs1uojw33vrE8K,5 Regras - Ao Vivo,4,4,10,Jorge & Mateus
7,spotify:track:6gyhp7IcNhTYzwlk8utsgP,Beijo de Glicose - Ao Vivo,7,19,5,Diego & Victor Hugo
8,spotify:track:6gEOM9IEBzvTdbwNrSkBdC,Fala Mal de Mim - Ao Vivo,5,5,13,Gusttavo Lima
9,spotify:track:4vWh6tEfcLzdvYWp2IlOJS,CORAÇÃO CIGANO - Ao Vivo,4,6,8,Luan Santana
10,spotify:track:5vC8UAOHeG95ehRzZChniB,Ai Preto,2,9,16,L7NNON
11,spotify:track:6Zw25LRLP0j0MsezDFIUM4,Mal Feito - Ao Vivo,1,10,38,Hugo & Guilherme
12,spotify:track:2ykYxd8UGHOsdjP3Z5jSHh,Cheiro de Balada - Ao Vivo,8,8,9,Hugo & Guilherme
13,spotify:track:4NNZZXHgn9F3cCgC1YGmLl,Todo Seu - Ao Vivo,5,12,22,Jorge & Mateus
14,spotify:track:4x5q5T5mhE1xvoCVXY6qrN,Melodia Alucinógena,7,11,10,DJ AK BR
15,spotify:track:2HMbGPbGiqGaHXzFkQAmZI,Basiquinho - Ao Vivo,15,15,9,Matheus & Kauan
16,spotify:track:7qoIhutxU269Zqo9PG5IOj,Poesia Acústica 13,14,14,3,Pineapple StormTv
17,spotify:track:42nZBOwXNdO24Ml032bLBS,Gatilho - Ao Vivo,11,13,29,Matheus & Kauan
18,spotify:track:5PSkF3QpVMlAx8U5Inxj39,Vento Forte,3,16,11,Mc Jacaré
19,spotify:track:6bwx7pcKJY05D9S6CVa1k6,Nem Namorado e Nem Ficante - Ao Vivo | Faixa Bônus,17,17,19,Israel & Rodolffo
20,spotify:track:0i4UV3HjjvsUuV3BajEXoD,Baile no Morro,1,21,15,MC Tairon
21,spotify:track:1K8AtBJXcdq5mywMnZuARP,Termina Comigo Antes,1,18,27,Gusttavo Lima
22,spotify:track:4xxeEWGQNFQ6qehlnev5LS,Te Amo Demais,4,20,11,Marília Mendonça
23,spotify:track:3nqQXoyQOWXiESFLlDF1hG,Unholy (feat. Kim Petras),23,34,2,Sam Smith
24,spotify:track:4cxQWmXmmbFoWvV8qipQTe,Perfeito Pra Ficar Sozinho - Ao Vivo,19,22,9,Murilo Huff
25,spotify:track:2qmG7dokbGpDGD0T5wORWt,Balanço da Rede,2,26,27,Matheus Fernandes
26,spotify:track:7bhvRvE56NHBvedx0EeALS,Comunicação Falhou - Ao Vivo,24,27,19,Mari Fernandez
27,spotify:track:3XF598RmEUF3XW4XKo1lyP,Meu Número - Ao Vivo,12,25,25,Hugo & Guilherme
28,spotify:track:4QQTPEwqE4Aq7LXSyIgSci,Primeiro Beck Ela Me Mamou,28,29,4,Mc Kitinho
29,spotify:track:7dG9DMiqxz365ItjlsRGMQ,Acabei de Terminar - Ao Vivo,17,24,23,Paulo e Nathan
30,spotify:track:0jAAnWNbcHf6X1EXOtvOT7,Incendeia,17,28,12,MC Kevin o Chris
31,spotify:track:2orGm2E68ODFYOURjaES62,Felina,31,78,2,WIU
32,spotify:track:2TdOWHAolNaQx8gyRDVS1N,ERRO PLANEJADO - Ao Vivo,1,23,25,Luan Santana
33,spotify:track:04vzhKfl5HtPEgrdZJCZ7L,Bagulho Louco,27,31,19,Mc Paiva ZS
34,spotify:track:3ITkrUvAA6gzxer2UIom3P,Molhando o Volante,5,32,43,Jorge & Mateus
35,spotify:track:7qD2vjd3btuOgwpQPEY7ci,EU VOU COM CARINHO ELA QUER COM FORÇA,5,33,20,Mc Don Juan
36,spotify:track:0MKd4uZd8Ag8qyReZBTarP,Pino da Granada - Ao Vivo em Rio Preto,34,36,19,Murilo Huff
37,spotify:track:4QWumyD2uwiePBBha9XBHI,No Ouvidinho,5,41,27,Felipe Amorim
38,spotify:track:5A35xC90Nk6tXmcOAOOavi,ABALO EMOCIONAL - Ao Vivo,4,42,35,Luan Santana
39,spotify:track:4Dvkj6JhhA12EX05fT7y2e,As It Was,26,35,27,Harry Styles
40,spotify:track:5TPXcKSOlPaz2pkYbWiWHU,Ai Eu Chorei - Ao Vivo,34,37,12,Clayton & Romário
41,spotify:track:5PZAbR6JHYYV9xp5gv0XES,Bandido,1,38,16,Zé Felipe
42,spotify:track:0tM4J8aID6qYZOE3e14sCj,Acordo - Ao Vivo,17,39,50,Henrique & Juliano
43,spotify:track:5mJFh4iRzgmWuEVPG8257V,Quem Não Conhece Tá Sem Internet,43,77,3,MC Marks
44,spotify:track:5fstoJBdyj9Yvhe4W5hmEP,Set Wesley Alemão,43,46,5,Dj GM
45,spotify:track:2wSCalnGOnXdAJC0Fn8OUY,Vai Lá Em Casa Hoje,1,43,50,George Henrique & Rodrigo
46,spotify:track:3sd2p4kE7xQmFH3lPnFl6h,sentaDONA (Remix) s2,1,47,29,Davi Kneip
47,spotify:track:3IMLoeLerS7TMpKjxUgAhx,Arranhão - Ao Vivo,1,44,51,Henrique & Juliano
48,spotify:track:11fqunD6qlOCrRd88kMOk6,Evento Cancelado - Ao Vivo,17,48,20,Henrique & Juliano
49,spotify:track:2ebFBmle5uXcdbrCAOvPcZ,Vagabundo Chora - Ao Vivo,15,45,34,Guilherme & Benuto
50,spotify:track:4a0sqvCBo7aRIS4GzBQpnp,Kikando e Me Olhando,11,40,25,MC Braz
51,spotify:track:6bTdZ7xfKp3NqqADJ8HLyj,Vampiro,5,49,27,Matuê
52,spotify:track:0yDMhYTryvQoR634wDgQ1j,O Fim é Triste (feat. DJ BOY),44,53,14,MC Hariel
53,spotify:track:3ShKPhFkexrwl7WoyTtNND,Tchuco Nela,9,50,23,MC Rogerinho
54,spotify:track:6Ulh9GPYz6JKdv04qc3q2U,Dengo,10,55,21,João Gomes
55,spotify:track:0XyPPyGes0omXppV5YE8gy,Gostosinha é Ela,48,54,8,Felipe Amorim
56,spotify:track:2VbKpQWIMRelKmEy8rSCAf,Set Tatuapé Conceito 2,50,51,13,Mc Kako
57,spotify:track:6Lk3kU7JcQ5dZ7jbmhJzQN,Melhor Ser uma Saudade,11,52,36,Zé Neto & Cristiano
58,spotify:track:6nkoWsFZeFt5dUdNmlIceh,Bloqueado - Ao Vivo,3,56,45,Gusttavo Lima
59,spotify:track:3imzmQM2DPPVBLMiBBexRL,202,47,59,6,Kweller
60,spotify:track:4aoZBldNDVYmTwmeoI49ud,O Poder Dessa Garota,57,64,14,Mc Gabzin
61,spotify:track:1t5dhHyXMwdbAcI3EQRqFV,Meio Fio - Ao Vivo,60,60,8,Diego & Victor Hugo
62,spotify:track:48LEhRW4gLMCVSYFEZvt8b,Assume a Gente - Ao Vivo,28,57,28,João Bosco e Gabriel
63,spotify:track:4qsOrxBv09HhNSpsgMRXdC,Esqueça-Me Se For Capaz,1,61,51,Marília Mendonça
64,spotify:track:0dcHD9QhnWRA41zoLnC83X,X1,55,70,10,MC Cabelinho
65,spotify:track:4uUG5RXrOk84mYEfFvj3cK,I'm Good (Blue),65,73,3,David Guetta
66,spotify:track:7KWKWJnbGJ3Soag6Oopion,CACHORRINHAS,5,72,12,Luísa Sonza
67,spotify:track:4NFkcqZ3jU2O9rgEbuluVn,Bafora o Lança - Remix,32,63,8,Mario Mc
68,spotify:track:3EM71GPnUGJ75uDhkH77pq,Insônia - Ao Vivo,46,62,6,LUDMILLA
69,spotify:track:25rz3D4oroFC0GXm3xFXnG,Tem Cabaré Essa Noite,29,65,12,Nivaldo Marques
70,spotify:track:1XcmAgREOuJQb91sr68AAD,Sentadinha Diferente,53,69,11,Dyamante DJ
71,spotify:track:28m65cMH7QXHzFnZSTtNHY,Não Sei o Que Lá,23,67,48,Marília Mendonça
72,spotify:track:30rrBGpna63eIJ2BrXlWDC,Minha Cópia Atual - Ao Vivo,50,68,27,Henrique & Juliano
73,spotify:track:5lCAtKxkZL6tFDyGX9t87j,Eu Já Tava Bem - Ao Vivo,22,58,44,Wesley Safadão
74,spotify:track:14JKzKrJbPDflw8XyATMey,A Maior Saudade - Ao Vivo,7,66,51,Henrique & Juliano
75,spotify:track:7fzgTaVhUxmEzjtcd9NdWo,Cê Tá Preparada - Ao Vivo,14,74,51,Tayrone
76,spotify:track:2s8kT1fuBVjxept8bH68Sw,SET MK 2,61,71,18,MC Hariel
77,spotify:track:5J4QAC3dpP9EfR90MObl62,Fala Alguma Coisa - Ao Vivo,77,90,5,Paulo e Nathan
78,spotify:track:7qq40cRIYNKZCDt1STfBqt,"Bruna, Tu Já Parou Pra Pensar",64,75,13,Niack
79,spotify:track:0roEMqT0P7Z82rJTwcID3Z,Felicidade Dela - Ao Vivo,38,79,28,Hugo & Guilherme
80,spotify:track:75fCsUnTiDelE4HMd06t4O,Gostosinho Tu Cai,22,76,23,Mc Pepeu
81,spotify:track:2PtpfX7sX870xeOfdTMyx2,Meus Vícios - Ao Vivo,81,85,2,Guilherme & Benuto
82,spotify:track:2zpiccjPSl315SqthyDf9j,Na Movimentação (feat. Faixa Rosa),82,93,4,Mc Livinho
83,spotify:track:7HdWqZjUmIHK5B8zwPCRds,Áudio Que Te Entrega - Faixa Bônus,34,89,21,Leo Santana
84,spotify:track:2xebCnKCjYWBhJ4Ai8hO5E,Set dos Casados,16,81,51,Mc Davi
85,spotify:track:3xt7v3bMNnQ8ie8RjhmkX2,Imagina A Sentada - Ao Vivo,15,82,40,Matheus & Kauan
86,spotify:track:7pvrsbBKUQI2QmA74WCJa5,Ela e Ela,4,84,51,Zé Neto & Cristiano
87,spotify:track:5r9CZJMoMmxio2AnJdxuDS,Pot-Pourri: Melhor Eu Ir / Ligando Os Fatos / Sonho de Amor / Deixa Eu Te Querer - Ao Vivo,71,80,6,Grupo Menos É Mais
88,spotify:track:7afaZ37wJJL6880z1NRgJS,Fim de Semana no Rio,13,91,27,Teto
89,spotify:track:14uWxelOuAUajP8fDvc0Ct,Falta Você,82,—,1,Thiaguinho
90,spotify:track:4grGI2vFnknrfmHT1JOVFU,Tesão Da Madrugada - Ao Vivo,33,92,7,George Henrique & Rodrigo
91,spotify:track:1td5kc4eF8J6esdCiWRvbs,"Andou na Prancha Cuidado Tubarão Vai te Pegar, Tubarão te Amo",87,87,2,DJ Silva da Norte
92,spotify:track:20yfr4F5QmZ5V3Cu1Rx4Kp,Elevador - Ao Vivo,87,88,10,Lauana Prado
93,spotify:track:1TyxXIXVVpHwhKaF73z8nw,Rasteira - Ao Vivo,36,83,51,Henrique & Juliano
94,spotify:track:2gkKA2pRAsMzbiGPo9gxsc,Água Nos Zói - Ao Vivo,28,97,3,Clayton & Romário
95,spotify:track:5etfNcFAD9M8uibXpYMxfQ,Tu Tava Na Revoada - Ao Vivo,42,99,15,Wesley Safadão
96,spotify:track:5IgjP7X4th6nMNDh4akUHb,Under The Influence,96,—,1,Chris Brown
97,spotify:track:4AAIAVjSyiq1N7SXKkwXZe,Troca de Calçada,12,100,2,Marília Mendonça
98,spotify:track:7woVi4HBuv0rsO98Ox2Fcq,Doce Veneno,98,—,1,Mc Paiva ZS
99,spotify:track:6JIC3hbC28JZKZ8AlAqX8h,Cold Heart - PNAU Remix,53,95,4,Elton John
100,spotify:track:3l5VjEAeUTqrlD50iEo8Yn,Licor 43,100,—,1,KayBlack
