rank,uri,track_name,peak,prev,streak,artist_names
1,spotify:track:1OZ4uv7OAP24Ix6j3vojLt,Casei Com a Putaria,1,1,11,Mc Paiva ZS
2,spotify:track:1ELsaYdj2NlxLvkx9g24xZ,Haja Colírio (feat. Hugo & Guilherme) - Ao Vivo,2,2,13,Guilherme & Benuto
3,spotify:track:7AwVSKaQxpidrtYBerkHKk,Pipoco,1,3,16,Ana Castela
4,spotify:track:4vWh6tEfcLzdvYWp2IlOJS,CORAÇÃO CIGANO - Ao Vivo,4,4,6,Luan Santana
5,spotify:track:3gCWngngUs1uojw33vrE8K,5 Regras - Ao Vivo,5,8,8,Jorge & Mateus
6,spotify:track:6gEOM9IEBzvTdbwNrSkBdC,Fala Mal de Mim - Ao Vivo,5,5,11,Gusttavo Lima
7,spotify:track:5vC8UAOHeG95ehRzZChniB,Ai Preto,2,6,14,L7NNON
8,spotify:track:6Zw25LRLP0j0MsezDFIUM4,Mal Feito - Ao Vivo,1,9,36,Hugo & Guilherme
9,spotify:track:2ykYxd8UGHOsdjP3Z5jSHh,Cheiro de Balada - Ao Vivo,9,11,7,Hugo & Guilherme
10,spotify:track:4x5q5T5mhE1xvoCVXY6qrN,Melodia Alucinógena,7,7,8,DJ AK BR
11,spotify:track:4NNZZXHgn9F3cCgC1YGmLl,Todo Seu - Ao Vivo,5,10,20,Jorge & Mateus
12,spotify:track:4xxeEWGQNFQ6qehlnev5LS,Te Amo Demais,4,12,9,Marília Mendonça
13,spotify:track:42nZBOwXNdO24Ml032bLBS,Gatilho - Ao Vivo,11,14,27,Matheus & Kauan
14,spotify:track:5PSkF3QpVMlAx8U5Inxj39,Vento Forte,3,13,9,Mc Jacaré
15,spotify:track:2HMbGPbGiqGaHXzFkQAmZI,Basiquinho - Ao Vivo,15,17,7,Matheus & Kauan
16,spotify:track:1K8AtBJXcdq5mywMnZuARP,Termina Comigo Antes,1,16,25,Gusttavo Lima
17,spotify:track:0i4UV3HjjvsUuV3BajEXoD,Baile no Morro,1,15,13,MC Tairon
18,spotify:track:3yHXEidSu4gYVRqKoI653O,Assunto Delicado - Ao Vivo,18,28,5,Guilherme & Benuto
19,spotify:track:4cxQWmXmmbFoWvV8qipQTe,Perfeito Pra Ficar Sozinho - Ao Vivo,19,23,7,Murilo Huff
20,spotify:track:6bwx7pcKJY05D9S6CVa1k6,Nem Namorado e Nem Ficante - Ao Vivo | Faixa Bônus,18,18,17,Israel & Rodolffo
21,spotify:track:2TdOWHAolNaQx8gyRDVS1N,ERRO PLANEJADO - Ao Vivo,1,20,23,Luan Santana
22,spotify:track:7dG9DMiqxz365ItjlsRGMQ,Acabei de Terminar - Ao Vivo,17,22,21,Paulo e Nathan
23,spotify:track:2qmG7dokbGpDGD0T5wORWt,Balanço da Rede,2,19,25,Matheus Fernandes
24,spotify:track:3XF598RmEUF3XW4XKo1lyP,Meu Número - Ao Vivo,12,25,23,Hugo & Guilherme
25,spotify:track:0jAAnWNbcHf6X1EXOtvOT7,Incendeia,17,21,10,MC Kevin o Chris
26,spotify:track:7bhvRvE56NHBvedx0EeALS,Comunicação Falhou - Ao Vivo,24,24,17,Mari Fernandez
27,spotify:track:04vzhKfl5HtPEgrdZJCZ7L,Bagulho Louco,27,31,17,Mc Paiva ZS
28,spotify:track:3ITkrUvAA6gzxer2UIom3P,Molhando o Volante,5,27,41,Jorge & Mateus
29,spotify:track:5PZAbR6JHYYV9xp5gv0XES,Bandido,1,26,14,Zé Felipe
30,spotify:track:6gyhp7IcNhTYzwlk8utsgP,Beijo de Glicose - Ao Vivo,30,35,3,Diego & Victor Hugo
31,spotify:track:7qD2vjd3btuOgwpQPEY7ci,EU VOU COM CARINHO ELA QUER COM FORÇA,5,30,18,Mc Don Juan
32,spotify:track:2wSCalnGOnXdAJC0Fn8OUY,Vai Lá Em Casa Hoje,1,29,48,George Henrique & Rodrigo
33,spotify:track:4QWumyD2uwiePBBha9XBHI,No Ouvidinho,5,32,25,Felipe Amorim
34,spotify:track:4a0sqvCBo7aRIS4GzBQpnp,Kikando e Me Olhando,11,34,23,MC Braz
35,spotify:track:5A35xC90Nk6tXmcOAOOavi,ABALO EMOCIONAL - Ao Vivo,4,39,33,Luan Santana
36,spotify:track:4Dvkj6JhhA12EX05fT7y2e,As It Was,26,38,25,Harry Styles
37,spotify:track:0MKd4uZd8Ag8qyReZBTarP,Pino da Granada - Ao Vivo em Rio Preto,34,41,17,Murilo Huff
38,spotify:track:5TPXcKSOlPaz2pkYbWiWHU,Ai Eu Chorei - Ao Vivo,34,36,10,Clayton & Romário
39,spotify:track:7KWKWJnbGJ3Soag6Oopion,CACHORRINHAS,5,33,10,Luísa Sonza
40,spotify:track:3sd2p4kE7xQmFH3lPnFl6h,sentaDONA (Remix) s2,1,37,27,Davi Kneip
41,spotify:track:0tM4J8aID6qYZOE3e14sCj,Acordo - Ao Vivo,17,44,48,Henrique & Juliano
42,spotify:track:3IMLoeLerS7TMpKjxUgAhx,Arranhão - Ao Vivo,1,47,49,Henrique & Juliano
43,spotify:track:5fstoJBdyj9Yvhe4W5hmEP,Set Wesley Alemão,43,51,3,Dj GM
44,spotify:track:2ebFBmle5uXcdbrCAOvPcZ,Vagabundo Chora - Ao Vivo,15,42,32,Guilherme & Benuto
45,spotify:track:6bTdZ7xfKp3NqqADJ8HLyj,Vampiro,5,43,25,Matuê
46,spotify:track:3ShKPhFkexrwl7WoyTtNND,Tchuco Nela,9,40,21,MC Rogerinho
47,spotify:track:11fqunD6qlOCrRd88kMOk6,Evento Cancelado - Ao Vivo,17,53,18,Henrique & Juliano
48,spotify:track:0XyPPyGes0omXppV5YE8gy,Gostosinha é Ela,48,49,6,Felipe Amorim
49,spotify:track:6Lk3kU7JcQ5dZ7jbmhJzQN,Melhor Ser uma Saudade,11,55,34,Zé Neto & Cristiano
50,spotify:track:3imzmQM2DPPVBLMiBBexRL,202,47,50,4,Kweller
51,spotify:track:6Ulh9GPYz6JKdv04qc3q2U,Dengo,10,48,19,João Gomes
52,spotify:track:3EM71GPnUGJ75uDhkH77pq,Insônia - Ao Vivo,46,46,4,LUDMILLA
53,spotify:track:0yDMhYTryvQoR634wDgQ1j,O Fim é Triste (feat. DJ BOY),44,54,12,MC Hariel
54,spotify:track:4NFkcqZ3jU2O9rgEbuluVn,Bafora o Lança - Remix,32,45,6,Mario Mc
55,spotify:track:2VbKpQWIMRelKmEy8rSCAf,Set Tatuapé Conceito 2,50,57,11,Mc Kako
56,spotify:track:4QQTPEwqE4Aq7LXSyIgSci,Primeiro Beck Ela Me Mamou,56,68,2,Mc Kitinho
57,spotify:track:25rz3D4oroFC0GXm3xFXnG,Tem Cabaré Essa Noite,29,52,10,Nivaldo Marques
58,spotify:track:5lCAtKxkZL6tFDyGX9t87j,Eu Já Tava Bem - Ao Vivo,22,56,42,Wesley Safadão
59,spotify:track:6nkoWsFZeFt5dUdNmlIceh,Bloqueado - Ao Vivo,3,59,43,Gusttavo Lima
60,spotify:track:48LEhRW4gLMCVSYFEZvt8b,Assume a Gente - Ao Vivo,28,60,26,João Bosco e Gabriel
61,spotify:track:4qsOrxBv09HhNSpsgMRXdC,Esqueça-Me Se For Capaz,1,63,49,Marília Mendonça
62,spotify:track:4aoZBldNDVYmTwmeoI49ud,O Poder Dessa Garota,57,58,12,Mc Gabzin
63,spotify:track:0dcHD9QhnWRA41zoLnC83X,X1,55,66,8,MC Cabelinho
64,spotify:track:1t5dhHyXMwdbAcI3EQRqFV,Meio Fio - Ao Vivo,60,61,6,Diego & Victor Hugo
65,spotify:track:14JKzKrJbPDflw8XyATMey,A Maior Saudade - Ao Vivo,7,65,49,Henrique & Juliano
66,spotify:track:1XcmAgREOuJQb91sr68AAD,Sentadinha Diferente,53,62,9,Dyamante DJ
67,spotify:track:28m65cMH7QXHzFnZSTtNHY,Não Sei o Que Lá,23,67,46,Marília Mendonça
68,spotify:track:2s8kT1fuBVjxept8bH68Sw,SET MK 2,61,70,16,MC Hariel
69,spotify:track:7fzgTaVhUxmEzjtcd9NdWo,Cê Tá Preparada - Ao Vivo,14,71,49,Tayrone
70,spotify:track:75fCsUnTiDelE4HMd06t4O,Gostosinho Tu Cai,22,69,21,Mc Pepeu
71,spotify:track:30rrBGpna63eIJ2BrXlWDC,Minha Cópia Atual - Ao Vivo,50,75,25,Henrique & Juliano
72,spotify:track:7qq40cRIYNKZCDt1STfBqt,"Bruna, Tu Já Parou Pra Pensar",64,72,11,Niack
73,spotify:track:3YvE7uo4ffseBoJPh8IhHp,Presepada,4,73,46,Marília Mendonça
74,spotify:track:0roEMqT0P7Z82rJTwcID3Z,Felicidade Dela - Ao Vivo,38,77,26,Hugo & Guilherme
75,spotify:track:3AJwUDP919kvQ9QcozQPxg,Yellow,64,64,2,Coldplay
76,spotify:track:2xebCnKCjYWBhJ4Ai8hO5E,Set dos Casados,16,87,49,Mc Davi
77,spotify:track:7afaZ37wJJL6880z1NRgJS,Fim de Semana no Rio,13,74,25,Teto
78,spotify:track:3xt7v3bMNnQ8ie8RjhmkX2,Imagina A Sentada - Ao Vivo,15,79,38,Matheus & Kauan
79,spotify:track:7pvrsbBKUQI2QmA74WCJa5,Ela e Ela,4,85,49,Zé Neto & Cristiano
80,spotify:track:5r9CZJMoMmxio2AnJdxuDS,Pot-Pourri: Melhor Eu Ir / Ligando Os Fatos / Sonho de Amor / Deixa Eu Te Querer - Ao Vivo,71,83,4,Grupo Menos É Mais
81,spotify:track:1TyxXIXVVpHwhKaF73z8nw,Rasteira - Ao Vivo,36,93,49,Henrique & Juliano
82,spotify:track:130HVxaVe9EYcLJmuOR9Rw,Até A Próxima Vida - Ao Vivo,77,86,13,Henrique & Juliano
83,spotify:track:7gRFDGEzF9UkBV233yv2dc,Shut Down,83,—,1,BLACKPINK
84,spotify:track:4NJKCE1TBC653P3dCnto0u,Simplesmente Ela,23,78,26,Mc Gabzin
85,spotify:track:4ASA1PZyWGbuc4d9N8OAcF,Eu Gosto Assim - Ao Vivo,85,—,1,Gustavo Mioto
86,spotify:track:7HdWqZjUmIHK5B8zwPCRds,Áudio Que Te Entrega - Faixa Bônus,34,82,19,Leo Santana
87,spotify:track:5mJFh4iRzgmWuEVPG8257V,Quem Não Conhece Tá Sem Internet,87,—,1,MC Marks
88,spotify:track:20yfr4F5QmZ5V3Cu1Rx4Kp,Elevador - Ao Vivo,87,91,8,Lauana Prado
89,spotify:track:6JIC3hbC28JZKZ8AlAqX8h,Cold Heart - PNAU Remix,53,80,2,Elton John
90,spotify:track:5J4QAC3dpP9EfR90MObl62,Fala Alguma Coisa - Ao Vivo,79,81,3,Paulo e Nathan
91,spotify:track:2zpiccjPSl315SqthyDf9j,Na Movimentação (feat. Faixa Rosa),87,100,2,Mc Livinho
92,spotify:track:7qoIhutxU269Zqo9PG5IOj,Poesia Acústica 13,92,—,1,Pineapple StormTv
93,spotify:track:4grGI2vFnknrfmHT1JOVFU,Tesão Da Madrugada - Ao Vivo,33,89,5,George Henrique & Rodrigo
94,spotify:track:5etfNcFAD9M8uibXpYMxfQ,Tu Tava Na Revoada - Ao Vivo,42,88,13,Wesley Safadão
95,spotify:track:5zNxUkUW9WiV5oyg6gh2wB,DANÇARINA,1,92,32,PEDRO SAMPAIO
96,spotify:track:4uUG5RXrOk84mYEfFvj3cK,I'm Good (Blue),96,—,1,David Guetta
97,spotify:track:72g37RoelSnovZakG5MwnF,Parada Louca,11,95,44,Mari Fernandez
98,spotify:track:14uWxelOuAUajP8fDvc0Ct,Falta Você,82,—,1,Thiaguinho
99,spotify:track:2gkKA2pRAsMzbiGPo9gxsc,Água Nos Zói - Ao Vivo,28,—,1,Clayton & Romário
100,spotify:track:6BF3nZQkAg9qvE0DLVSfyH,Hotel Caro,22,97,15,Baco Exu do Blues
