rank,uri,track_name,peak,prev,streak,artist_names
1,spotify:track:1K8AtBJXcdq5mywMnZuARP,Termina Comigo Antes,1,4,4,Gusttavo Lima
2,spotify:track:6Zw25LRLP0j0MsezDFIUM4,Mal Feito - Ao Vivo,1,1,15,Hugo & Guilherme
3,spotify:track:4QWumyD2uwiePBBha9XBHI,No Ouvidinho,3,5,4,Felipe Amorim
4,spotify:track:3sd2p4kE7xQmFH3lPnFl6h,sentaDONA (Remix) s2,1,2,6,Davi Kneip
5,spotify:track:2qmG7dokbGpDGD0T5wORWt,Balanço da Rede,5,11,5,Matheus Fernandes
6,spotify:track:5zNxUkUW9WiV5oyg6gh2wB,DANÇARINA,1,3,11,PEDRO SAMPAIO
7,spotify:track:4SIBZgMomGFnrIWjmq7Np8,Desenrola Bate Joga de Ladin (feat. DJ Biel do Furduncinho),7,14,3,L7NNON
8,spotify:track:53RxHysDJ0cjugMcPymwja,ABALO EMOCIONAL - Ao Vivo,4,6,12,Luan Santana
9,spotify:track:3ITkrUvAA6gzxer2UIom3P,Molhando o Volante,6,8,20,Jorge & Mateus
10,spotify:track:7gVzhRCrLRUBEGdS7zNTp0,Malvada,3,7,13,Zé Felipe
11,spotify:track:0sjhY8nPIm6cPOQfyUPmJe,ERRO PLANEJADO - Ao Vivo,11,25,2,Luan Santana
12,spotify:track:6nkoWsFZeFt5dUdNmlIceh,Bloqueado - Ao Vivo,2,9,22,Gusttavo Lima
13,spotify:track:6Lk3kU7JcQ5dZ7jbmhJzQN,Melhor Ser uma Saudade,12,12,13,Zé Neto & Cristiano
14,spotify:track:6bTdZ7xfKp3NqqADJ8HLyj,Vampiro,11,13,4,Matuê
15,spotify:track:0NBgyml7T0IvUNbXIkcSpH,Malvadão 3,1,10,19,Xamã
16,spotify:track:2wSCalnGOnXdAJC0Fn8OUY,Vai Lá Em Casa Hoje,1,15,27,George Henrique & Rodrigo
17,spotify:track:0qYW2jULeN9giEty0ee9Fy,Botadinha Saliente,7,19,11,MC Rogerinho
18,spotify:track:3FkeNbs9Zeiqkr3WkbOiGp,Envolver,1,16,7,Anitta
19,spotify:track:7afaZ37wJJL6880z1NRgJS,Fim de Semana no Rio,17,18,4,Teto
20,spotify:track:14JKzKrJbPDflw8XyATMey,A Maior Saudade - Ao Vivo,6,20,28,Henrique & Juliano
21,spotify:track:3IMLoeLerS7TMpKjxUgAhx,Arranhão - Ao Vivo,1,17,28,Henrique & Juliano
22,spotify:track:4NJKCE1TBC653P3dCnto0u,Simplesmente Ela,22,27,5,Mc Gabzin
23,spotify:track:4qsOrxBv09HhNSpsgMRXdC,Esqueça-Me Se For Capaz,1,21,28,Marília Mendonça
24,spotify:track:0tM4J8aID6qYZOE3e14sCj,Acordo - Ao Vivo,16,22,27,Henrique & Juliano
25,spotify:track:3QGxgNaqaFSpORp2OVLXHR,212,5,23,15,Chefin
26,spotify:track:2ebFBmle5uXcdbrCAOvPcZ,Vagabundo Chora - Ao Vivo,26,28,11,Guilherme & Benuto
27,spotify:track:5lCAtKxkZL6tFDyGX9t87j,Eu Já Tava Bem - Ao Vivo,18,24,21,Wesley Safadão
28,spotify:track:3XF598RmEUF3XW4XKo1lyP,Meu Número - Ao Vivo,28,47,2,Hugo & Guilherme
29,spotify:track:42nZBOwXNdO24Ml032bLBS,Gatilho - Ao Vivo,26,26,6,Matheus & Kauan
30,spotify:track:4grGI2vFnknrfmHT1JOVFU,Tesão Da Madrugada - Ao Vivo,30,35,11,George Henrique & Rodrigo
31,spotify:track:4LRPiXqCikLlN15c3yImP7,As It Was,31,39,4,Harry Styles
32,spotify:track:4EVzu5mYyigjyLrryKbZs7,VERMELHO,13,30,11,Gloria Groove
33,spotify:track:0roEMqT0P7Z82rJTwcID3Z,Felicidade Dela - Ao Vivo,33,38,5,Hugo & Guilherme
34,spotify:track:1M5OUvKG03C0QtzvxRS4Zk,Depende,8,29,14,Dj Guuga
35,spotify:track:72g37RoelSnovZakG5MwnF,Parada Louca,9,31,23,Mari Fernandez
36,spotify:track:3YvE7uo4ffseBoJPh8IhHp,Presepada,4,33,25,Marília Mendonça
37,spotify:track:3xt7v3bMNnQ8ie8RjhmkX2,Imagina A Sentada - Ao Vivo,16,34,17,Matheus & Kauan
38,spotify:track:4dwBkgq4a4gEissxTY0YDT,Cê Tá Preparada - Ao Vivo,14,37,28,Tayrone
39,spotify:track:5Z4TYur0O9OxmxIo6GC2Gq,"Oi, Como Ce Tá?",19,32,9,Vulgo FK
40,spotify:track:5VTjBl3ddZEiG2LrH4VzyR,Toma Toma Vapo Vapo,4,36,24,Zé Felipe
41,spotify:track:0yL7K9MzC20uBesZTPY81r,Pandora,7,40,20,DJ Matt D
42,spotify:track:7HjZD0NPC1hzFpjUjo45GR,Me Sinto Abençoado,36,44,20,Mc Poze do Rodo
43,spotify:track:0sPtV4stCHkFJB6GpoaZ1f,CAFÉ DA MANHÃ ;P,20,46,11,Luísa Sonza
44,spotify:track:4fSHADbZbhpZCT9oJpxwbP,Ameaça,5,43,26,Paulo Pires
45,spotify:track:4a0sqvCBo7aRIS4GzBQpnp,Kikando e Me Olhando,45,62,3,MC Braz
46,spotify:track:3qmdfYpfvKRIXmWaLllHZ3,Black Lança (Catucando Gostosinho),13,42,13,MC Teteu
47,spotify:track:4can6ssapSsRCEbZZfYL8K,Poesia Acústica 12 - Pra Sempre,34,51,9,Pineapple StormTv
48,spotify:track:6qdJZIjxrPaJjaGqlXFLSs,Nota de Repúdio - Ao Vivo,3,48,28,Gusttavo Lima
49,spotify:track:3gK5ckT0cq3t5enyqzzRgV,GALOPA,4,49,28,PEDRO SAMPAIO
50,spotify:track:28m65cMH7QXHzFnZSTtNHY,Não Sei o Que Lá,30,45,25,Marília Mendonça
51,spotify:track:2IJPcsIjReWb0v4EdNuwLu,Assume a Gente - Ao Vivo,50,50,4,João Bosco e Gabriel
52,spotify:track:6ve9hbVnSgJ0vrsRpj18OH,Não Me Arranha - Ao Vivo,19,41,28,Gusttavo Lima
53,spotify:track:5yRgMxdDhdYlbUQNCOlW3o,Não Vou Te Bloquear - Ao vivo,19,54,15,Mc Don Juan
54,spotify:track:0bvLxd9bUAYGKkpMYdR60F,Mal Caminho,54,60,4,DJ JOAO DA INESTAN
55,spotify:track:2gkKA2pRAsMzbiGPo9gxsc,Água Nos Zói - Ao Vivo,26,52,28,Clayton & Romário
56,spotify:track:2xebCnKCjYWBhJ4Ai8hO5E,Set dos Casados,25,56,24,Mc Davi
57,spotify:track:4OjLi2Ji9UhVsHjqzRGCsM,Quebrando Protocolo - Ao Vivo,41,57,26,Gusttavo Lima
58,spotify:track:0OJ8KWhqLMHkfI59yh398v,Sei Que Tu Gosta Muito,58,69,3,L7NNON
59,spotify:track:7pvrsbBKUQI2QmA74WCJa5,Ela e Ela,6,58,28,Zé Neto & Cristiano
60,spotify:track:17QN5kFprJqHdHLMj7hz4s,Ficha Limpa - Ao Vivo,11,64,28,Gusttavo Lima
61,spotify:track:4HpRywZJgzkXXYLKJ0mLiY,Minha Cópia Atual - Ao Vivo,61,61,4,Henrique & Juliano
62,spotify:track:2VATVdFqb7QqxfAcQPvNpc,Ex Alcoolizado - Ao Vivo,59,59,4,Israel & Rodolffo
63,spotify:track:6pojmlhRI1fBUNg0pZSA9M,EU BEM QUE TE AVISEI - TU EMPINOU ELE PEI,63,—,1,Mc Delux
64,spotify:track:5jYEiTNR3FQXFouTX7Ju0N,Socadona,15,66,11,LUDMILLA
65,spotify:track:2AQJRDfQJbfgmTf5e62Czl,Sem Dó,42,68,17,Matuê
66,spotify:track:053zWWZDziDJd3U94x8RuP,Todo Mundo Menos Você,3,53,28,Marília Mendonça
67,spotify:track:2ixi9HWJw5lnLDmRMsiCS5,Você Beberia Ou Não Beberia?,8,65,28,Zé Neto & Cristiano
68,spotify:track:5rz7ZQkMpQHGDXC62P2Axw,ESSE É LADRÃO,37,76,16,DJ BRUNIN DA NT
69,spotify:track:68qqVn5kHBv4zc45SDGLnh,Corte Americano,69,77,8,Filipe Ret
70,spotify:track:4AOOcHnZdU6qyUVtKZUEuF,Amava Nada - Ao Vivo,52,67,12,Lucas Lucco
71,spotify:track:1gKXrwKn5ub6wyefqMsnZp,Joga na Cara,71,85,10,MC Braz
72,spotify:track:6W56j9ijl9n2l76Hs4hgGn,Larga AÍ Pra Ver - Ao Vivo,72,87,2,Léo & Raphael
73,spotify:track:0VF2XFdgeID7448iU2Vyg9,Novinha Malada do Insta,29,80,14,MC Josh
74,spotify:track:0cHflpV8SSGbE0NKaasEfT,F* F* M*,74,84,6,Filipe Ret
75,spotify:track:0EMAzKGOFxJgG9vHsm7ciF,Eu Vou Machucar Só um Pouquinho X Catucando Gostosinho,64,74,8,JC NO BEAT
76,spotify:track:5Z9KJZvQzH6PFmb8SNkxuk,INDUSTRY BABY (feat. Jack Harlow),36,83,28,Lil Nas X
77,spotify:track:1TyxXIXVVpHwhKaF73z8nw,Rasteira - Ao Vivo,42,70,28,Henrique & Juliano
78,spotify:track:4kGdnA7FzSVsXC29LPghej,Revoada No Colchão,4,71,28,Zé Felipe
79,spotify:track:79Wou8NwYEFzTyDQudjENF,Desbloqueado - Ao Vivo,19,73,28,Diego & Victor Hugo
80,spotify:track:3SWjpNMVUi5UXz096NbfPr,Gata (feat. Chencho Corleone),55,55,2,Anitta
81,spotify:track:36mUWhjTM3GNpncYy7RR6z,Boca Ocupada,79,79,3,Cleber & Cauan
82,spotify:track:2kJRlOyrxsy7Ot3c5TZ8Q6,Meu Pedaço de Pecado,9,75,28,João Gomes
83,spotify:track:6JIC3hbC28JZKZ8AlAqX8h,Cold Heart - PNAU Remix,58,91,23,Elton John
84,spotify:track:48Ll1C6qAnP2UjnopQDh4a,Bala Love,4,90,28,Mc Anjim
85,spotify:track:6EDj1nbl9wo6ivGI1t59G4,Idiota,32,63,14,Jão
86,spotify:track:1iaPDgTbsKrlznVu13EWIf,ESSÊNCIA DE CRIA,68,—,1,MC Cabelinho
87,spotify:track:3ShKPhFkexrwl7WoyTtNND,Tchuco Nela,87,—,1,MC Rogerinho
88,spotify:track:2RGIuYTsyyHoOCqW0krvNE,Coração Cachorro,1,78,28,Avine Vinny
89,spotify:track:7aZusA4cWXz3Wv9e9uhavz,Quer Voar,15,93,28,Matuê
90,spotify:track:1bWBG6IkMnDr3qvCKSvQT7,Baby Me Atende - Ao Vivo,13,81,28,Matheus Fernandes
91,spotify:track:1d7AtPeraWVsvI4U1YTHt1,Vestido Coladinho,31,92,2,Max e Luan
92,spotify:track:4lsDFVKOVwPeAVw1hPOn7G,Vontade De Morder,20,72,14,Simone & Simaria
93,spotify:track:0eumeycOAI8ew5qRzFJbEr,Mágico do Som,93,100,2,MC WM
94,spotify:track:5PjdY0CKGZdEuoNab3yDmX,STAY (with Justin Bieber),50,—,1,The Kid LAROI
95,spotify:track:452LVnTBjXYW3guqe3xiqI,Vamo Tomar Uma,29,82,28,Zé Neto & Cristiano
96,spotify:track:7ARoqP7G8UYW8SyYPyPp7k,NO CHÃO NOVINHA,18,89,20,Anitta
97,spotify:track:1wdhj1r7aeWVDUl9d18YKu,Expectativa x Realidade,14,88,28,Matheus & Kauan
98,spotify:track:6qu6s6uwdVdGewHpi6Cdo7,Trem Mais Caro,98,—,1,DJ JR Oficial
99,spotify:track:4KKUy3C5lFNnxyTFT7qqNv,Eu Me Trai - Ao Vivo,99,—,1,Henrique & Juliano
100,spotify:track:0j8nXyOr5UXWHqy0BBnZ6L,Dá Intimidade Pra Ver - Ao Vivo,59,86,3,Israel & Rodolffo
