rank,uri,track_name,peak,prev,streak,artist_names
1,spotify:track:2sYFUcurlISdHlAsnYCEgD,Me Leva Pra Casa / Escrito Nas Estrelas / Saudade - Ao Vivo,1,1,4,Lauana Prado
2,spotify:track:42JNab8NPeCADJ9D3Cl5wS,Barulho Do Foguete - Ao Vivo,2,2,27,Zé Neto & Cristiano
3,spotify:track:2InS5VWKJQbsFBKOsf1cJB,Let's Go 4,2,5,16,Dj GBR
4,spotify:track:7g7I8fjEERZH8DH3e6MUw7,Canudinho - Ao Vivo,1,3,18,Gusttavo Lima
5,spotify:track:2IDf0IZ9dfw0uDYV2n1bJc,DEJA VU,4,4,4,Luan Santana
6,spotify:track:35D06z7kmwMmYYbyJ0BkSm,Daqui pra Sempre,5,7,13,Manu
7,spotify:track:00ZKeP47bZtswtANkvxz2j,Baile do Bruxo,1,6,13,Tropa do Bruxo
8,spotify:track:4YKujFSyakVjLdH1sDllVc,Dois Fugitivos - Ao Vivo,6,9,15,Simone Mendes
9,spotify:track:7DkhndGTKaqkFxxKN7XlAh,Manda um Oi - Ao Vivo,5,8,34,Guilherme & Benuto
10,spotify:track:1xjy8WRyYUkayJcyyWQpYe,Fronteira - Ao Vivo,10,11,7,Ana Castela
11,spotify:track:00rxTS5TKv3oXpDA6nWfBi,Maria Mariah,11,42,2,JC NO BEAT
12,spotify:track:4f0aDk7HX37SfzerfznYlr,Lapada Dela - Ao Vivo,5,12,42,Grupo Menos É Mais
13,spotify:track:3XIXklO3e0uWUAUkOR7NLI,DENTRO DA HILUX,1,13,19,Luan Pereira
14,spotify:track:6vq7r1Pqd3pyI07u63cPZV,Erro Gostoso - Ao Vivo,3,10,49,Simone Mendes
15,spotify:track:6zFpImDYig0CQhLL2NIfyN,Nosso Quadro,1,15,48,AgroPlay
16,spotify:track:7G2yGMHlcPPTCDhMrAaMyZ,Tô Voltando - (Boiadeira Internacional),15,17,19,Ana Castela
17,spotify:track:64CovjRwInpOJW4PiGMprY,Faz um Vuk Vuk (Teto Espelhado),1,22,24,MC Kevin o Chris
18,spotify:track:0oQCRjrWGvkqkdf82UlXI3,POCPOC,18,29,4,PEDRO SAMPAIO
19,spotify:track:6C4nUySvjSQWoZamSKJBqH,Mala dos Porta-Mala - Ao Vivo,4,18,25,Gusttavo Lima
20,spotify:track:0QcKkN8b4iVkmVsbaze8OS,Devia Ser Proibido - Ao Vivo Em Brasília,14,16,23,Henrique & Juliano
21,spotify:track:3S8M3mZGIc10IdtmNTsrjQ,Eu Não Previ - Ao Vivo em Goiânia,14,14,9,Traia Véia
22,spotify:track:4Z2i41GDQyu3KRpBavEnyR,Solteiro Forçado - Boiadeira Internacional,2,19,26,Ana Castela
23,spotify:track:7MLX5VV97CcXIpH2QUIy13,Pane no Sistema,9,21,11,GREGO
24,spotify:track:3PqU6gHWUaBTtIZi5oxEJ7,Um Mês E Pouco - Ao Vivo,7,20,28,Zé Neto & Cristiano
25,spotify:track:697gwO5YoSGVAnlfREIZll,Tenho Que Me Decidir,25,31,4,MC PH
26,spotify:track:2twZl1jsRbJRTNCE6VB6eW,10 Carros,16,30,6,Chefin
27,spotify:track:0wuj2T6IZtotux1Jjluo7m,Cama Repetida,26,26,6,Leo Santana
28,spotify:track:53PpijFATt35Zxfl6LTxoK,Leão,1,25,56,Marília Mendonça
29,spotify:track:5v1Fjk1RDKGqxwNOzGDewL,Então Vai,29,40,4,Zé Felipe
30,spotify:track:7vCtJ5u7dFM4tAWtgFf4l8,Anestesiado - Ao Vivo,27,27,7,Murilo Huff
31,spotify:track:6rpUGV7bcWW9ro65Bf8uYY,Eu Não Dou Conta - Ao Vivo,18,24,15,Israel & Rodolffo
32,spotify:track:0fABszUFNbNq9IW503Gj8v,Tá OK,1,35,33,DENNIS
33,spotify:track:3iam4WkRoqMoBBCwDFZNgd,Quase Algo - Ao Vivo Em Nova Iorque / 2022,14,28,16,Henrique & Juliano
34,spotify:track:6Td7nVeAOUz13zhDlUY8jv,CHEIRO NA CAMISETA,23,23,7,Luan Pereira
35,spotify:track:23IebZSNZ8VzwUr4rJNGRG,MEIO TERMO - Ao Vivo,8,36,30,Luan Santana
36,spotify:track:4xAGuRRKOgoaZbMGdmTD3N,Oi Balde - Ao Vivo,2,32,46,Zé Neto & Cristiano
37,spotify:track:3PH1nUysW7ybo3Yu8sqlPN,Seu Brilho Sumiu - Ao Vivo,2,34,44,Israel & Rodolffo
38,spotify:track:7dKqPh21HpsysZvRWyNeM1,Bênçãos Que Não Têm Fim (Counting My Blessings),25,38,7,Isadora Pompeo
39,spotify:track:0redQHBfejmPUhonR5ppGC,Duas Três,6,37,47,Guilherme & Benuto
40,spotify:track:54u86CmMqGI1rRuULlTqaB,Toca o Trompete,2,33,23,Felipe Amorim
41,spotify:track:4KGyltc1ugN2WFcjkSPHwh,Não Vitalício (Nunca Mais) - Ao Vivo,6,39,48,Matheus & Kauan
42,spotify:track:1kWcd9h9HoeXsKaDVhSOtj,Ela - Ao Vivo,42,47,8,Sorriso Maroto
43,spotify:track:4QCwvUs4ob87Tq9VP07Uo3,Loucura,43,54,3,Borges
44,spotify:track:2QxL3wAJnwOOmygY4VX0My,Vestido Curto - Ao Vivo,44,87,2,Diego & Victor Hugo
45,spotify:track:4ssTFuVeNJG8py5dr2P2pV,Não Recomendo - Ao Vivo,40,43,4,Matheus & Kauan
46,spotify:track:6drlqBh6BeYZinmYQ9qR2n,Furduncinho do Rogerinho,14,44,19,MC Rogerinho
47,spotify:track:3dA58LbGkY9CIEPyT7yAEZ,Torce o Olho - Ao Vivo,28,41,7,Gusttavo Lima
48,spotify:track:4uLzGOlqSanpNS3htaUViY,Pátio do Posto - Ao Vivo,16,46,38,Zé Neto & Cristiano
49,spotify:track:4zNy0cxc4p36OLdPr0sI6h,MONTAGEM ANOS 2000,13,49,16,MC Maneirinho
50,spotify:track:4hKLzFvNwHF6dPosGT30ed,Novo Balanço,6,48,33,Veigh
51,spotify:track:7lTVXJfNK4xaJSUXCUac6a,Fode Bem,7,53,22,Felipe Amorim
52,spotify:track:1Z3QqD45wKKN6fUKBXSvcZ,Pirulito Vermelho,22,45,29,Diego & Victor Hugo
53,spotify:track:2pidGuLSSVZPcbzE5QA1Ux,Elevador - Ao Vivo,22,51,30,Hugo & Guilherme
54,spotify:track:4v7UrPWZL4FJWeL5ZWQ62E,Seu Erro - Ao Vivo Em Nova Iorque / 2022,38,50,11,Henrique & Juliano
55,spotify:track:2cZ62VBKsdZ7u1kKKJdFOc,Sou Musa do Verão,31,56,9,Marshmello
56,spotify:track:6nvbXA95vgyThzj2Tbhank,Tipo Hollywood,2,90,2,Mc Ws da leste
57,spotify:track:1KEhkxdCRb1k8UDHqACgNY,Desandei - Ao Vivo,25,57,4,Lauana Prado
58,spotify:track:7z2hqtAyf6FR39ZZmVkvcO,Eu Vou Cair na Noite,58,63,26,DJ RENAN DA BL
59,spotify:track:1mimc5QiUuwmVYdXkWvgOQ,MOLETOM,6,59,27,Luan Pereira
60,spotify:track:7r8yMaSOy4XmuhRz7iv1gi,Traumatizei - Ao Vivo Em Brasília,5,61,48,Henrique & Juliano
61,spotify:track:4D25RP3yiJWfW9utK9dMyv,Ali Te Ama - Ao Vivo,58,58,8,Rayane & Rafaela
62,spotify:track:6GmyQws2xpUFIN5dXBNTrl,Dia de Fluxo,62,92,2,AgroPlay
63,spotify:track:6zdL0aLZs6g61SPGrlMvrM,DANÇA PRA ME PROVOCAR,63,77,6,DJ JOÃO PEREIRA
64,spotify:track:1CtcgU1q0BgJN4Aottdscu,Joga Pra Lua,64,68,3,Anitta
65,spotify:track:1Vy9Wn5sbiduZKBqBlH3Mc,Ballena,13,62,25,Vulgo FK
66,spotify:track:1Or0joPrPSsuXdTzGFLAws,Sozinha - Ao Vivo,55,55,3,Gusttavo Lima
67,spotify:track:0GTUqRzwAacEI5Pll8YlBA,Amor Não Dá Em Copo - Ao Vivo,49,52,10,Israel & Rodolffo
68,spotify:track:1lCwNTcAWUyeA210RpLCzd,Coração Sertanejo / Onde Haja Sol - Ao Vivo,65,65,3,Lauana Prado
69,spotify:track:7Iq55toOSSBCEoGuXxQSa1,Vem Quebrando,31,64,20,Mc Danone
70,spotify:track:0SCMVUZ21uYYB8cc0ScfbV,Bombonzinho - Ao Vivo,1,67,8,Israel & Rodolffo
71,spotify:track:735MbOmMNSTMmPVrY51LBh,Aqui Tem Alguém - Ao Vivo,63,66,9,Ana Castela
72,spotify:track:3hfCle1QRfbwIpQ1B746lV,Aquariano Nato,43,69,16,MC Saci
73,spotify:track:0GEagb54APuGgr0aKeJbAp,Ela Não Presta,57,74,9,MC Rick
74,spotify:track:6e5byyKtx6R0h66gagelPe,Quando Apaga A Luz - Ao Vivo,9,79,50,Gustavo Mioto
75,spotify:track:7IPEkUJsnWYNyBkK2i2FPj,Mágica - Ao Vivo,11,73,40,Hugo & Guilherme
76,spotify:track:07DskqQ1NbTiotX1WIV7ob,Piloto,11,84,14,Flora Matos
77,spotify:track:0llpifaw5Kle6wQxrdUy5p,Noite Dos Perdidos,67,72,6,DJ JV DO SG
78,spotify:track:2uhw2oYbugGJbn10wipNX5,Novidade na Área,2,60,28,Mc Livinho
79,spotify:track:60foquI0jndvp1YJEJrU0A,Mega a Cura Antidepressiva,68,76,5,DJ Wesley Gonzaga
80,spotify:track:25ozhTrBf6vc13i1QcNNN4,Interessante,70,70,3,Ferrugem
81,spotify:track:6XvFnICxXsVc8OK4eh1E9b,Tem Café,81,—,1,Henry Freitas
82,spotify:track:4ASA1PZyWGbuc4d9N8OAcF,Eu Gosto Assim - Ao Vivo,1,86,2,Gustavo Mioto
83,spotify:track:3PLdcrfVesYKyTpS1EXsxO,Diferentão - Ao Vivo,81,94,3,Dilsinho
84,spotify:track:4dHMuSjpkUcWW3zZehOFj7,Narcisista - Ao Vivo,32,82,25,Maiara & Maraisa
85,spotify:track:6Gn8SHd3RIWjOermcidCJk,A Internet É Toxica,58,85,17,Dj Lc
86,spotify:track:2pRjaIcGc9LOmu7x9XMswA,Calafrio (feat. Henrique & Juliano) - Ao Vivo | Bônus Track,55,80,10,Diego & Victor Hugo
87,spotify:track:7EHlDvAa7gncwcAlfclZiX,Última Noite - Ao Vivo,80,83,7,Felipe Araújo
88,spotify:track:4VI4yOAb7fWrFCnuGBIaeG,Carta Aberta,50,91,5,MC Cabelinho
89,spotify:track:4ldcxPVAtih8alepJTu8Hx,"Faz Completo, Chefe",33,78,20,Mc IG
90,spotify:track:4F3XVx6fmZvWLBqmBG1gxg,Subindo e Descendo,90,—,1,DJ Jeeh FDC
91,spotify:track:5ZkwwBa9DlwuUFbXwrLeXF,Poeirão - Ao Vivo,70,81,8,Guilherme & Benuto
92,spotify:track:7blC5LzebSn2A64Kn4XXMP,AMBIENTE ERRADO - Ao Vivo,28,89,4,Luan Santana
93,spotify:track:0Q1oLvAI9QaD3DIlvluTqx,Voltou Com Quem Não Voltava - Ao Vivo,34,88,33,Israel & Rodolffo
94,spotify:track:4pWsXhLUdtBKlw9npIXZAl,Halls na Língua,7,96,29,Kadu Martins
95,spotify:track:2BlFIe0712LBUtTHxbqjme,Love Gostosinho - Ao Vivo,17,99,49,NATTAN
96,spotify:track:05WVKTdZhlIMX4qqMLuo0f,BELLAKEO,96,—,1,Peso Pluma
97,spotify:track:0EhGgIoOPjsqfB2ktrGgJd,Oceano - Ao Vivo,71,71,4,Felipe e Rodrigo
98,spotify:track:7sopDXkuzXtHt8AQpdBxmT,DONA DE MIM,12,—,1,Ana Castela
99,spotify:track:0U9CZWq6umZsN432nh3WWT,"Gol Bolinha, Gol Quadrado 2",3,—,1,Mc Pedrinho
100,spotify:track:62W2f0QOg20ufNjJQHqnkq,Fernando de Noronha,37,93,15,Mc IG
