rank,uri,track_name,peak,prev,streak,artist_names
1,spotify:track:1c4htMHiolERc0YJvZNdlc,Vai Lá Em Casa Hoje,1,1,10,George Henrique & Rodrigo
2,spotify:track:4qsOrxBv09HhNSpsgMRXdC,Esqueça-Me Se For Capaz,1,3,11,Marília Mendonça
3,spotify:track:3IMLoeLerS7TMpKjxUgAhx,Arranhão - Ao Vivo,1,2,11,Henrique & Juliano
4,spotify:track:5VTjBl3ddZEiG2LrH4VzyR,Toma Toma Vapo Vapo,4,5,7,Zé Felipe
5,spotify:track:6nkoWsFZeFt5dUdNmlIceh,Bloqueado - Ao Vivo,5,10,5,Gusttavo Lima
6,spotify:track:3YvE7uo4ffseBoJPh8IhHp,Presepada,4,4,8,Marília Mendonça
7,spotify:track:4fSHADbZbhpZCT9oJpxwbP,Ameaça,5,7,9,Paulo Pires
8,spotify:track:3ITkrUvAA6gzxer2UIom3P,Molhando o Volante,8,16,3,Jorge & Mateus
9,spotify:track:6qdJZIjxrPaJjaGqlXFLSs,Nota de Repúdio - Ao Vivo,3,11,11,Gusttavo Lima
10,spotify:track:14JKzKrJbPDflw8XyATMey,A Maior Saudade - Ao Vivo,6,6,11,Henrique & Juliano
11,spotify:track:72g37RoelSnovZakG5MwnF,Parada Louca,11,14,6,Mari Fernandez
12,spotify:track:2RGIuYTsyyHoOCqW0krvNE,Coração Cachorro,1,12,11,Avine Vinny
13,spotify:track:053zWWZDziDJd3U94x8RuP,Todo Mundo Menos Você,3,8,11,Marília Mendonça
14,spotify:track:7pvrsbBKUQI2QmA74WCJa5,Ela e Ela,6,13,11,Zé Neto & Cristiano
15,spotify:track:2wG1R0uDFwyobcWzVssC1J,GALOPA,4,9,11,PEDRO SAMPAIO
16,spotify:track:0NBgyml7T0IvUNbXIkcSpH,Malvadão 3,16,60,2,Xamã
17,spotify:track:0JdkDCdrhMOaeXjIZdeBXN,Ela me Falou Que Quer Rave,8,15,9,MC Levin
18,spotify:track:4kGdnA7FzSVsXC29LPghej,Revoada No Colchão,4,17,11,Zé Felipe
19,spotify:track:1tYJnXtKLoWVIL4lZOouQG,Cê Tá Preparada - Ao Vivo,14,19,11,Tayrone
20,spotify:track:2ixi9HWJw5lnLDmRMsiCS5,Você Beberia Ou Não Beberia?,8,20,11,Zé Neto & Cristiano
21,spotify:track:1wdhj1r7aeWVDUl9d18YKu,Expectativa x Realidade,14,22,11,Matheus & Kauan
22,spotify:track:2kJRlOyrxsy7Ot3c5TZ8Q6,Meu Pedaço de Pecado,9,24,11,João Gomes
23,spotify:track:7ARoqP7G8UYW8SyYPyPp7k,NO CHÃO NOVINHA,21,21,3,Anitta
24,spotify:track:1bWBG6IkMnDr3qvCKSvQT7,Baby Me Atende - Ao Vivo,13,26,11,Matheus Fernandes
25,spotify:track:0tM4J8aID6qYZOE3e14sCj,Acordo - Ao Vivo,23,23,10,Henrique & Juliano
26,spotify:track:17QN5kFprJqHdHLMj7hz4s,Ficha Limpa - Ao Vivo,11,25,11,Gusttavo Lima
27,spotify:track:48Ll1C6qAnP2UjnopQDh4a,Bala Love,4,18,11,Mc Anjim
28,spotify:track:0yL7K9MzC20uBesZTPY81r,Pandora,28,31,3,DJ Matt D
29,spotify:track:2jwrYBGz7osKI31v50bS7b,Putariazinha,11,27,11,Felipe Amorim
30,spotify:track:0DsPj89zlY3Us7xb5cXK5h,"Trava na Pose, Chama no Zoom, Da um Close (feat. Mc Rennan)",4,28,11,DJ Patrick Muniz
31,spotify:track:6fe5D0ivKnpXFMAnoSRjah,Localiza Aí BB,23,30,11,Vitor e Luan
32,spotify:track:2PZmUFZGlUqkYJL0s0Cl6C,Dar uma Namorada - Ao Vivo,32,35,6,Israel & Rodolffo
33,spotify:track:77rIMl1WIrLf4ZDKFYZ4ji,Água Nos Zói - Ao Vivo,33,36,11,Clayton & Romário
34,spotify:track:50gPsfGHy5OnPauA9455DM,Rolê,17,34,11,Tarcísio do Acordeon
35,spotify:track:1d7AtPeraWVsvI4U1YTHt1,Vestido Coladinho,33,33,10,Max e Luan
36,spotify:track:79Wou8NwYEFzTyDQudjENF,Desbloqueado - Ao Vivo,19,32,11,Diego & Victor Hugo
37,spotify:track:7xVSNhAUQhUIpwfR6lTOwA,Por Supuesto,16,29,10,Marina Sena
38,spotify:track:28m65cMH7QXHzFnZSTtNHY,Não Sei o Que Lá,30,37,8,Marília Mendonça
39,spotify:track:2R9IrE42Mw4zdUXAEFNiZL,Senta Danada,24,40,11,Zé Felipe
40,spotify:track:4PQdrXMDHDPl1RczrrlADd,MORENA,21,41,11,Luan Santana
41,spotify:track:6m84TzSTM5nbwZxIxkYHz6,Namorando Com Saudade,29,43,11,Jorge & Mateus
42,spotify:track:0FqVtQxRD3HsPltldG5v5M,Aquelas Coisas,29,45,11,João Gomes
43,spotify:track:6T6SDJszPbuMCBpSm3aS3G,Carinha de Neném,28,42,11,Japãozin
44,spotify:track:2MZQAvsA7aZDssppBLRxYp,Batom de Cereja - Ao Vivo,44,54,11,Israel & Rodolffo
45,spotify:track:4XiFqfUXyTwOChvMLKKi0T,Sem Sentimento,18,44,11,DG e Batidão Stronda
46,spotify:track:4AAIAVjSyiq1N7SXKkwXZe,Troca de Calçada,18,50,8,Marília Mendonça
47,spotify:track:6ve9hbVnSgJ0vrsRpj18OH,Não Me Arranha - Ao Vivo,19,51,11,Gusttavo Lima
48,spotify:track:62d4BfCTUHdOsARRETHLDz,Mete a Louca,29,38,7,MC Rogerinho
49,spotify:track:6WxpU2F5gwTzwYsAalI6nI,Motel Afrodite,16,47,8,Marília Mendonça
50,spotify:track:2xebCnKCjYWBhJ4Ai8hO5E,Set dos Casados,45,48,7,Mc Davi
51,spotify:track:7aZusA4cWXz3Wv9e9uhavz,Quer Voar,15,39,11,Matuê
52,spotify:track:6Lrzxd7ST5oQ6FYKXKH7Ia,Vagabundo,33,53,11,Matheus & Kauan
53,spotify:track:1TyxXIXVVpHwhKaF73z8nw,Rasteira - Ao Vivo,42,52,11,Henrique & Juliano
54,spotify:track:452LVnTBjXYW3guqe3xiqI,Vamo Tomar Uma,29,57,11,Zé Neto & Cristiano
55,spotify:track:2ookQf9qP2qiBuNFnNXyfl,Chega E Senta - Ao Vivo,12,56,11,John Amplificado
56,spotify:track:3Lw41pfko5XMrsHRtlbo2k,Bota a Mão no Chão,26,46,8,Felipe Cardoso DJ
57,spotify:track:2s9BO8c0co0PmgBiUoTT17,A QUEDA,24,49,11,Gloria Groove
58,spotify:track:7xi4XR5EIOU6OHdIydLMjT,Uma Ex - Ao Vivo,57,58,6,Murilo Huff
59,spotify:track:0ZwGhDJHceKPvg3UAb5OMQ,Teste de Farmácia - Ao Vivo,55,55,2,Gusttavo Lima
60,spotify:track:5emL18Je5WuruMhWr0gj4w,Eu Já Tava Bem - Ao Vivo,60,67,4,Wesley Safadão
61,spotify:track:6JIIejoN31NIn6BJsVS3cu,Oi Deus - Ao Vivo,47,62,9,Hugo & Guilherme
62,spotify:track:6Aw11M9NT2tBeEj3mPKrjy,Facas - Ao Vivo,62,63,11,Diego & Victor Hugo
63,spotify:track:5F2xRvRFkxDvqdFtUNAEyw,Se For Amor,32,69,11,João Gomes
64,spotify:track:1hs2hRwPfyFLoYIf6jY1W7,Zero Saudade - Ao Vivo,26,76,11,Os Barões Da Pisadinha
65,spotify:track:4OjLi2Ji9UhVsHjqzRGCsM,Quebrando Protocolo - Ao Vivo,41,65,9,Gusttavo Lima
66,spotify:track:3Ox3DxqqRCEEVCPnENVx3g,"Calma Bb, Tá nos Melhores Amigos",66,66,3,Mc Th
67,spotify:track:6HV630GY0GT3RN2efFRmbP,Troca,51,64,7,Jorge & Mateus
68,spotify:track:6PphjPCInSH37orHuV7ymU,Modo Avião - Ao Vivo,68,72,5,DENNIS
69,spotify:track:6RMYuqlTn8777j5arY9zhC,Cena de Amor,47,68,11,Brisa Star
70,spotify:track:3hycwch1V1aCbKGlcfKg0I,"Deu Meia Noite, Eu Sumi, Geral Soltando Fogos",56,61,5,Mc Delux
71,spotify:track:17Gh6E6eRfAAw7sCgmnkFc,O Ex da Sua Vida,71,74,5,Gusttavo Lima
72,spotify:track:7HjZD0NPC1hzFpjUjo45GR,Me Sinto Abençoado,59,59,3,Mc Poze do Rodo
73,spotify:track:07Kp3cAQRY0iPp4ATMoehM,Ficante Fiel,61,78,7,Mad Dogz
74,spotify:track:3HquWF2pZmWYu3WAEP9Heb,Só Não Divulga,49,77,6,Fernando & Sorocaba
75,spotify:track:0PH49SrRKOFVWF81PobhW6,Unha de Gel,73,85,7,Os Barões Da Pisadinha
76,spotify:track:2zvfMwpBdm9zC4zwLWq1Wg,ILHA,72,88,3,Luan Santana
77,spotify:track:3tEaSuDA0eWnIF8ari2Xly,Calculista,77,83,4,Dom Vittor & Gustavo
78,spotify:track:4lHoT8PvMpMg1l5kdxqNmD,Coração de Isca,78,82,5,Bruno & Marrone
79,spotify:track:0m6XpDgZSyqyCg0HKOCaO8,Estelionato Afetivo - Ao Vivo,71,71,6,Douglas & Vinicius
80,spotify:track:5BFz4pXzknmYYctjvLKJAB,Sentadinha Descarada,77,87,4,Zé Vaqueiro
81,spotify:track:7vCvUJyjMxRkPeo19nxmuk,Coração Na Cama - Ao Vivo,67,81,6,Hugo & Guilherme
82,spotify:track:3jSG8oE8doxDxmpe5GlFee,"Não, Não Vou",49,92,11,Mari Fernandez
83,spotify:track:6pQKUKBpwr6GhfhcFFFozo,Não Nasceu pra Namorar,25,70,11,MC Zaquin
84,spotify:track:5CbDKqtF6F6m1KUvsAf2Kf,Sorte - Ao Vivo,67,91,7,Diego & Victor Hugo
85,spotify:track:53BkPZwlaLbW77uV9BnJkl,Eu Fiz o Jogo Virar,33,75,11,Mc Poze do Rodo
86,spotify:track:1QmupixsVNc0osesKXraZC,Formosa,86,99,2,Kaio Viana
87,spotify:track:7kwOvJqT8zHXQ4NYUZQ6W2,Não Parei De Sofrer,70,89,5,Gustavo Mioto
88,spotify:track:6wrkP23fHC8KDHCfs8MpJ9,Chá De Casa Nova - Ao Vivo,66,79,3,Henrique & Juliano
89,spotify:track:7DETyuwRe61Ab57w90dJ37,Eu e Eu,74,84,6,Vitor e Luan
90,spotify:track:5r9CZJMoMmxio2AnJdxuDS,Pot-Pourri: Melhor Eu Ir / Ligando Os Fatos / Sonho de Amor / Deixa Eu Te Querer - Ao Vivo,90,—,1,Grupo Menos É Mais
91,spotify:track:41pFFOnh1glVNIlrWOpBjb,Se Joga no Passinho,42,100,2,Brisa Star
92,spotify:track:0wRn3ggAY1fIupTaVigdza,A Cara do Crime (Nós Incomoda),37,80,11,Mc Poze do Rodo
93,spotify:track:5Z9KJZvQzH6PFmb8SNkxuk,INDUSTRY BABY (feat. Jack Harlow),36,73,11,Lil Nas X
94,spotify:track:5uztIMqjl5FTZSYDlOBJjV,Foi Pá Pum,94,—,1,Simone & Simaria
95,spotify:track:7rglLriMNBPAyuJOMGwi39,Cold Heart - PNAU Remix,89,94,6,Elton John
96,spotify:track:1XZZGxDOOzgC5a7YlC1gVZ,A Mulher Mais Bonita do Mundo - Ao Vivo,96,—,1,Diego & Arnaldo
97,spotify:track:5ItttPiqUksUE240dJ9DT6,Faz Amor Comigo Só Hoje,52,—,1,Israel & Rodolffo
98,spotify:track:48m5UXwNTD7cddHC6xRiFk,De Garrafa A Pior - Ao Vivo,88,90,3,Henrique & Juliano
99,spotify:track:58pgi1RpcU2fVJsxhm7BIr,Tapão Na Raba,99,—,1,Raí Saia Rodada
100,spotify:track:1G0kLIS0hE6uUPlIE9gksp,Fã Clube,47,—,1,Marília Mendonça
