rank,uri,track_name,peak,prev,streak,artist_names
1,spotify:track:1jHgfC8T5KxUyC5Ldw6lk9,Zona De Perigo,1,1,4,Leo Santana
2,spotify:track:2K9kZpwD2CzTa6iiSYYOoO,Leão,1,2,11,Marília Mendonça
3,spotify:track:4bT4Gbs7FA4cLyZeKtlGVO,Facilita Aí,3,3,3,Zé Felipe
4,spotify:track:4o6v3Oooyt7HF20idztRD4,Bombonzinho - Ao Vivo,1,4,13,Israel & Rodolffo
5,spotify:track:51FFbyL0PjkYtjXJQP0JoP,Saudade da Minha Vida - Ao Vivo,5,7,4,Gusttavo Lima
6,spotify:track:4ASA1PZyWGbuc4d9N8OAcF,Eu Gosto Assim - Ao Vivo,3,5,13,Gustavo Mioto
7,spotify:track:4uqJelb9THHmJ3OCohg4ZJ,Nosso Quadro,7,24,3,AgroPlay
8,spotify:track:0JIYoXtJfORxI6gRpHv6ZW,Traumatizei - Ao Vivo Em Brasília,8,9,3,Henrique & Juliano
10,spotify:track:22sAwsBH0NoNJXnrBenQuO,Sem Aliança no Dedo,10,17,2,MC Xenon
11,spotify:track:1nf1HJdTWXwf9XHQebGlOd,Quando Apaga A Luz - Ao Vivo,11,11,5,Gustavo Mioto
12,spotify:track:4PQ5AInr4YoBauth9YPduL,Ai Papai,12,15,8,Anitta
13,spotify:track:7nFvKgVumc9FcU97zGjjei,Coração de Gelo,6,6,11,WIU
14,spotify:track:0oB3IBEhbmgTrL7mV0VnFq,Novinha do Onlyfans (Tchan Ran Tchan Tchan),14,26,13,Kadu Martins
15,spotify:track:2hkwwmmLC90T8BQ7t3xufq,Roça Em Mim,5,14,13,Zé Felipe
16,spotify:track:0bBwi6ddYeTv5fXgHAdfiH,Evoque Prata,1,10,13,MC MENOR HR
17,spotify:track:6eNRGL6Nkdg7RhJtmbcl0j,Luz do Luar,8,8,7,Mc Tato
18,spotify:track:1ELsaYdj2NlxLvkx9g24xZ,Haja Colírio (feat. Hugo & Guilherme) - Ao Vivo,4,13,13,Guilherme & Benuto
19,spotify:track:2kBbHpJTc7MWs8F3XhClBD,Altas Loucurinhas (Uni Duni Tê) - Ao Vivo,19,44,5,Matheus Fernandes
20,spotify:track:7nwHsYxiuHo98dLI7UVkyn,A Culpa É Nossa - Ao Vivo,5,12,10,Maiara & Maraisa
21,spotify:track:2BlFIe0712LBUtTHxbqjme,Love Gostosinho - Ao Vivo,21,32,4,NATTAN
22,spotify:track:0KXdSF0Poa57KOepZ3hKrh,Palhaça - Ao Vivo,20,25,6,Naiara Azevedo
23,spotify:track:4sqpSDnTrbS8v7RMNCUyqS,Não Vitalício (Nunca Mais) - Ao Vivo,23,35,3,Matheus & Kauan
24,spotify:track:0AIA4KsMsyqur8FbTVhGNT,SOLTEIROU - Ao Vivo,14,29,5,Luan Santana
25,spotify:track:4mD9hjoTckjeL1CrJCx0MT,Puta Mexicana,6,16,7,DJ Jeeh FDC
26,spotify:track:4r2O8NHomHiJnFKqhYnqy1,Perdoou Nada - Ao Vivo,11,22,12,Israel & Rodolffo
27,spotify:track:3yHXEidSu4gYVRqKoI653O,Assunto Delicado - Ao Vivo,6,27,13,Guilherme & Benuto
28,spotify:track:7sopDXkuzXtHt8AQpdBxmT,DONA DE MIM,12,20,9,Ana Castela
29,spotify:track:2M4kQD87lKnAS9vFlb4Bez,Pactos - Ao Vivo,5,18,13,Matheus & Kauan
30,spotify:track:3gCWngngUs1uojw33vrE8K,5 Regras - Ao Vivo,10,30,13,Jorge & Mateus
31,spotify:track:1ACALdBWViTpLBC14Ecv8E,Namora Aí,19,19,11,MC Ryan SP
32,spotify:track:3C99BfGe301JNp7BqTX5Uu,Média Boa - Ao Vivo,8,31,13,Felipe e Rodrigo
33,spotify:track:0redQHBfejmPUhonR5ppGC,Duas Três,33,57,2,Guilherme & Benuto
34,spotify:track:4XpB5oBPuygG2Gbpi3PUhu,Cria Da Ivete - Ao Vivo,34,71,2,Ivete Sangalo
35,spotify:track:51pxwIxDVCbFHW8oyJFQXD,Erro Gostoso - Ao Vivo,35,40,4,Simone Mendes
36,spotify:track:2YAOJkRWy382bRMXaj48FP,Esse B.O é Meu - Ao Vivo,12,28,13,Guilherme & Benuto
37,spotify:track:2Vl7x4BkNhhJkEmQQMcV0V,Toma Tapa,23,34,10,Mc Jacaré
38,spotify:track:6Hio4nlyWL2WBL8nYlbuGt,Agudo Mágico 3,9,21,10,MC K.K
39,spotify:track:4qDT0BeJ7BjatrN9k8AvB4,Flow Espacial,23,23,3,Teto
40,spotify:track:2orGm2E68ODFYOURjaES62,Felina,10,33,13,WIU
41,spotify:track:5WGTBzRLbjj0Sm3Br8X1rI,Bandido Não Dança,36,36,4,Mc Paiva ZS
42,spotify:track:4kAMyuJBbmJrbr6TLOWbEk,Beijo de Glicose - Ao Vivo,7,41,13,Diego & Victor Hugo
43,spotify:track:2m6ZDDrTvDQtKbwNFyI3r5,MAMA.CITA (hasta la vista),23,38,9,Luísa Sonza
44,spotify:track:5geU4byUA1hnQofQPOsPDS,Sereia,11,37,13,Orochi
45,spotify:track:29adI8c6c75mnnaJ3BFLID,Parecia Tempestade,45,46,4,Sony no Beat
46,spotify:track:6gEOM9IEBzvTdbwNrSkBdC,Fala Mal de Mim - Ao Vivo,36,53,13,Gusttavo Lima
47,spotify:track:7aZnuwpivaj4N7XFhhqBiO,Love Absurdo,47,—,1,Mari Fernandez
48,spotify:track:2jZrMlMuTk1N3LJS8yQM6q,Carinha de Bebê,48,—,1,Ana Castela
49,spotify:track:2zDwJnP9n9yCUyfiLIwkDM,Se Ele Soubesse - Ao Vivo,49,64,3,Guilherme & Santiago
50,spotify:track:2X5o4nRiocnoaaQ2wMwaeC,Sorrisin De Puto,35,39,6,DJ Cayoo
51,spotify:track:7bhvRvE56NHBvedx0EeALS,Comunicação Falhou - Ao Vivo,19,61,13,Mari Fernandez
52,spotify:track:0XyPPyGes0omXppV5YE8gy,Gostosinha é Ela,33,54,13,Felipe Amorim
53,spotify:track:7AwVSKaQxpidrtYBerkHKk,Pipoco,20,58,13,Ana Castela
54,spotify:track:7HdWqZjUmIHK5B8zwPCRds,Áudio Que Te Entrega - Faixa Bônus,54,63,3,Leo Santana
55,spotify:track:6tW23l5oRR8XyYJsF5si9G,Eu Minto (Ao Vivo),49,49,3,US Agroboy
56,spotify:track:6Zw25LRLP0j0MsezDFIUM4,Mal Feito - Ao Vivo,15,59,13,Hugo & Guilherme
57,spotify:track:3mzbab4H0iZYkHggSEj0UX,Oi Balde - Ao Vivo,57,—,1,Zé Neto & Cristiano
58,spotify:track:1OZ4uv7OAP24Ix6j3vojLt,Casei Com a Putaria,8,42,13,Mc Paiva ZS
59,spotify:track:52EYWdjiulHaehpexuowyh,FOGO E GASOLINA,37,45,8,MC Cabelinho
60,spotify:track:0yLdNVWF3Srea0uzk55zFn,Flowers,20,43,6,Miley Cyrus
61,spotify:track:2HMbGPbGiqGaHXzFkQAmZI,Basiquinho - Ao Vivo,21,48,13,Matheus & Kauan
62,spotify:track:2bWVxK5GlPtS4D3FcLjGgQ,Cara da Derrota - Ao Vivo,24,56,13,Gusttavo Lima
63,spotify:track:74Le949TrZk4zwDjtWzH23,Cavalo de Pau,40,55,10,Bruno & Denner
64,spotify:track:7CIj5SFTB6WPJrYjLZN5bp,Pega o Guanabara - Ao Vivo,45,50,6,Wesley Safadão
65,spotify:track:6bwx7pcKJY05D9S6CVa1k6,Nem Namorado e Nem Ficante - Ao Vivo | Faixa Bônus,23,60,13,Israel & Rodolffo
66,spotify:track:5lhoo6QYhXLYbUj3QkjWN7,Onlyfans,49,51,3,DJ Lg do Sf
67,spotify:track:1cmH3nQCYgR8lmq1ZFAXcI,Alô Inveja - Ao Vivo Em Brasília,67,68,2,Henrique & Juliano
68,spotify:track:4NNZZXHgn9F3cCgC1YGmLl,Todo Seu - Ao Vivo,17,47,13,Jorge & Mateus
69,spotify:track:2qmG7dokbGpDGD0T5wORWt,Balanço da Rede,29,62,13,Matheus Fernandes
70,spotify:track:6vtgGf9Xn7fsr6jr1aGSRt,Deixa eu botar meu boneco - Baile do Polly 2.0,70,92,2,Oh Polêmico
71,spotify:track:6izCSgYDSUTThIXzEIMAlC,Que Faculdade Cê Faz? - Ao Vivo,52,67,8,Clayton & Romário
72,spotify:track:5PSkF3QpVMlAx8U5Inxj39,Vento Forte,32,73,13,Mc Jacaré
73,spotify:track:64wNmIaVhBaNe7qA0XR3OH,Madrugada Calada - Ao Vivo,73,77,2,Murilo Huff
74,spotify:track:11fqunD6qlOCrRd88kMOk6,Evento Cancelado - Ao Vivo,37,70,13,Henrique & Juliano
75,spotify:track:4UldILPVpnZO69ffK4B9aA,Tubarão Te Amo,13,79,13,Dj LK da Escócia
76,spotify:track:5vC8UAOHeG95ehRzZChniB,Ai Preto,16,75,13,L7NNON
77,spotify:track:42nZBOwXNdO24Ml032bLBS,Gatilho - Ao Vivo,29,85,13,Matheus & Kauan
78,spotify:track:0dcHD9QhnWRA41zoLnC83X,X1,35,65,13,MC Cabelinho
79,spotify:track:7LUZT12r4xmwR1Kh8TJgjv,Ex dos Meus Sonhos - Ao Vivo,8,88,13,Gusttavo Lima
80,spotify:track:2V5U9TF2KFRnU1inSn8uQT,Ele ou Eu - Ao Vivo,74,84,4,Dilsinho
81,spotify:track:0i4UV3HjjvsUuV3BajEXoD,Baile no Morro,26,78,13,MC Tairon
82,spotify:track:3wkev7dKaNZwHh6DRRCKEQ,Cabine Bruta,69,69,2,Luan Pereira
83,spotify:track:6DyMzG7o8CKHPief9ayvmm,Saudade Digitando - Ao Vivo,83,90,2,Marcos & Belutti
84,spotify:track:0tM4J8aID6qYZOE3e14sCj,Acordo - Ao Vivo,43,80,13,Henrique & Juliano
85,spotify:track:3xCkNUiap7EBjqnRldHSSh,Coladin (Minha Deusa),85,—,1,Zé Vaqueiro
86,spotify:track:4cxQWmXmmbFoWvV8qipQTe,Perfeito Pra Ficar Sozinho - Ao Vivo,21,72,13,Murilo Huff
87,spotify:track:6obqb3vA4kufqEHibtF5W1,Guarda Roupa - Ao Vivo,86,87,3,Fred & Fabrício
88,spotify:track:2wSCalnGOnXdAJC0Fn8OUY,Vai Lá Em Casa Hoje,48,96,13,George Henrique & Rodrigo
89,spotify:track:2ykYxd8UGHOsdjP3Z5jSHh,Cheiro de Balada - Ao Vivo,26,91,13,Hugo & Guilherme
90,spotify:track:1JQ1ylL2JEjC6Ib7IJgOvS,Coração Amoleceu,89,89,2,Mc Don Juan
91,spotify:track:6Ulh9GPYz6JKdv04qc3q2U,Dengo,54,—,1,João Gomes
92,spotify:track:7qoIhutxU269Zqo9PG5IOj,Poesia Acústica 13,32,52,13,Pineapple StormTv
93,spotify:track:5DoYLtsVnNMcrgpMdEPOsI,É Só Um Lance Lero Lero,18,86,13,DJ Dozabri
94,spotify:track:3ITkrUvAA6gzxer2UIom3P,Molhando o Volante,52,—,1,Jorge & Mateus
95,spotify:track:4Dvkj6JhhA12EX05fT7y2e,As It Was,45,76,13,Harry Styles
96,spotify:track:3IMLoeLerS7TMpKjxUgAhx,Arranhão - Ao Vivo,36,—,1,Henrique & Juliano
97,spotify:track:5t7E1z1kVtHyPxWNmUtXN4,Te Love - Ao Vivo,21,—,1,Kevi Jonny
98,spotify:track:4QWumyD2uwiePBBha9XBHI,No Ouvidinho,38,—,1,Felipe Amorim
99,spotify:track:3XF598RmEUF3XW4XKo1lyP,Meu Número - Ao Vivo,43,—,1,Hugo & Guilherme
100,spotify:track:7ymf62aghs58nZp4IgU6i5,VáPurMim - Ao Vivo,100,—,1,Di Propósito
