rank,uri,track_name,peak,prev,streak,artist_names
1,spotify:track:0NBgyml7T0IvUNbXIkcSpH,Malvadão 3,1,1,6,Xamã
2,spotify:track:5719MEdRQcH4c3phXqX7WN,Mal Feito - Ao Vivo,2,5,2,Hugo & Guilherme
3,spotify:track:6nkoWsFZeFt5dUdNmlIceh,Bloqueado - Ao Vivo,2,2,9,Gusttavo Lima
4,spotify:track:1c4htMHiolERc0YJvZNdlc,Vai Lá Em Casa Hoje,1,3,14,George Henrique & Rodrigo
5,spotify:track:4qsOrxBv09HhNSpsgMRXdC,Esqueça-Me Se For Capaz,1,4,15,Marília Mendonça
6,spotify:track:3ITkrUvAA6gzxer2UIom3P,Molhando o Volante,6,8,7,Jorge & Mateus
7,spotify:track:0yL7K9MzC20uBesZTPY81r,Pandora,7,10,7,DJ Matt D
8,spotify:track:3QGxgNaqaFSpORp2OVLXHR,212,8,49,2,Chefin
9,spotify:track:5VTjBl3ddZEiG2LrH4VzyR,Toma Toma Vapo Vapo,4,6,11,Zé Felipe
10,spotify:track:3IMLoeLerS7TMpKjxUgAhx,Arranhão - Ao Vivo,1,7,15,Henrique & Juliano
11,spotify:track:3YvE7uo4ffseBoJPh8IhHp,Presepada,4,9,12,Marília Mendonça
12,spotify:track:72g37RoelSnovZakG5MwnF,Parada Louca,9,11,10,Mari Fernandez
13,spotify:track:2wG1R0uDFwyobcWzVssC1J,GALOPA,4,12,15,PEDRO SAMPAIO
14,spotify:track:4fSHADbZbhpZCT9oJpxwbP,Ameaça,5,13,13,Paulo Pires
15,spotify:track:14JKzKrJbPDflw8XyATMey,A Maior Saudade - Ao Vivo,6,14,15,Henrique & Juliano
16,spotify:track:4dwBkgq4a4gEissxTY0YDT,Cê Tá Preparada - Ao Vivo,14,15,15,Tayrone
17,spotify:track:0lxGtl0S9wO2LAFchHrEtM,Imagina A Sentada - Ao Vivo,17,22,4,Matheus & Kauan
18,spotify:track:053zWWZDziDJd3U94x8RuP,Todo Mundo Menos Você,3,16,15,Marília Mendonça
19,spotify:track:7pvrsbBKUQI2QmA74WCJa5,Ela e Ela,6,17,15,Zé Neto & Cristiano
20,spotify:track:7ARoqP7G8UYW8SyYPyPp7k,NO CHÃO NOVINHA,20,24,7,Anitta
21,spotify:track:6qdJZIjxrPaJjaGqlXFLSs,Nota de Repúdio - Ao Vivo,3,19,15,Gusttavo Lima
22,spotify:track:2RGIuYTsyyHoOCqW0krvNE,Coração Cachorro,1,18,15,Avine Vinny
23,spotify:track:0JdkDCdrhMOaeXjIZdeBXN,Ela me Falou Que Quer Rave,8,21,13,MC Levin
24,spotify:track:4kGdnA7FzSVsXC29LPghej,Revoada No Colchão,4,20,15,Zé Felipe
25,spotify:track:2xebCnKCjYWBhJ4Ai8hO5E,Set dos Casados,25,30,11,Mc Davi
26,spotify:track:0tM4J8aID6qYZOE3e14sCj,Acordo - Ao Vivo,23,27,14,Henrique & Juliano
27,spotify:track:2jwrYBGz7osKI31v50bS7b,Putariazinha,11,23,15,Felipe Amorim
28,spotify:track:77rIMl1WIrLf4ZDKFYZ4ji,Água Nos Zói - Ao Vivo,26,26,15,Clayton & Romário
29,spotify:track:2SDGleyRLDrYZeMsZEK3Vb,Dar uma Namorada - Ao Vivo,28,28,10,Israel & Rodolffo
30,spotify:track:48Ll1C6qAnP2UjnopQDh4a,Bala Love,4,29,15,Mc Anjim
31,spotify:track:1wdhj1r7aeWVDUl9d18YKu,Expectativa x Realidade,14,25,15,Matheus & Kauan
32,spotify:track:5lCAtKxkZL6tFDyGX9t87j,Eu Já Tava Bem - Ao Vivo,32,34,8,Wesley Safadão
33,spotify:track:2ixi9HWJw5lnLDmRMsiCS5,Você Beberia Ou Não Beberia?,8,32,15,Zé Neto & Cristiano
34,spotify:track:1d7AtPeraWVsvI4U1YTHt1,Vestido Coladinho,31,33,14,Max e Luan
35,spotify:track:2kJRlOyrxsy7Ot3c5TZ8Q6,Meu Pedaço de Pecado,9,31,15,João Gomes
36,spotify:track:1bWBG6IkMnDr3qvCKSvQT7,Baby Me Atende - Ao Vivo,13,35,15,Matheus Fernandes
37,spotify:track:7HjZD0NPC1hzFpjUjo45GR,Me Sinto Abençoado,36,37,7,Mc Poze do Rodo
38,spotify:track:452LVnTBjXYW3guqe3xiqI,Vamo Tomar Uma,29,48,15,Zé Neto & Cristiano
39,spotify:track:7xVSNhAUQhUIpwfR6lTOwA,Por Supuesto,16,41,14,Marina Sena
40,spotify:track:49GdoM9fiTXVOx1a6JTokJ,Assalto Perigoso,40,69,4,Melody
41,spotify:track:50gPsfGHy5OnPauA9455DM,Rolê,17,36,15,Tarcísio do Acordeon
42,spotify:track:2342lPAZ9zddhgAQEiLx4V,ANACONDA *o* ~~~,42,44,3,Luísa Sonza
43,spotify:track:28m65cMH7QXHzFnZSTtNHY,Não Sei o Que Lá,30,39,12,Marília Mendonça
44,spotify:track:62d4BfCTUHdOsARRETHLDz,Mete a Louca,27,54,15,MC Rogerinho
45,spotify:track:2AQJRDfQJbfgmTf5e62Czl,Sem Dó,42,46,4,Matuê
46,spotify:track:6ve9hbVnSgJ0vrsRpj18OH,Não Me Arranha - Ao Vivo,19,40,15,Gusttavo Lima
47,spotify:track:17QN5kFprJqHdHLMj7hz4s,Ficha Limpa - Ao Vivo,11,42,15,Gusttavo Lima
48,spotify:track:4PQdrXMDHDPl1RczrrlADd,MORENA,21,47,15,Luan Santana
49,spotify:track:79Wou8NwYEFzTyDQudjENF,Desbloqueado - Ao Vivo,19,45,15,Diego & Victor Hugo
50,spotify:track:2R9IrE42Mw4zdUXAEFNiZL,Senta Danada,24,50,15,Zé Felipe
51,spotify:track:6fe5D0ivKnpXFMAnoSRjah,Localiza Aí BB,23,38,15,Vitor e Luan
52,spotify:track:5yRgMxdDhdYlbUQNCOlW3o,Não Vou Te Bloquear - Ao vivo,52,86,2,Mc Don Juan
53,spotify:track:7aZusA4cWXz3Wv9e9uhavz,Quer Voar,15,53,15,Matuê
54,spotify:track:1QmupixsVNc0osesKXraZC,Formosa,51,52,6,Kaio Viana
55,spotify:track:5rz7ZQkMpQHGDXC62P2Axw,ESSE É LADRÃO,55,58,3,DJ BRUNIN DA NT
56,spotify:track:4OjLi2Ji9UhVsHjqzRGCsM,Quebrando Protocolo - Ao Vivo,41,56,13,Gusttavo Lima
57,spotify:track:7KPhwNko8V9vYBIN653hSO,A Cara do Crime 2 (Cansou de Playboy),57,—,1,Mc Poze do Rodo
58,spotify:track:2s9BO8c0co0PmgBiUoTT17,A QUEDA,24,51,15,Gloria Groove
59,spotify:track:6T6SDJszPbuMCBpSm3aS3G,Carinha de Neném,28,55,15,Japãozin
60,spotify:track:0DsPj89zlY3Us7xb5cXK5h,"Trava na Pose, Chama no Zoom, Da um Close (feat. Mc Rennan)",4,43,15,DJ Patrick Muniz
61,spotify:track:6PphjPCInSH37orHuV7ymU,Modo Avião - Ao Vivo,61,61,9,DENNIS
62,spotify:track:4XiFqfUXyTwOChvMLKKi0T,Sem Sentimento,18,64,15,DG e Batidão Stronda
63,spotify:track:53BkPZwlaLbW77uV9BnJkl,Eu Fiz o Jogo Virar,33,68,15,Mc Poze do Rodo
64,spotify:track:1TyxXIXVVpHwhKaF73z8nw,Rasteira - Ao Vivo,42,57,15,Henrique & Juliano
65,spotify:track:0VF2XFdgeID7448iU2Vyg9,Novinha Malada do Insta,65,—,1,MC Josh
66,spotify:track:5Z9KJZvQzH6PFmb8SNkxuk,INDUSTRY BABY (feat. Jack Harlow),36,60,15,Lil Nas X
67,spotify:track:0FqVtQxRD3HsPltldG5v5M,Aquelas Coisas,29,67,15,João Gomes
68,spotify:track:3Ox3DxqqRCEEVCPnENVx3g,"Calma Bb, Tá nos Melhores Amigos",62,63,7,Mc Th
69,spotify:track:6WxpU2F5gwTzwYsAalI6nI,Motel Afrodite,16,62,12,Marília Mendonça
70,spotify:track:2MZQAvsA7aZDssppBLRxYp,Batom de Cereja - Ao Vivo,44,65,15,Israel & Rodolffo
71,spotify:track:0j8nXyOr5UXWHqy0BBnZ6L,Dá Intimidade Pra Ver - Ao Vivo,71,—,1,Israel & Rodolffo
72,spotify:track:6EDj1nbl9wo6ivGI1t59G4,Idiota,72,—,1,Jão
73,spotify:track:4AAIAVjSyiq1N7SXKkwXZe,Troca de Calçada,18,66,12,Marília Mendonça
74,spotify:track:4nDOZT5fC3sUxP7UgjEd57,Erro do Ficante - Ao Vivo No Casa Filtr,74,77,2,Marcos & Belutti
75,spotify:track:0wRn3ggAY1fIupTaVigdza,A Cara do Crime (Nós Incomoda),37,75,15,Mc Poze do Rodo
76,spotify:track:4lsDFVKOVwPeAVw1hPOn7G,Vontade De Morder,76,—,1,Simone & Simaria
77,spotify:track:6Lrzxd7ST5oQ6FYKXKH7Ia,Vagabundo,33,73,15,Matheus & Kauan
78,spotify:track:6wrkP23fHC8KDHCfs8MpJ9,Chá De Casa Nova - Ao Vivo,66,70,7,Henrique & Juliano
79,spotify:track:3Lw41pfko5XMrsHRtlbo2k,Bota a Mão no Chão,26,71,12,Felipe Cardoso DJ
80,spotify:track:1M5OUvKG03C0QtzvxRS4Zk,Depende,80,—,1,Dj Guuga
81,spotify:track:7rglLriMNBPAyuJOMGwi39,Cold Heart - PNAU Remix,75,76,10,Elton John
82,spotify:track:6m84TzSTM5nbwZxIxkYHz6,Namorando Com Saudade,29,74,15,Jorge & Mateus
83,spotify:track:68qqVn5kHBv4zc45SDGLnh,Corte Americano,79,85,3,Filipe Ret
84,spotify:track:6pQKUKBpwr6GhfhcFFFozo,Não Nasceu pra Namorar,25,92,15,MC Zaquin
85,spotify:track:7MJiZazhXeWZoFZlBzC7sf,MALDITA PERIGOSA,82,82,3,DJ VILÃO
86,spotify:track:7xi4XR5EIOU6OHdIydLMjT,Uma Ex - Ao Vivo,57,59,10,Murilo Huff
87,spotify:track:1yecpnQJ3PL2BtOt8Eon6O,INVEJOSO,87,94,2,Distrito 23
88,spotify:track:4fouWK6XVHhzl78KzQ1UjL,abcdefu,77,90,4,GAYLE
89,spotify:track:2jPACjKR21inTnWeo3eHla,"Louis V, Menina Linda",28,96,3,Sidoka
90,spotify:track:1iaPDgTbsKrlznVu13EWIf,ESSÊNCIA DE CRIA,90,—,1,MC Cabelinho
91,spotify:track:20on25jryn53hWghthWWW3,Do It To It,88,88,3,ACRAZE
92,spotify:track:5F2xRvRFkxDvqdFtUNAEyw,Se For Amor,32,89,15,João Gomes
93,spotify:track:0ZwGhDJHceKPvg3UAb5OMQ,Teste de Farmácia - Ao Vivo,55,81,6,Gusttavo Lima
94,spotify:track:5i9QsbNUyVGw8n0K1Oakde,"Set do Dj 2W, Vol. 2",93,93,3,MC L da Vinte
95,spotify:track:6HV630GY0GT3RN2efFRmbP,Troca,51,87,11,Jorge & Mateus
96,spotify:track:0NvVVP3Q0oSbfBUZ48vCHs,Tiffany,44,99,3,MD Chefe
97,spotify:track:5BFz4pXzknmYYctjvLKJAB,Sentadinha Descarada,77,—,1,Zé Vaqueiro
98,spotify:track:1hs2hRwPfyFLoYIf6jY1W7,Zero Saudade - Ao Vivo,26,84,15,Os Barões Da Pisadinha
99,spotify:track:3HquWF2pZmWYu3WAEP9Heb,Só Não Divulga,49,91,10,Fernando & Sorocaba
100,spotify:track:1r9xUipOqoNwggBpENDsvJ,Enemy (with JID) - from the series Arcane League of Legends,67,79,4,Imagine Dragons
