rank,uri,track_name,peak,prev,streak,artist_names
1,spotify:track:0NBgyml7T0IvUNbXIkcSpH,Malvadão 3,1,1,7,Xamã
2,spotify:track:5719MEdRQcH4c3phXqX7WN,Mal Feito - Ao Vivo,2,2,3,Hugo & Guilherme
3,spotify:track:1c4htMHiolERc0YJvZNdlc,Vai Lá Em Casa Hoje,1,4,15,George Henrique & Rodrigo
4,spotify:track:6nkoWsFZeFt5dUdNmlIceh,Bloqueado - Ao Vivo,2,3,10,Gusttavo Lima
5,spotify:track:3QGxgNaqaFSpORp2OVLXHR,212,5,8,3,Chefin
6,spotify:track:3ITkrUvAA6gzxer2UIom3P,Molhando o Volante,6,6,8,Jorge & Mateus
7,spotify:track:4qsOrxBv09HhNSpsgMRXdC,Esqueça-Me Se For Capaz,1,5,16,Marília Mendonça
8,spotify:track:5VTjBl3ddZEiG2LrH4VzyR,Toma Toma Vapo Vapo,4,9,12,Zé Felipe
9,spotify:track:72g37RoelSnovZakG5MwnF,Parada Louca,9,12,11,Mari Fernandez
10,spotify:track:3IMLoeLerS7TMpKjxUgAhx,Arranhão - Ao Vivo,1,10,16,Henrique & Juliano
11,spotify:track:0yL7K9MzC20uBesZTPY81r,Pandora,7,7,8,DJ Matt D
12,spotify:track:3gK5ckT0cq3t5enyqzzRgV,GALOPA,4,13,16,PEDRO SAMPAIO
13,spotify:track:3YvE7uo4ffseBoJPh8IhHp,Presepada,4,11,13,Marília Mendonça
14,spotify:track:4fSHADbZbhpZCT9oJpxwbP,Ameaça,5,14,14,Paulo Pires
15,spotify:track:14JKzKrJbPDflw8XyATMey,A Maior Saudade - Ao Vivo,6,15,16,Henrique & Juliano
16,spotify:track:0lxGtl0S9wO2LAFchHrEtM,Imagina A Sentada - Ao Vivo,16,17,5,Matheus & Kauan
17,spotify:track:4dwBkgq4a4gEissxTY0YDT,Cê Tá Preparada - Ao Vivo,14,16,16,Tayrone
18,spotify:track:7ARoqP7G8UYW8SyYPyPp7k,NO CHÃO NOVINHA,18,20,8,Anitta
19,spotify:track:5lCAtKxkZL6tFDyGX9t87j,Eu Já Tava Bem - Ao Vivo,19,32,9,Wesley Safadão
20,spotify:track:053zWWZDziDJd3U94x8RuP,Todo Mundo Menos Você,3,18,16,Marília Mendonça
21,spotify:track:7pvrsbBKUQI2QmA74WCJa5,Ela e Ela,6,19,16,Zé Neto & Cristiano
22,spotify:track:0JdkDCdrhMOaeXjIZdeBXN,Ela me Falou Que Quer Rave,8,23,14,MC Levin
23,spotify:track:0tM4J8aID6qYZOE3e14sCj,Acordo - Ao Vivo,23,26,15,Henrique & Juliano
24,spotify:track:4kGdnA7FzSVsXC29LPghej,Revoada No Colchão,4,24,16,Zé Felipe
25,spotify:track:6qdJZIjxrPaJjaGqlXFLSs,Nota de Repúdio - Ao Vivo,3,21,16,Gusttavo Lima
26,spotify:track:2xebCnKCjYWBhJ4Ai8hO5E,Set dos Casados,25,25,12,Mc Davi
27,spotify:track:7gVzhRCrLRUBEGdS7zNTp0,Malvada,27,—,1,Zé Felipe
28,spotify:track:2RGIuYTsyyHoOCqW0krvNE,Coração Cachorro,1,22,16,Avine Vinny
29,spotify:track:2SDGleyRLDrYZeMsZEK3Vb,Dar uma Namorada - Ao Vivo,28,29,11,Israel & Rodolffo
30,spotify:track:2jwrYBGz7osKI31v50bS7b,Putariazinha,11,27,16,Felipe Amorim
31,spotify:track:5yRgMxdDhdYlbUQNCOlW3o,Não Vou Te Bloquear - Ao vivo,31,52,3,Mc Don Juan
32,spotify:track:48Ll1C6qAnP2UjnopQDh4a,Bala Love,4,30,16,Mc Anjim
33,spotify:track:77rIMl1WIrLf4ZDKFYZ4ji,Água Nos Zói - Ao Vivo,26,28,16,Clayton & Romário
34,spotify:track:1d7AtPeraWVsvI4U1YTHt1,Vestido Coladinho,31,34,15,Max e Luan
35,spotify:track:35COLcFjvONwVv6jkG23gI,Boys Don't Cry,35,—,1,Anitta
36,spotify:track:1wdhj1r7aeWVDUl9d18YKu,Expectativa x Realidade,14,31,16,Matheus & Kauan
37,spotify:track:2342lPAZ9zddhgAQEiLx4V,ANACONDA *o* ~~~,37,42,4,Luísa Sonza
38,spotify:track:1bWBG6IkMnDr3qvCKSvQT7,Baby Me Atende - Ao Vivo,13,36,16,Matheus Fernandes
39,spotify:track:28m65cMH7QXHzFnZSTtNHY,Não Sei o Que Lá,30,43,13,Marília Mendonça
40,spotify:track:7xVSNhAUQhUIpwfR6lTOwA,Por Supuesto,16,39,15,Marina Sena
41,spotify:track:2ixi9HWJw5lnLDmRMsiCS5,Você Beberia Ou Não Beberia?,8,33,16,Zé Neto & Cristiano
42,spotify:track:2kJRlOyrxsy7Ot3c5TZ8Q6,Meu Pedaço de Pecado,9,35,16,João Gomes
43,spotify:track:49GdoM9fiTXVOx1a6JTokJ,Assalto Perigoso,40,40,5,Melody
44,spotify:track:7HjZD0NPC1hzFpjUjo45GR,Me Sinto Abençoado,36,37,8,Mc Poze do Rodo
45,spotify:track:452LVnTBjXYW3guqe3xiqI,Vamo Tomar Uma,29,38,16,Zé Neto & Cristiano
46,spotify:track:1M5OUvKG03C0QtzvxRS4Zk,Depende,46,80,2,Dj Guuga
47,spotify:track:2AQJRDfQJbfgmTf5e62Czl,Sem Dó,42,45,5,Matuê
48,spotify:track:7KPhwNko8V9vYBIN653hSO,A Cara do Crime 2 (Cansou de Playboy),48,57,2,Mc Poze do Rodo
49,spotify:track:6EDj1nbl9wo6ivGI1t59G4,Idiota,49,72,2,Jão
50,spotify:track:50gPsfGHy5OnPauA9455DM,Rolê,17,41,16,Tarcísio do Acordeon
51,spotify:track:6ve9hbVnSgJ0vrsRpj18OH,Não Me Arranha - Ao Vivo,19,46,16,Gusttavo Lima
52,spotify:track:4lsDFVKOVwPeAVw1hPOn7G,Vontade De Morder,52,76,2,Simone & Simaria
53,spotify:track:62d4BfCTUHdOsARRETHLDz,Mete a Louca,27,44,16,MC Rogerinho
54,spotify:track:5rz7ZQkMpQHGDXC62P2Axw,ESSE É LADRÃO,54,55,4,DJ BRUNIN DA NT
55,spotify:track:17QN5kFprJqHdHLMj7hz4s,Ficha Limpa - Ao Vivo,11,47,16,Gusttavo Lima
56,spotify:track:79Wou8NwYEFzTyDQudjENF,Desbloqueado - Ao Vivo,19,49,16,Diego & Victor Hugo
57,spotify:track:2R9IrE42Mw4zdUXAEFNiZL,Senta Danada,24,50,16,Zé Felipe
58,spotify:track:0VF2XFdgeID7448iU2Vyg9,Novinha Malada do Insta,58,65,2,MC Josh
59,spotify:track:3qmdfYpfvKRIXmWaLllHZ3,Black Lança (Catucando Gostosinho),59,—,1,MC Teteu
60,spotify:track:4PQdrXMDHDPl1RczrrlADd,MORENA,21,48,16,Luan Santana
61,spotify:track:6fe5D0ivKnpXFMAnoSRjah,Localiza Aí BB,23,51,16,Vitor e Luan
62,spotify:track:7aZusA4cWXz3Wv9e9uhavz,Quer Voar,15,53,16,Matuê
63,spotify:track:4OjLi2Ji9UhVsHjqzRGCsM,Quebrando Protocolo - Ao Vivo,41,56,14,Gusttavo Lima
64,spotify:track:5Z9KJZvQzH6PFmb8SNkxuk,INDUSTRY BABY (feat. Jack Harlow),36,66,16,Lil Nas X
65,spotify:track:1TyxXIXVVpHwhKaF73z8nw,Rasteira - Ao Vivo,42,64,16,Henrique & Juliano
66,spotify:track:2s9BO8c0co0PmgBiUoTT17,A QUEDA,24,58,16,Gloria Groove
67,spotify:track:6PphjPCInSH37orHuV7ymU,Modo Avião - Ao Vivo,61,61,10,DENNIS
68,spotify:track:6Lk3kU7JcQ5dZ7jbmhJzQN,Melhor Ser uma Saudade,68,—,1,Zé Neto & Cristiano
69,spotify:track:6T6SDJszPbuMCBpSm3aS3G,Carinha de Neném,28,59,16,Japãozin
70,spotify:track:53BkPZwlaLbW77uV9BnJkl,Eu Fiz o Jogo Virar,33,63,16,Mc Poze do Rodo
71,spotify:track:67fTDdGkHk1G5IZokS4uML,Esse Barulho,71,—,1,Murilo Huff
72,spotify:track:6WxpU2F5gwTzwYsAalI6nI,Motel Afrodite,16,69,13,Marília Mendonça
73,spotify:track:0DsPj89zlY3Us7xb5cXK5h,"Trava na Pose, Chama no Zoom, Da um Close (feat. Mc Rennan)",4,60,16,DJ Patrick Muniz
74,spotify:track:0j8nXyOr5UXWHqy0BBnZ6L,Dá Intimidade Pra Ver - Ao Vivo,71,71,2,Israel & Rodolffo
75,spotify:track:3Ox3DxqqRCEEVCPnENVx3g,"Calma Bb, Tá nos Melhores Amigos",62,68,8,Mc Th
76,spotify:track:4XiFqfUXyTwOChvMLKKi0T,Sem Sentimento,18,62,16,DG e Batidão Stronda
77,spotify:track:7rglLriMNBPAyuJOMGwi39,Cold Heart - PNAU Remix,75,81,11,Elton John
78,spotify:track:1QmupixsVNc0osesKXraZC,Formosa,51,54,7,Kaio Viana
79,spotify:track:4nDOZT5fC3sUxP7UgjEd57,Erro do Ficante - Ao Vivo No Casa Filtr,74,74,3,Marcos & Belutti
80,spotify:track:2MZQAvsA7aZDssppBLRxYp,Batom de Cereja - Ao Vivo,44,70,16,Israel & Rodolffo
81,spotify:track:7kcrUZ5B8VIVtzmUlkjlhj,Seu Perfil - Ao Vivo,81,—,1,Henrique & Juliano
82,spotify:track:6wrkP23fHC8KDHCfs8MpJ9,Chá De Casa Nova - Ao Vivo,66,78,8,Henrique & Juliano
83,spotify:track:0wRn3ggAY1fIupTaVigdza,A Cara do Crime (Nós Incomoda),37,75,16,Mc Poze do Rodo
84,spotify:track:4AAIAVjSyiq1N7SXKkwXZe,Troca de Calçada,18,73,13,Marília Mendonça
85,spotify:track:6Lrzxd7ST5oQ6FYKXKH7Ia,Vagabundo,33,77,16,Matheus & Kauan
86,spotify:track:4fouWK6XVHhzl78KzQ1UjL,abcdefu,77,88,5,GAYLE
87,spotify:track:7MJiZazhXeWZoFZlBzC7sf,MALDITA PERIGOSA,82,85,4,DJ VILÃO
88,spotify:track:1r9xUipOqoNwggBpENDsvJ,Enemy (with JID) - from the series Arcane League of Legends,67,100,5,Imagine Dragons
89,spotify:track:3Lw41pfko5XMrsHRtlbo2k,Bota a Mão no Chão,26,79,13,Felipe Cardoso DJ
90,spotify:track:6pQKUKBpwr6GhfhcFFFozo,Não Nasceu pra Namorar,25,84,16,MC Zaquin
91,spotify:track:1iaPDgTbsKrlznVu13EWIf,ESSÊNCIA DE CRIA,90,90,2,MC Cabelinho
92,spotify:track:68qqVn5kHBv4zc45SDGLnh,Corte Americano,79,83,4,Filipe Ret
93,spotify:track:6m84TzSTM5nbwZxIxkYHz6,Namorando Com Saudade,29,82,16,Jorge & Mateus
94,spotify:track:2eFsVynOiCxtI4kvX0XClm,LEILÃO,93,—,1,Gloria Groove
95,spotify:track:1yecpnQJ3PL2BtOt8Eon6O,INVEJOSO,87,87,3,Distrito 23
96,spotify:track:2jPACjKR21inTnWeo3eHla,"Louis V, Menina Linda",28,89,4,Sidoka
97,spotify:track:0m6XpDgZSyqyCg0HKOCaO8,Estelionato Afetivo - Ao Vivo,71,—,1,Douglas & Vinicius
98,spotify:track:20on25jryn53hWghthWWW3,Do It To It,88,91,4,ACRAZE
99,spotify:track:2TkyXnE0OB6Yo9zuzv9B4e,Cruzeiro da Revoada,99,—,1,Hungria Hip Hop
100,spotify:track:5PjdY0CKGZdEuoNab3yDmX,STAY (with Justin Bieber),58,—,1,The Kid LAROI
