rank,uri,track_name,peak,prev,streak,artist_names
1,spotify:track:5vC8UAOHeG95ehRzZChniB,Ai Preto,1,1,5,L7NNON
2,spotify:track:0i4UV3HjjvsUuV3BajEXoD,Baile no Morro,1,2,5,MC Tairon
3,spotify:track:7AwVSKaQxpidrtYBerkHKk,Pipoco,3,6,6,Ana Castela
4,spotify:track:5PZAbR6JHYYV9xp5gv0XES,Bandido,1,3,5,Zé Felipe
5,spotify:track:6gEOM9IEBzvTdbwNrSkBdC,Fala Mal de Mim - Ao Vivo,5,18,2,Gusttavo Lima
6,spotify:track:2qmG7dokbGpDGD0T5wORWt,Balanço da Rede,1,4,17,Matheus Fernandes
7,spotify:track:546dFmvwFGBY7MJOkV5ctq,Todo Seu - Ao Vivo,7,9,11,Jorge & Mateus
8,spotify:track:1K8AtBJXcdq5mywMnZuARP,Termina Comigo Antes,1,5,16,Gusttavo Lima
9,spotify:track:4QWumyD2uwiePBBha9XBHI,No Ouvidinho,2,7,16,Felipe Amorim
10,spotify:track:0sjhY8nPIm6cPOQfyUPmJe,ERRO PLANEJADO - Ao Vivo,3,8,14,Luan Santana
11,spotify:track:7qD2vjd3btuOgwpQPEY7ci,EU VOU COM CARINHO ELA QUER COM FORÇA,6,11,9,Mc Don Juan
12,spotify:track:6Ulh9GPYz6JKdv04qc3q2U,Dengo,5,10,10,João Gomes
13,spotify:track:6Zw25LRLP0j0MsezDFIUM4,Mal Feito - Ao Vivo,1,12,27,Hugo & Guilherme
14,spotify:track:3ShKPhFkexrwl7WoyTtNND,Tchuco Nela,7,13,13,MC Rogerinho
15,spotify:track:4a0sqvCBo7aRIS4GzBQpnp,Kikando e Me Olhando,10,14,15,MC Braz
16,spotify:track:1ELsaYdj2NlxLvkx9g24xZ,Haja Colírio (feat. Hugo & Guilherme) - Ao Vivo,16,19,4,Guilherme & Benuto
17,spotify:track:3XF598RmEUF3XW4XKo1lyP,Meu Número - Ao Vivo,15,16,14,Hugo & Guilherme
18,spotify:track:3sd2p4kE7xQmFH3lPnFl6h,sentaDONA (Remix) s2,1,17,18,Davi Kneip
19,spotify:track:42nZBOwXNdO24Ml032bLBS,Gatilho - Ao Vivo,19,23,18,Matheus & Kauan
20,spotify:track:53RxHysDJ0cjugMcPymwja,ABALO EMOCIONAL - Ao Vivo,4,21,24,Luan Santana
21,spotify:track:7bhvRvE56NHBvedx0EeALS,Comunicação Falhou - Ao Vivo,21,22,8,Mari Fernandez
22,spotify:track:2LEV3lTRxKqLBfmt5BWkLj,Não Pega Ninguém Ainda (Ao Vivo),13,15,7,Gusttavo Lima
23,spotify:track:6bwx7pcKJY05D9S6CVa1k6,Nem Namorado e Nem Ficante - Ao Vivo | Faixa Bônus,23,31,8,Israel & Rodolffo
24,spotify:track:3ITkrUvAA6gzxer2UIom3P,Molhando o Volante,6,20,32,Jorge & Mateus
25,spotify:track:5zNxUkUW9WiV5oyg6gh2wB,DANÇARINA,1,26,23,PEDRO SAMPAIO
26,spotify:track:14JKzKrJbPDflw8XyATMey,A Maior Saudade - Ao Vivo,6,30,40,Henrique & Juliano
27,spotify:track:2wSCalnGOnXdAJC0Fn8OUY,Vai Lá Em Casa Hoje,1,33,39,George Henrique & Rodrigo
28,spotify:track:2ebFBmle5uXcdbrCAOvPcZ,Vagabundo Chora - Ao Vivo,17,29,23,Guilherme & Benuto
29,spotify:track:6hFwju6M40CKovKBPu5IpY,ACORDA PEDRINHO,1,27,10,Jovem Dionisio
30,spotify:track:5etfNcFAD9M8uibXpYMxfQ,Tu Tava Na Revoada - Ao Vivo,30,52,7,Wesley Safadão
31,spotify:track:75fCsUnTiDelE4HMd06t4O,Gostosinho Tu Cai,17,28,12,Mc Pepeu
32,spotify:track:5lCAtKxkZL6tFDyGX9t87j,Eu Já Tava Bem - Ao Vivo,18,37,33,Wesley Safadão
33,spotify:track:6bTdZ7xfKp3NqqADJ8HLyj,Vampiro,9,32,16,Matuê
34,spotify:track:6nkoWsFZeFt5dUdNmlIceh,Bloqueado - Ao Vivo,2,35,34,Gusttavo Lima
35,spotify:track:7HdWqZjUmIHK5B8zwPCRds,Áudio Que Te Entrega - Faixa Bônus,25,25,11,Leo Santana
36,spotify:track:4NJKCE1TBC653P3dCnto0u,Simplesmente Ela,21,34,17,Mc Gabzin
37,spotify:track:6BF3nZQkAg9qvE0DLVSfyH,Hotel Caro,21,38,6,Baco Exu do Blues
38,spotify:track:0NBgyml7T0IvUNbXIkcSpH,Malvadão 3,1,39,31,Xamã
39,spotify:track:4IX43MpJlpxzRMLb9QayrJ,PERIGO NOTURNO - Ao Vivo,39,41,3,Luan Santana
40,spotify:track:11fqunD6qlOCrRd88kMOk6,Evento Cancelado - Ao Vivo,18,24,9,Henrique & Juliano
41,spotify:track:48LEhRW4gLMCVSYFEZvt8b,Assume a Gente - Ao Vivo,31,36,16,João Bosco e Gabriel
42,spotify:track:0MKd4uZd8Ag8qyReZBTarP,Pino da Granada - Ao Vivo em Rio Preto,42,47,8,Murilo Huff
43,spotify:track:7gVzhRCrLRUBEGdS7zNTp0,Malvada,3,40,25,Zé Felipe
44,spotify:track:1ih3nbYJ0lugsku6065BC5,Me Chama de Amor - Arrochadeira Remix,35,42,10,O Tubarão
45,spotify:track:4qsOrxBv09HhNSpsgMRXdC,Esqueça-Me Se For Capaz,1,44,40,Marília Mendonça
46,spotify:track:1rJFFWDXrlMS0C5JlbqFbI,Tem Cabaré Essa Noite,46,—,1,Nivaldo Marques
47,spotify:track:7afaZ37wJJL6880z1NRgJS,Fim de Semana no Rio,17,43,16,Teto
48,spotify:track:6Lk3kU7JcQ5dZ7jbmhJzQN,Melhor Ser uma Saudade,10,46,25,Zé Neto & Cristiano
49,spotify:track:3IMLoeLerS7TMpKjxUgAhx,Arranhão - Ao Vivo,1,49,40,Henrique & Juliano
50,spotify:track:0tM4J8aID6qYZOE3e14sCj,Acordo - Ao Vivo,16,50,39,Henrique & Juliano
51,spotify:track:4Dvkj6JhhA12EX05fT7y2e,As It Was,31,45,16,Harry Styles
52,spotify:track:3jPp5Aukksz9Ir0gZy6lZM,Acabei de Terminar - Ao Vivo,44,51,12,Paulo e Nathan
53,spotify:track:4m1mqQuy34Nzh0480VR364,Incendeia,53,—,1,MC Kevin o Chris
54,spotify:track:72g37RoelSnovZakG5MwnF,Parada Louca,9,56,35,Mari Fernandez
55,spotify:track:75FEaRjZTKLhTrFGsfMUXR,Running Up That Hill (A Deal With God),45,48,7,Kate Bush
56,spotify:track:4aoZBldNDVYmTwmeoI49ud,O Poder Dessa Garota,56,59,5,Mc Gabzin
57,spotify:track:0qYW2jULeN9giEty0ee9Fy,Botadinha Saliente,7,57,23,MC Rogerinho
58,spotify:track:347KmRWwYXcZSUgelz7Cit,Konteiner,44,55,5,Filipe Ret
59,spotify:track:1RgJ4lexKGNBlKnyxB5SRt,Balazul,49,54,6,Teto
60,spotify:track:71fwkaKdNrxiZZbkzSqmFJ,Que Rabão (feat. Mr. Catra e YG),30,58,12,Anitta
61,spotify:track:7fzgTaVhUxmEzjtcd9NdWo,Cê Tá Preparada - Ao Vivo,14,60,40,Tayrone
62,spotify:track:4EVzu5mYyigjyLrryKbZs7,VERMELHO,13,61,23,Gloria Groove
63,spotify:track:3lQnTQFBxk1HMsj8aa4syY,Virando o Olhinho,63,—,1,Kadu Martins
64,spotify:track:0yDMhYTryvQoR634wDgQ1j,O Fim é Triste (feat. DJ BOY),63,63,3,MC Hariel
65,spotify:track:5TPXcKSOlPaz2pkYbWiWHU,Ai Eu Chorei - Ao Vivo,65,91,2,Clayton & Romário
66,spotify:track:5DhiTYpD599fu3q7fCepgL,Dior,62,62,4,BIN
67,spotify:track:28m65cMH7QXHzFnZSTtNHY,Não Sei o Que Lá,30,70,37,Marília Mendonça
68,spotify:track:30rrBGpna63eIJ2BrXlWDC,Minha Cópia Atual - Ao Vivo,50,68,16,Henrique & Juliano
69,spotify:track:3YvE7uo4ffseBoJPh8IhHp,Presepada,4,78,37,Marília Mendonça
70,spotify:track:2gkKA2pRAsMzbiGPo9gxsc,Água Nos Zói - Ao Vivo,26,76,40,Clayton & Romário
71,spotify:track:130HVxaVe9EYcLJmuOR9Rw,Até A Próxima Vida - Ao Vivo,67,67,6,Henrique & Juliano
72,spotify:track:3xt7v3bMNnQ8ie8RjhmkX2,Imagina A Sentada - Ao Vivo,16,71,29,Matheus & Kauan
73,spotify:track:6W56j9ijl9n2l76Hs4hgGn,Larga AÍ Pra Ver - Ao Vivo,64,77,14,Léo & Raphael
74,spotify:track:4grGI2vFnknrfmHT1JOVFU,Tesão Da Madrugada - Ao Vivo,30,80,23,George Henrique & Rodrigo
75,spotify:track:3qHN7TSBfVQPF9ojUVT9ZT,Pras Novinha (feat. DJ Pedrin),75,90,2,Mc Livinho
76,spotify:track:7qq40cRIYNKZCDt1STfBqt,"Bruna, Tu Já Parou Pra Pensar",76,89,2,Niack
77,spotify:track:4SIBZgMomGFnrIWjmq7Np8,Desenrola Bate Joga de Ladin (feat. DJ Biel do Furduncinho),7,65,15,L7NNON
78,spotify:track:0dcHD9QhnWRA41zoLnC83X,X1,69,69,4,MC Cabelinho
79,spotify:track:3JFB72hbbt3zy30puJTc3q,Medley Lud Session - Tudo porque você mentiu / penhasco / De rolê / CAFÉ DA MANHÃ ;P / Doutora 3,64,64,3,LUDMILLA
80,spotify:track:3fSxnkjdgPucRCskjmAlgx,A Cara do Crime 3 (Brinde à Liberdade),45,75,8,Mc Poze do Rodo
81,spotify:track:7HjZD0NPC1hzFpjUjo45GR,Me Sinto Abençoado,36,74,32,Mc Poze do Rodo
82,spotify:track:0HIhSuAe5lq7ywxqlAt5Nl,Deixa Ela Em Paz,79,82,4,Bruno & Marrone
83,spotify:track:0OJ8KWhqLMHkfI59yh398v,Sei Que Tu Gosta Muito,58,73,15,L7NNON
84,spotify:track:6KKT8dzP21J4WwBp9swjob,Sonho Dos Cria,58,66,5,Filipe Ret
85,spotify:track:0roEMqT0P7Z82rJTwcID3Z,Felicidade Dela - Ao Vivo,33,83,17,Hugo & Guilherme
86,spotify:track:4nRa5qkXIfswPbt20rkslI,Debaixo do Cobertor,81,81,3,Felipe Amorim
87,spotify:track:1TyxXIXVVpHwhKaF73z8nw,Rasteira - Ao Vivo,42,85,40,Henrique & Juliano
88,spotify:track:0yL7K9MzC20uBesZTPY81r,Pandora,7,79,32,DJ Matt D
89,spotify:track:4OjLi2Ji9UhVsHjqzRGCsM,Quebrando Protocolo - Ao Vivo,41,88,38,Gusttavo Lima
90,spotify:track:1M5OUvKG03C0QtzvxRS4Zk,Depende,8,87,26,Dj Guuga
91,spotify:track:2VATVdFqb7QqxfAcQPvNpc,Ex Alcoolizado - Ao Vivo,52,92,3,Israel & Rodolffo
92,spotify:track:7KWKWJnbGJ3Soag6Oopion,CACHORRINHAS,92,—,1,Luísa Sonza
93,spotify:track:7pvrsbBKUQI2QmA74WCJa5,Ela e Ela,6,94,40,Zé Neto & Cristiano
94,spotify:track:6qdJZIjxrPaJjaGqlXFLSs,Nota de Repúdio - Ao Vivo,3,93,40,Gusttavo Lima
95,spotify:track:6pojmlhRI1fBUNg0pZSA9M,EU BEM QUE TE AVISEI - TU EMPINOU ELE PEI,29,53,13,Mc Delux
96,spotify:track:1gKXrwKn5ub6wyefqMsnZp,Joga na Cara,70,84,22,MC Braz
97,spotify:track:17QN5kFprJqHdHLMj7hz4s,Ficha Limpa - Ao Vivo,11,96,3,Gusttavo Lima
98,spotify:track:5PSkF3QpVMlAx8U5Inxj39,Vento Forte,98,—,1,Mc Jacaré
99,spotify:track:28k6fDcRo7iONQhMxt2OFA,Clone,77,95,8,Júnior e Cézar
100,spotify:track:3QGxgNaqaFSpORp2OVLXHR,212,5,86,27,Chefin
