rank,uri,track_name,peak,prev,streak,artist_names
1,spotify:track:7AwVSKaQxpidrtYBerkHKk,Pipoco,1,3,7,Ana Castela
2,spotify:track:5vC8UAOHeG95ehRzZChniB,Ai Preto,1,1,6,L7NNON
3,spotify:track:6gEOM9IEBzvTdbwNrSkBdC,Fala Mal de Mim - Ao Vivo,3,5,3,Gusttavo Lima
4,spotify:track:5PZAbR6JHYYV9xp5gv0XES,Bandido,1,4,6,Zé Felipe
5,spotify:track:0i4UV3HjjvsUuV3BajEXoD,Baile no Morro,1,2,6,MC Tairon
6,spotify:track:4xxeEWGQNFQ6qehlnev5LS,Te Amo Demais,6,—,1,Marília Mendonça
7,spotify:track:546dFmvwFGBY7MJOkV5ctq,Todo Seu - Ao Vivo,7,7,12,Jorge & Mateus
8,spotify:track:2qmG7dokbGpDGD0T5wORWt,Balanço da Rede,1,6,18,Matheus Fernandes
9,spotify:track:1ELsaYdj2NlxLvkx9g24xZ,Haja Colírio (feat. Hugo & Guilherme) - Ao Vivo,9,16,5,Guilherme & Benuto
10,spotify:track:6Zw25LRLP0j0MsezDFIUM4,Mal Feito - Ao Vivo,1,13,28,Hugo & Guilherme
11,spotify:track:1K8AtBJXcdq5mywMnZuARP,Termina Comigo Antes,1,8,17,Gusttavo Lima
12,spotify:track:0sjhY8nPIm6cPOQfyUPmJe,ERRO PLANEJADO - Ao Vivo,3,10,15,Luan Santana
13,spotify:track:7KWKWJnbGJ3Soag6Oopion,CACHORRINHAS,13,92,2,Luísa Sonza
14,spotify:track:6Ulh9GPYz6JKdv04qc3q2U,Dengo,5,12,11,João Gomes
15,spotify:track:1rJFFWDXrlMS0C5JlbqFbI,Tem Cabaré Essa Noite,15,46,2,Nivaldo Marques
16,spotify:track:4QWumyD2uwiePBBha9XBHI,No Ouvidinho,2,9,17,Felipe Amorim
17,spotify:track:7qD2vjd3btuOgwpQPEY7ci,EU VOU COM CARINHO ELA QUER COM FORÇA,6,11,10,Mc Don Juan
18,spotify:track:3ShKPhFkexrwl7WoyTtNND,Tchuco Nela,7,14,14,MC Rogerinho
19,spotify:track:7bhvRvE56NHBvedx0EeALS,Comunicação Falhou - Ao Vivo,19,21,9,Mari Fernandez
20,spotify:track:3XF598RmEUF3XW4XKo1lyP,Meu Número - Ao Vivo,15,17,15,Hugo & Guilherme
21,spotify:track:42nZBOwXNdO24Ml032bLBS,Gatilho - Ao Vivo,19,19,19,Matheus & Kauan
22,spotify:track:4m1mqQuy34Nzh0480VR364,Incendeia,22,53,2,MC Kevin o Chris
23,spotify:track:4a0sqvCBo7aRIS4GzBQpnp,Kikando e Me Olhando,10,15,16,MC Braz
24,spotify:track:3sd2p4kE7xQmFH3lPnFl6h,sentaDONA (Remix) s2,1,18,19,Davi Kneip
25,spotify:track:6bwx7pcKJY05D9S6CVa1k6,Nem Namorado e Nem Ficante - Ao Vivo | Faixa Bônus,23,23,9,Israel & Rodolffo
26,spotify:track:3ITkrUvAA6gzxer2UIom3P,Molhando o Volante,6,24,33,Jorge & Mateus
27,spotify:track:2wSCalnGOnXdAJC0Fn8OUY,Vai Lá Em Casa Hoje,1,27,40,George Henrique & Rodrigo
28,spotify:track:53RxHysDJ0cjugMcPymwja,ABALO EMOCIONAL - Ao Vivo,4,20,25,Luan Santana
29,spotify:track:14JKzKrJbPDflw8XyATMey,A Maior Saudade - Ao Vivo,6,26,41,Henrique & Juliano
30,spotify:track:5etfNcFAD9M8uibXpYMxfQ,Tu Tava Na Revoada - Ao Vivo,30,30,8,Wesley Safadão
31,spotify:track:5zNxUkUW9WiV5oyg6gh2wB,DANÇARINA,1,25,24,PEDRO SAMPAIO
32,spotify:track:5lCAtKxkZL6tFDyGX9t87j,Eu Já Tava Bem - Ao Vivo,18,32,34,Wesley Safadão
33,spotify:track:0MKd4uZd8Ag8qyReZBTarP,Pino da Granada - Ao Vivo em Rio Preto,33,42,9,Murilo Huff
34,spotify:track:5PSkF3QpVMlAx8U5Inxj39,Vento Forte,34,98,2,Mc Jacaré
35,spotify:track:2LEV3lTRxKqLBfmt5BWkLj,Não Pega Ninguém Ainda (Ao Vivo),13,22,8,Gusttavo Lima
36,spotify:track:2ebFBmle5uXcdbrCAOvPcZ,Vagabundo Chora - Ao Vivo,17,28,24,Guilherme & Benuto
37,spotify:track:4qsOrxBv09HhNSpsgMRXdC,Esqueça-Me Se For Capaz,1,45,41,Marília Mendonça
38,spotify:track:6hFwju6M40CKovKBPu5IpY,ACORDA PEDRINHO,1,29,11,Jovem Dionisio
39,spotify:track:6nkoWsFZeFt5dUdNmlIceh,Bloqueado - Ao Vivo,2,34,35,Gusttavo Lima
40,spotify:track:4IX43MpJlpxzRMLb9QayrJ,PERIGO NOTURNO - Ao Vivo,39,39,4,Luan Santana
41,spotify:track:7HdWqZjUmIHK5B8zwPCRds,Áudio Que Te Entrega - Faixa Bônus,25,35,12,Leo Santana
42,spotify:track:6bTdZ7xfKp3NqqADJ8HLyj,Vampiro,9,33,17,Matuê
43,spotify:track:7gVzhRCrLRUBEGdS7zNTp0,Malvada,3,43,26,Zé Felipe
44,spotify:track:4NJKCE1TBC653P3dCnto0u,Simplesmente Ela,21,36,18,Mc Gabzin
45,spotify:track:3jPp5Aukksz9Ir0gZy6lZM,Acabei de Terminar - Ao Vivo,44,52,13,Paulo e Nathan
46,spotify:track:11fqunD6qlOCrRd88kMOk6,Evento Cancelado - Ao Vivo,18,40,10,Henrique & Juliano
47,spotify:track:0NBgyml7T0IvUNbXIkcSpH,Malvadão 3,1,38,32,Xamã
48,spotify:track:6BF3nZQkAg9qvE0DLVSfyH,Hotel Caro,21,37,7,Baco Exu do Blues
49,spotify:track:66K83nVy3aTJ5zLxbiMi7I,Te Amo Que Mais Posso Dizer (More Than I Can Say),49,—,1,Marília Mendonça
50,spotify:track:6Lk3kU7JcQ5dZ7jbmhJzQN,Melhor Ser uma Saudade,10,48,26,Zé Neto & Cristiano
51,spotify:track:1ih3nbYJ0lugsku6065BC5,Me Chama de Amor - Arrochadeira Remix,35,44,11,O Tubarão
52,spotify:track:0tM4J8aID6qYZOE3e14sCj,Acordo - Ao Vivo,16,50,40,Henrique & Juliano
53,spotify:track:3IMLoeLerS7TMpKjxUgAhx,Arranhão - Ao Vivo,1,49,41,Henrique & Juliano
54,spotify:track:5TPXcKSOlPaz2pkYbWiWHU,Ai Eu Chorei - Ao Vivo,54,65,3,Clayton & Romário
55,spotify:track:7afaZ37wJJL6880z1NRgJS,Fim de Semana no Rio,17,47,17,Teto
56,spotify:track:4Dvkj6JhhA12EX05fT7y2e,As It Was,31,51,17,Harry Styles
57,spotify:track:75fCsUnTiDelE4HMd06t4O,Gostosinho Tu Cai,17,31,13,Mc Pepeu
58,spotify:track:53V8gDkg4I7vDKnIyEuyoB,Não Era Pra Ser Assim,58,—,1,Marília Mendonça
59,spotify:track:72g37RoelSnovZakG5MwnF,Parada Louca,9,54,36,Mari Fernandez
60,spotify:track:4aoZBldNDVYmTwmeoI49ud,O Poder Dessa Garota,56,56,6,Mc Gabzin
61,spotify:track:48LEhRW4gLMCVSYFEZvt8b,Assume a Gente - Ao Vivo,31,41,17,João Bosco e Gabriel
62,spotify:track:0qYW2jULeN9giEty0ee9Fy,Botadinha Saliente,7,57,24,MC Rogerinho
63,spotify:track:3vP4dkFp5iHDuKDdLOJJZb,Sendo Assim / Muito Estranho (Cuida Bem de Mim),63,—,1,Marília Mendonça
64,spotify:track:3lQnTQFBxk1HMsj8aa4syY,Virando o Olhinho,63,63,2,Kadu Martins
65,spotify:track:7fzgTaVhUxmEzjtcd9NdWo,Cê Tá Preparada - Ao Vivo,14,61,41,Tayrone
66,spotify:track:75FEaRjZTKLhTrFGsfMUXR,Running Up That Hill (A Deal With God),45,55,8,Kate Bush
67,spotify:track:3YvE7uo4ffseBoJPh8IhHp,Presepada,4,69,38,Marília Mendonça
68,spotify:track:1RgJ4lexKGNBlKnyxB5SRt,Balazul,49,59,7,Teto
69,spotify:track:28m65cMH7QXHzFnZSTtNHY,Não Sei o Que Lá,30,67,38,Marília Mendonça
70,spotify:track:0yDMhYTryvQoR634wDgQ1j,O Fim é Triste (feat. DJ BOY),63,64,4,MC Hariel
71,spotify:track:347KmRWwYXcZSUgelz7Cit,Konteiner,44,58,6,Filipe Ret
72,spotify:track:1XcmAgREOuJQb91sr68AAD,Sentadinha Diferente,72,—,1,Dyamante DJ
73,spotify:track:7qq40cRIYNKZCDt1STfBqt,"Bruna, Tu Já Parou Pra Pensar",73,76,3,Niack
74,spotify:track:4EVzu5mYyigjyLrryKbZs7,VERMELHO,13,62,24,Gloria Groove
75,spotify:track:71fwkaKdNrxiZZbkzSqmFJ,Que Rabão (feat. Mr. Catra e YG),30,60,13,Anitta
76,spotify:track:3ZtHHGpAPSWC7Gnios4lmK,Metflix,76,—,1,Mc Poze do Rodo
77,spotify:track:3qHN7TSBfVQPF9ojUVT9ZT,Pras Novinha (feat. DJ Pedrin),75,75,3,Mc Livinho
78,spotify:track:2gkKA2pRAsMzbiGPo9gxsc,Água Nos Zói - Ao Vivo,26,70,41,Clayton & Romário
79,spotify:track:30rrBGpna63eIJ2BrXlWDC,Minha Cópia Atual - Ao Vivo,50,68,17,Henrique & Juliano
80,spotify:track:130HVxaVe9EYcLJmuOR9Rw,Até A Próxima Vida - Ao Vivo,67,71,7,Henrique & Juliano
81,spotify:track:6W56j9ijl9n2l76Hs4hgGn,Larga AÍ Pra Ver - Ao Vivo,64,73,15,Léo & Raphael
82,spotify:track:3QxKHcpNt6CWNUYCLLBHeZ,Escolhe o Bandido,82,—,1,MC CH da Z.O
83,spotify:track:0HIhSuAe5lq7ywxqlAt5Nl,Deixa Ela Em Paz,79,82,5,Bruno & Marrone
84,spotify:track:0dcHD9QhnWRA41zoLnC83X,X1,69,78,5,MC Cabelinho
85,spotify:track:1OZ4uv7OAP24Ix6j3vojLt,Casei Com a Putaria,85,—,1,Mc Paiva ZS
86,spotify:track:5DhiTYpD599fu3q7fCepgL,Dior,62,66,5,BIN
87,spotify:track:3xt7v3bMNnQ8ie8RjhmkX2,Imagina A Sentada - Ao Vivo,16,72,30,Matheus & Kauan
88,spotify:track:0roEMqT0P7Z82rJTwcID3Z,Felicidade Dela - Ao Vivo,33,85,18,Hugo & Guilherme
89,spotify:track:4grGI2vFnknrfmHT1JOVFU,Tesão Da Madrugada - Ao Vivo,30,74,24,George Henrique & Rodrigo
90,spotify:track:1TyxXIXVVpHwhKaF73z8nw,Rasteira - Ao Vivo,42,87,41,Henrique & Juliano
91,spotify:track:3fSxnkjdgPucRCskjmAlgx,A Cara do Crime 3 (Brinde à Liberdade),45,80,9,Mc Poze do Rodo
92,spotify:track:7HjZD0NPC1hzFpjUjo45GR,Me Sinto Abençoado,36,81,33,Mc Poze do Rodo
93,spotify:track:6KKT8dzP21J4WwBp9swjob,Sonho Dos Cria,58,84,6,Filipe Ret
94,spotify:track:053zWWZDziDJd3U94x8RuP,Todo Mundo Menos Você,3,—,1,Marília Mendonça
95,spotify:track:0yL7K9MzC20uBesZTPY81r,Pandora,7,88,33,DJ Matt D
96,spotify:track:2VATVdFqb7QqxfAcQPvNpc,Ex Alcoolizado - Ao Vivo,52,91,4,Israel & Rodolffo
97,spotify:track:4OjLi2Ji9UhVsHjqzRGCsM,Quebrando Protocolo - Ao Vivo,41,89,39,Gusttavo Lima
98,spotify:track:7pvrsbBKUQI2QmA74WCJa5,Ela e Ela,6,93,41,Zé Neto & Cristiano
99,spotify:track:0OJ8KWhqLMHkfI59yh398v,Sei Que Tu Gosta Muito,58,83,16,L7NNON
100,spotify:track:42cdiwjkfYVjI8JtAQwsG5,Um Sonhador / Não Precisa / Não Aprendi A Dizer Adeus - Ao Vivo,100,—,1,Lauana Prado
