rank,uri,track_name,peak,prev,streak,artist_names
1,spotify:track:4uqJelb9THHmJ3OCohg4ZJ,Nosso Quadro,1,1,8,AgroPlay
2,spotify:track:7CJJ7JC3kj9XdweWTvfVhX,Vacilão,2,15,2,Zé Felipe
3,spotify:track:2K9kZpwD2CzTa6iiSYYOoO,Leão,1,2,11,Marília Mendonça
4,spotify:track:22sAwsBH0NoNJXnrBenQuO,Sem Aliança no Dedo,3,3,7,MC Xenon
5,spotify:track:0SCMVUZ21uYYB8cc0ScfbV,Bombonzinho - Ao Vivo,2,5,11,Israel & Rodolffo
6,spotify:track:3mzbab4H0iZYkHggSEj0UX,Oi Balde - Ao Vivo,4,4,6,Zé Neto & Cristiano
7,spotify:track:0JIYoXtJfORxI6gRpHv6ZW,Traumatizei - Ao Vivo Em Brasília,5,6,8,Henrique & Juliano
8,spotify:track:4sqpSDnTrbS8v7RMNCUyqS,Não Vitalício (Nunca Mais) - Ao Vivo,8,12,8,Matheus & Kauan
9,spotify:track:5WsM6qhZzRSD3oKbtorxzD,Aquecimento Senta Senta Suave,8,8,3,MC Kevin o Chris
10,spotify:track:0ZAL7RbP2FsM3rObV60o7T,Namorando Ou Não - Ao Vivo,10,21,3,Clayton & Romário
11,spotify:track:4ASA1PZyWGbuc4d9N8OAcF,Eu Gosto Assim - Ao Vivo,3,13,11,Gustavo Mioto
12,spotify:track:0redQHBfejmPUhonR5ppGC,Duas Três,9,11,7,Guilherme & Benuto
13,spotify:track:51FFbyL0PjkYtjXJQP0JoP,Saudade da Minha Vida - Ao Vivo,5,14,9,Gusttavo Lima
15,spotify:track:1nf1HJdTWXwf9XHQebGlOd,Quando Apaga A Luz - Ao Vivo,9,9,10,Gustavo Mioto
16,spotify:track:1jHgfC8T5KxUyC5Ldw6lk9,Zona De Perigo,1,10,9,Leo Santana
17,spotify:track:3PH1nUysW7ybo3Yu8sqlPN,Seu Brilho Sumiu - Ao Vivo,17,17,4,Israel & Rodolffo
18,spotify:track:7nFvKgVumc9FcU97zGjjei,Coração de Gelo,6,16,11,WIU
19,spotify:track:51pxwIxDVCbFHW8oyJFQXD,Erro Gostoso - Ao Vivo,18,18,9,Simone Mendes
20,spotify:track:2kBbHpJTc7MWs8F3XhClBD,Altas Loucurinhas (Uni Duni Tê) - Ao Vivo,15,20,10,Matheus Fernandes
21,spotify:track:2BlFIe0712LBUtTHxbqjme,Love Gostosinho - Ao Vivo,17,19,9,NATTAN
22,spotify:track:6cZqw8wIrMsFxCNMzLRbNU,Metade De Mim - Ao Vivo,22,24,4,Hugo & Guilherme
23,spotify:track:7Ht57bh2FwiQLwRH9zqESG,085 - Ao Vivo,23,28,4,MC Rogerinho
24,spotify:track:6eNRGL6Nkdg7RhJtmbcl0j,Luz do Luar,8,22,11,Mc Tato
25,spotify:track:18yZLabAj1liqEUcgxDgeJ,Perdoou Nada - Ao Vivo,11,26,11,Israel & Rodolffo
26,spotify:track:0AIA4KsMsyqur8FbTVhGNT,SOLTEIROU - Ao Vivo,14,23,10,Luan Santana
27,spotify:track:3O2wrDL7nnSDZOrdZqxyoY,Noite Fria,27,32,3,Mc IG
28,spotify:track:5aqwwgL4XOv2YJYwLiqKOZ,A Culpa É Nossa - Ao Vivo,5,25,11,Maiara & Maraisa
29,spotify:track:2M4kQD87lKnAS9vFlb4Bez,Pactos - Ao Vivo,7,29,11,Matheus & Kauan
30,spotify:track:7sopDXkuzXtHt8AQpdBxmT,DONA DE MIM,12,30,11,Ana Castela
31,spotify:track:3gCWngngUs1uojw33vrE8K,5 Regras - Ao Vivo,16,34,11,Jorge & Mateus
32,spotify:track:2hkwwmmLC90T8BQ7t3xufq,Roça Em Mim,6,33,11,Zé Felipe
33,spotify:track:3C99BfGe301JNp7BqTX5Uu,Média Boa - Ao Vivo,11,36,11,Felipe e Rodrigo
34,spotify:track:2orGm2E68ODFYOURjaES62,Felina,19,35,11,WIU
35,spotify:track:6B5Nqt8DAciT2oqevzGbUc,Pilantra,35,41,3,Jão
36,spotify:track:5WGTBzRLbjj0Sm3Br8X1rI,Bandido Não Dança,36,39,9,Mc Paiva ZS
37,spotify:track:5AdPP30mjJCtBMyYKZUEU7,Assunto Delicado - Ao Vivo,14,43,11,Guilherme & Benuto
38,spotify:track:0KXdSF0Poa57KOepZ3hKrh,Palhaça - Ao Vivo,20,42,11,Naiara Azevedo
39,spotify:track:0bBwi6ddYeTv5fXgHAdfiH,Evoque Prata,3,27,11,MC MENOR HR
40,spotify:track:4mD9hjoTckjeL1CrJCx0MT,Puta Mexicana,6,37,11,DJ Jeeh FDC
41,spotify:track:4bT4Gbs7FA4cLyZeKtlGVO,Facilita Aí,3,38,8,Zé Felipe
42,spotify:track:5Ubx4DpvVodvsGH9ilxPVi,Haja Colírio (feat. Hugo & Guilherme) - Ao Vivo,5,31,11,Guilherme & Benuto
43,spotify:track:1EabI1QbflYnmXuMKtlzbI,Onde Tu Vai Sentar - Ao Vivo,43,45,4,Gustavo Mioto
44,spotify:track:4f0aDk7HX37SfzerfznYlr,Lapada Dela - Ao Vivo,44,49,2,Grupo Menos É Mais
45,spotify:track:2Vl7x4BkNhhJkEmQQMcV0V,Toma Tapa,23,46,11,Mc Jacaré
46,spotify:track:5sKKcIc3fitcF3S9XtxOK1,Trégua - Ao Vivo,44,44,3,Matheus & Kauan
47,spotify:track:5geU4byUA1hnQofQPOsPDS,Sereia,20,47,11,Orochi
48,spotify:track:1ACALdBWViTpLBC14Ecv8E,Namora Aí,19,40,11,MC Ryan SP
49,spotify:track:5pBU3Yihoa4hiwQ2T5fGhH,Esse B.O é Meu - Ao Vivo,12,48,11,Guilherme & Benuto
50,spotify:track:2tFmuYL5D8zqBHvs0nG5Tn,Bonjour,43,54,5,KayBlack
51,spotify:track:3o4wcB1Y6xC62eF02n9RSZ,ELA PIROU NA DODGE RAM,51,99,2,Luan Pereira
52,spotify:track:2X5o4nRiocnoaaQ2wMwaeC,Sorrisin De Puto,35,51,11,DJ Cayoo
53,spotify:track:5ffDENIdtByAZxHpuuj9li,Vida Chique,53,55,4,Veigh
54,spotify:track:0oB3IBEhbmgTrL7mV0VnFq,Novinha do Onlyfans (Tchan Ran Tchan Tchan),14,50,11,Kadu Martins
55,spotify:track:4ChIBnH5lO5thSaNeMV0oE,BEBÊ TÁ SOLTA,55,61,3,Yuri Redicopa
56,spotify:track:4PQ5AInr4YoBauth9YPduL,Ai Papai,12,52,11,Anitta
57,spotify:track:4DHcnVTT87F0zZhRPYmZ3B,Flowers,20,53,11,Miley Cyrus
58,spotify:track:52EYWdjiulHaehpexuowyh,FOGO E GASOLINA,37,58,11,MC Cabelinho
59,spotify:track:0AXfTPzrAMfHchWf2aOVfA,Whisky Vagabund0 - Ao Vivo,56,56,2,Lauana Prado
60,spotify:track:1OZ4uv7OAP24Ix6j3vojLt,Casei Com a Putaria,27,57,11,Mc Paiva ZS
61,spotify:track:72vwG7lcOTPgT2YgYpg505,Hackearam-me,61,95,2,Marília Mendonça
62,spotify:track:4kAMyuJBbmJrbr6TLOWbEk,Beijo de Glicose - Ao Vivo,18,62,11,Diego & Victor Hugo
63,spotify:track:0dcHD9QhnWRA41zoLnC83X,X1,48,65,11,MC Cabelinho
64,spotify:track:7aZnuwpivaj4N7XFhhqBiO,Love Absurdo,47,59,6,Mari Fernandez
65,spotify:track:7CUQQLRMIeSfa4m2uQcRHp,Rancorosa - Ao Vivo Em Brasília,65,—,1,Henrique & Juliano
66,spotify:track:2Rty2z5JVUbLPmWVPUdGqQ,Faz Moleque Virar Homem - Ao Vivo,66,73,2,Bruno & Marrone
67,spotify:track:6Zw25LRLP0j0MsezDFIUM4,Mal Feito - Ao Vivo,26,66,11,Hugo & Guilherme
68,spotify:track:5lhoo6QYhXLYbUj3QkjWN7,Onlyfans,49,68,8,DJ Lg do Sf
69,spotify:track:4tuFNhM69UakXdPg4RrNvp,Deus Perdoa,69,—,1,Filipe Ret
70,spotify:track:74Le949TrZk4zwDjtWzH23,Cavalo de Pau,40,67,11,Bruno & Denner
71,spotify:track:2zDwJnP9n9yCUyfiLIwkDM,Se Ele Soubesse - Ao Vivo,49,64,8,Guilherme & Santiago
72,spotify:track:3qQhmVPwqRLsQvTpOvsM7c,Tadalafila,72,—,1,Os Barões Da Pisadinha
73,spotify:track:29adI8c6c75mnnaJ3BFLID,Parecia Tempestade,45,71,9,Sony no Beat
74,spotify:track:2m6ZDDrTvDQtKbwNFyI3r5,MAMA.CITA (hasta la vista),24,69,11,Luísa Sonza
75,spotify:track:6izCSgYDSUTThIXzEIMAlC,Que Faculdade Cê Faz? - Ao Vivo,52,60,11,Clayton & Romário
76,spotify:track:4NNZZXHgn9F3cCgC1YGmLl,Todo Seu - Ao Vivo,33,76,11,Jorge & Mateus
77,spotify:track:11fqunD6qlOCrRd88kMOk6,Evento Cancelado - Ao Vivo,50,78,11,Henrique & Juliano
78,spotify:track:6Hio4nlyWL2WBL8nYlbuGt,Agudo Mágico 3,9,72,11,MC K.K
79,spotify:track:7deq0y38gTLGl5oOS80yww,Despedida De Sofrimento - Ao Vivo,79,80,2,Felipe Araújo
80,spotify:track:1JQ1ylL2JEjC6Ib7IJgOvS,Coração Amoleceu,65,74,7,Mc Don Juan
81,spotify:track:3YQvZNmRc2y1hgdvustkce,MINHA CURA,71,79,5,MC Cabelinho
83,spotify:track:0sD07uktXbICUL36lzfBxf,Dona Chica - Ao Vivo,52,77,3,Augusto e Rafael
84,spotify:track:4pjznsLeoyimnxGlVpmyJI,NÉ SEGREDO,74,83,5,MC Cabelinho
85,spotify:track:0tM4J8aID6qYZOE3e14sCj,Acordo - Ao Vivo,57,85,11,Henrique & Juliano
86,spotify:track:77BR4gaUAp3p0uA8UL6HT9,Não Para,86,87,2,Belle Kaffer
87,spotify:track:210u8GSVwq7anEWu0e6wzL,Brigas Demais,87,—,1,LUDMILLA
88,spotify:track:37LWZe5mdHIKuXBh8GuwlH,Desabafo,88,—,1,Mc Poze do Rodo
89,spotify:track:6tW23l5oRR8XyYJsF5si9G,Eu Minto (Ao Vivo),49,82,8,US Agroboy
90,spotify:track:4Dvkj6JhhA12EX05fT7y2e,As It Was,59,86,11,Harry Styles
91,spotify:track:2HMbGPbGiqGaHXzFkQAmZI,Basiquinho - Ao Vivo,28,84,11,Matheus & Kauan
92,spotify:track:2jZrMlMuTk1N3LJS8yQM6q,Carinha de Bebê,48,81,6,Ana Castela
93,spotify:track:7qoIhutxU269Zqo9PG5IOj,Poesia Acústica 13,44,89,11,Pineapple StormTv
94,spotify:track:4qDT0BeJ7BjatrN9k8AvB4,Flow Espacial,23,70,8,Teto
95,spotify:track:5PSkF3QpVMlAx8U5Inxj39,Vento Forte,68,88,11,Mc Jacaré
96,spotify:track:0XyPPyGes0omXppV5YE8gy,Gostosinha é Ela,48,91,11,Felipe Amorim
97,spotify:track:5vC8UAOHeG95ehRzZChniB,Ai Preto,38,93,11,L7NNON
98,spotify:track:3IMLoeLerS7TMpKjxUgAhx,Arranhão - Ao Vivo,79,—,1,Henrique & Juliano
99,spotify:track:04vzhKfl5HtPEgrdZJCZ7L,Bagulho Louco,81,90,4,Mc Paiva ZS
100,spotify:track:6bwx7pcKJY05D9S6CVa1k6,Nem Namorado e Nem Ficante - Ao Vivo | Faixa Bônus,40,—,1,Israel & Rodolffo
