rank,uri,track_name,peak,prev,streak,artist_names
1,spotify:track:3IAfUEeaXRX9s9UdKOJrFI,Envolver,1,5,3,Anitta
2,spotify:track:5zNxUkUW9WiV5oyg6gh2wB,DANÇARINA,1,1,7,PEDRO SAMPAIO
3,spotify:track:3sd2p4kE7xQmFH3lPnFl6h,sentaDONA (Remix) s2,3,18,2,Davi Kneip
4,spotify:track:5719MEdRQcH4c3phXqX7WN,Mal Feito - Ao Vivo,2,2,11,Hugo & Guilherme
5,spotify:track:0NBgyml7T0IvUNbXIkcSpH,Malvadão 3,1,3,15,Xamã
6,spotify:track:7gVzhRCrLRUBEGdS7zNTp0,Malvada,3,4,9,Zé Felipe
7,spotify:track:53RxHysDJ0cjugMcPymwja,ABALO EMOCIONAL - Ao Vivo,6,6,8,Luan Santana
8,spotify:track:6nkoWsFZeFt5dUdNmlIceh,Bloqueado - Ao Vivo,2,7,18,Gusttavo Lima
9,spotify:track:3ITkrUvAA6gzxer2UIom3P,Molhando o Volante,6,8,16,Jorge & Mateus
10,spotify:track:2wSCalnGOnXdAJC0Fn8OUY,Vai Lá Em Casa Hoje,1,9,23,George Henrique & Rodrigo
11,spotify:track:0qYW2jULeN9giEty0ee9Fy,Botadinha Saliente,7,10,7,MC Rogerinho
12,spotify:track:3QGxgNaqaFSpORp2OVLXHR,212,5,11,11,Chefin
13,spotify:track:4EVzu5mYyigjyLrryKbZs7,VERMELHO,13,14,7,Gloria Groove
14,spotify:track:4qsOrxBv09HhNSpsgMRXdC,Esqueça-Me Se For Capaz,1,12,24,Marília Mendonça
15,spotify:track:6Lk3kU7JcQ5dZ7jbmhJzQN,Melhor Ser uma Saudade,15,30,9,Zé Neto & Cristiano
16,spotify:track:14JKzKrJbPDflw8XyATMey,A Maior Saudade - Ao Vivo,6,16,24,Henrique & Juliano
17,spotify:track:3IMLoeLerS7TMpKjxUgAhx,Arranhão - Ao Vivo,1,15,24,Henrique & Juliano
18,spotify:track:0tM4J8aID6qYZOE3e14sCj,Acordo - Ao Vivo,16,17,23,Henrique & Juliano
19,spotify:track:1M5OUvKG03C0QtzvxRS4Zk,Depende,8,13,10,Dj Guuga
20,spotify:track:5lCAtKxkZL6tFDyGX9t87j,Eu Já Tava Bem - Ao Vivo,18,25,17,Wesley Safadão
21,spotify:track:0sPtV4stCHkFJB6GpoaZ1f,CAFÉ DA MANHÃ ;P,20,20,7,Luísa Sonza
22,spotify:track:5Z4TYur0O9OxmxIo6GC2Gq,"Oi, Como Ce Tá?",19,19,5,Vulgo FK
23,spotify:track:0yL7K9MzC20uBesZTPY81r,Pandora,7,22,16,DJ Matt D
24,spotify:track:5VTjBl3ddZEiG2LrH4VzyR,Toma Toma Vapo Vapo,4,23,20,Zé Felipe
25,spotify:track:72g37RoelSnovZakG5MwnF,Parada Louca,9,27,19,Mari Fernandez
26,spotify:track:3qmdfYpfvKRIXmWaLllHZ3,Black Lança (Catucando Gostosinho),13,21,9,MC Teteu
27,spotify:track:3xt7v3bMNnQ8ie8RjhmkX2,Imagina A Sentada - Ao Vivo,16,24,13,Matheus & Kauan
28,spotify:track:3YvE7uo4ffseBoJPh8IhHp,Presepada,4,26,21,Marília Mendonça
29,spotify:track:3gK5ckT0cq3t5enyqzzRgV,GALOPA,4,29,24,PEDRO SAMPAIO
30,spotify:track:4lsDFVKOVwPeAVw1hPOn7G,Vontade De Morder,20,31,10,Simone & Simaria
31,spotify:track:4dwBkgq4a4gEissxTY0YDT,Cê Tá Preparada - Ao Vivo,14,33,24,Tayrone
32,spotify:track:4fSHADbZbhpZCT9oJpxwbP,Ameaça,5,32,22,Paulo Pires
33,spotify:track:6ve9hbVnSgJ0vrsRpj18OH,Não Me Arranha - Ao Vivo,19,34,24,Gusttavo Lima
34,spotify:track:42nZBOwXNdO24Ml032bLBS,Gatilho - Ao Vivo,34,66,2,Matheus & Kauan
35,spotify:track:4can6ssapSsRCEbZZfYL8K,Poesia Acústica 12 - Pra Sempre,34,36,5,Pineapple StormTv
36,spotify:track:5jYEiTNR3FQXFouTX7Ju0N,Socadona,15,35,7,LUDMILLA
37,spotify:track:7ARoqP7G8UYW8SyYPyPp7k,NO CHÃO NOVINHA,18,40,16,Anitta
38,spotify:track:7HjZD0NPC1hzFpjUjo45GR,Me Sinto Abençoado,36,37,16,Mc Poze do Rodo
39,spotify:track:2xebCnKCjYWBhJ4Ai8hO5E,Set dos Casados,25,39,20,Mc Davi
40,spotify:track:5yRgMxdDhdYlbUQNCOlW3o,Não Vou Te Bloquear - Ao vivo,19,38,11,Mc Don Juan
41,spotify:track:35COLcFjvONwVv6jkG23gI,Boys Don't Cry,26,46,9,Anitta
42,spotify:track:28m65cMH7QXHzFnZSTtNHY,Não Sei o Que Lá,30,43,21,Marília Mendonça
43,spotify:track:053zWWZDziDJd3U94x8RuP,Todo Mundo Menos Você,3,45,24,Marília Mendonça
44,spotify:track:7pvrsbBKUQI2QmA74WCJa5,Ela e Ela,6,42,24,Zé Neto & Cristiano
45,spotify:track:6EDj1nbl9wo6ivGI1t59G4,Idiota,32,48,10,Jão
46,spotify:track:4grGI2vFnknrfmHT1JOVFU,Tesão Da Madrugada - Ao Vivo,46,52,7,George Henrique & Rodrigo
47,spotify:track:5Z9KJZvQzH6PFmb8SNkxuk,INDUSTRY BABY (feat. Jack Harlow),36,58,24,Lil Nas X
48,spotify:track:4kGdnA7FzSVsXC29LPghej,Revoada No Colchão,4,44,24,Zé Felipe
49,spotify:track:2gkKA2pRAsMzbiGPo9gxsc,Água Nos Zói - Ao Vivo,26,49,24,Clayton & Romário
50,spotify:track:5PjdY0CKGZdEuoNab3yDmX,STAY (with Justin Bieber),50,83,2,The Kid LAROI
51,spotify:track:6qdJZIjxrPaJjaGqlXFLSs,Nota de Repúdio - Ao Vivo,3,47,24,Gusttavo Lima
52,spotify:track:4AOOcHnZdU6qyUVtKZUEuF,Amava Nada - Ao Vivo,52,53,8,Lucas Lucco
53,spotify:track:02MWAaffLxlfxAUY7c5dvx,Heat Waves,53,—,1,Glass Animals
54,spotify:track:2342lPAZ9zddhgAQEiLx4V,ANACONDA *o* ~~~,37,51,12,Luísa Sonza
55,spotify:track:1HhNoOuqm1a5MXYEgAFl8o,Enemy (with JID) - from the series Arcane League of Legends,55,86,3,Imagine Dragons
56,spotify:track:0VF2XFdgeID7448iU2Vyg9,Novinha Malada do Insta,29,41,10,MC Josh
57,spotify:track:17QN5kFprJqHdHLMj7hz4s,Ficha Limpa - Ao Vivo,11,54,24,Gusttavo Lima
58,spotify:track:7rglLriMNBPAyuJOMGwi39,Cold Heart - PNAU Remix,58,74,19,Elton John
59,spotify:track:2AQJRDfQJbfgmTf5e62Czl,Sem Dó,42,55,13,Matuê
60,spotify:track:71efUiJwL11CRkI5aMplsi,Sentadona (Ai Calica),28,28,4,Davi Kneip
61,spotify:track:2SDGleyRLDrYZeMsZEK3Vb,Dar uma Namorada - Ao Vivo,28,50,19,Israel & Rodolffo
62,spotify:track:1d7Z2HUkWno2w4452Jaqt6,50 por Cento,56,56,3,Naiara Azevedo
63,spotify:track:4NJKCE1TBC653P3dCnto0u,Simplesmente Ela,63,—,1,Mc Gabzin
64,spotify:track:5rz7ZQkMpQHGDXC62P2Axw,ESSE É LADRÃO,37,57,12,DJ BRUNIN DA NT
65,spotify:track:2ebFBmle5uXcdbrCAOvPcZ,Vagabundo Chora - Ao Vivo,60,61,7,Guilherme & Benuto
66,spotify:track:4OjLi2Ji9UhVsHjqzRGCsM,Quebrando Protocolo - Ao Vivo,41,60,22,Gusttavo Lima
67,spotify:track:2ixi9HWJw5lnLDmRMsiCS5,Você Beberia Ou Não Beberia?,8,62,24,Zé Neto & Cristiano
68,spotify:track:0EMAzKGOFxJgG9vHsm7ciF,Eu Vou Machucar Só um Pouquinho X Catucando Gostosinho,64,65,4,JC NO BEAT
69,spotify:track:1FGRA5pMtBqJLNAaSBia2x,Maldivas,56,59,5,LUDMILLA
70,spotify:track:48Ll1C6qAnP2UjnopQDh4a,Bala Love,4,64,24,Mc Anjim
71,spotify:track:2qmG7dokbGpDGD0T5wORWt,Balanço da Rede,71,—,1,Matheus Fernandes
72,spotify:track:4fouWK6XVHhzl78KzQ1UjL,abcdefu,72,91,2,GAYLE
73,spotify:track:2RGIuYTsyyHoOCqW0krvNE,Coração Cachorro,1,67,24,Avine Vinny
74,spotify:track:6BIvQ6KIdwhUB29lCVy0cd,Felicidade Dela - Ao Vivo,74,—,1,Hugo & Guilherme
75,spotify:track:49GdoM9fiTXVOx1a6JTokJ,Assalto Perigoso,36,70,13,Melody
76,spotify:track:79Wou8NwYEFzTyDQudjENF,Desbloqueado - Ao Vivo,19,75,24,Diego & Victor Hugo
77,spotify:track:452LVnTBjXYW3guqe3xiqI,Vamo Tomar Uma,29,72,24,Zé Neto & Cristiano
78,spotify:track:1gKXrwKn5ub6wyefqMsnZp,Joga na Cara,78,78,6,MC Braz
79,spotify:track:1TyxXIXVVpHwhKaF73z8nw,Rasteira - Ao Vivo,42,76,24,Henrique & Juliano
80,spotify:track:2kJRlOyrxsy7Ot3c5TZ8Q6,Meu Pedaço de Pecado,9,80,24,João Gomes
81,spotify:track:7xVSNhAUQhUIpwfR6lTOwA,Por Supuesto,16,79,23,Marina Sena
82,spotify:track:0j8nXyOr5UXWHqy0BBnZ6L,Dá Intimidade Pra Ver - Ao Vivo,59,63,5,Israel & Rodolffo
83,spotify:track:2IsusePMD32LQKNU7vZiAH,É Só Blusão da Ecko e Boné da Lacoste Vs Putaria (feat. Mc Denny),51,68,6,Dj Tk
84,spotify:track:1bWBG6IkMnDr3qvCKSvQT7,Baby Me Atende - Ao Vivo,13,82,24,Matheus Fernandes
85,spotify:track:1wdhj1r7aeWVDUl9d18YKu,Expectativa x Realidade,14,77,24,Matheus & Kauan
86,spotify:track:7aZusA4cWXz3Wv9e9uhavz,Quer Voar,15,89,24,Matuê
87,spotify:track:68qqVn5kHBv4zc45SDGLnh,Corte Americano,79,87,4,Filipe Ret
88,spotify:track:4BfppnNi6ZQTI8Ezo97zX6,Deus É o Meu Guia,69,73,4,Chefin
89,spotify:track:1QmupixsVNc0osesKXraZC,Formosa,51,84,6,Kaio Viana
90,spotify:track:67fTDdGkHk1G5IZokS4uML,Esse Barulho,71,90,9,Murilo Huff
91,spotify:track:6Lrzxd7ST5oQ6FYKXKH7Ia,Vagabundo,33,95,24,Matheus & Kauan
92,spotify:track:53BkPZwlaLbW77uV9BnJkl,Eu Fiz o Jogo Virar,33,88,24,Mc Poze do Rodo
93,spotify:track:7KPhwNko8V9vYBIN653hSO,A Cara do Crime 2 (Cansou de Playboy),46,85,10,Mc Poze do Rodo
94,spotify:track:6Uj1ctrBOjOas8xZXGqKk4,Woman,94,—,1,Doja Cat
95,spotify:track:0cHflpV8SSGbE0NKaasEfT,F* F* M*,95,97,2,Filipe Ret
96,spotify:track:3YOxWp8HTyp5FivmCU5p8z,Desgastou - Ao Vivo,71,71,2,Henrique & Juliano
97,spotify:track:1EOvzIhBFxiFvjubeCHn3T,Estelionato Afetivo - Ao Vivo,64,81,9,Douglas & Vinicius
98,spotify:track:0w4eRv2fCerS49SgrStS1V,BAGUNÇA,66,—,1,PEDRO SAMPAIO
99,spotify:track:0JdkDCdrhMOaeXjIZdeBXN,Ela me Falou Que Quer Rave,8,92,22,MC Levin
100,spotify:track:1iaPDgTbsKrlznVu13EWIf,ESSÊNCIA DE CRIA,68,94,4,MC Cabelinho
