rank,uri,track_name,peak,prev,streak,artist_names
1,spotify:track:6hFwju6M40CKovKBPu5IpY,ACORDA PEDRINHO,1,54,2,Jovem Dionisio
2,spotify:track:1K8AtBJXcdq5mywMnZuARP,Termina Comigo Antes,1,1,8,Gusttavo Lima
3,spotify:track:2qmG7dokbGpDGD0T5wORWt,Balanço da Rede,3,4,9,Matheus Fernandes
4,spotify:track:4QWumyD2uwiePBBha9XBHI,No Ouvidinho,2,2,8,Felipe Amorim
5,spotify:track:0sjhY8nPIm6cPOQfyUPmJe,ERRO PLANEJADO - Ao Vivo,3,3,6,Luan Santana
6,spotify:track:6Zw25LRLP0j0MsezDFIUM4,Mal Feito - Ao Vivo,1,6,19,Hugo & Guilherme
7,spotify:track:3sd2p4kE7xQmFH3lPnFl6h,sentaDONA (Remix) s2,1,5,10,Davi Kneip
8,spotify:track:3ShKPhFkexrwl7WoyTtNND,Tchuco Nela,8,12,5,MC Rogerinho
9,spotify:track:6Ulh9GPYz6JKdv04qc3q2U,Dengo,9,34,2,João Gomes
10,spotify:track:3ITkrUvAA6gzxer2UIom3P,Molhando o Volante,6,7,24,Jorge & Mateus
11,spotify:track:6bTdZ7xfKp3NqqADJ8HLyj,Vampiro,9,9,8,Matuê
12,spotify:track:5zNxUkUW9WiV5oyg6gh2wB,DANÇARINA,1,8,15,PEDRO SAMPAIO
13,spotify:track:546dFmvwFGBY7MJOkV5ctq,Todo Seu - Ao Vivo,13,23,3,Jorge & Mateus
14,spotify:track:53RxHysDJ0cjugMcPymwja,ABALO EMOCIONAL - Ao Vivo,4,10,16,Luan Santana
15,spotify:track:3XF598RmEUF3XW4XKo1lyP,Meu Número - Ao Vivo,15,26,6,Hugo & Guilherme
16,spotify:track:4a0sqvCBo7aRIS4GzBQpnp,Kikando e Me Olhando,16,18,7,MC Braz
17,spotify:track:6Lk3kU7JcQ5dZ7jbmhJzQN,Melhor Ser uma Saudade,10,11,17,Zé Neto & Cristiano
18,spotify:track:75fCsUnTiDelE4HMd06t4O,Gostosinho Tu Cai,17,17,4,Mc Pepeu
19,spotify:track:6nkoWsFZeFt5dUdNmlIceh,Bloqueado - Ao Vivo,2,13,26,Gusttavo Lima
20,spotify:track:0NBgyml7T0IvUNbXIkcSpH,Malvadão 3,1,16,23,Xamã
21,spotify:track:14JKzKrJbPDflw8XyATMey,A Maior Saudade - Ao Vivo,6,19,32,Henrique & Juliano
22,spotify:track:2wSCalnGOnXdAJC0Fn8OUY,Vai Lá Em Casa Hoje,1,15,31,George Henrique & Rodrigo
23,spotify:track:7afaZ37wJJL6880z1NRgJS,Fim de Semana no Rio,17,20,8,Teto
24,spotify:track:4SIBZgMomGFnrIWjmq7Np8,Desenrola Bate Joga de Ladin (feat. DJ Biel do Furduncinho),7,14,7,L7NNON
25,spotify:track:2ebFBmle5uXcdbrCAOvPcZ,Vagabundo Chora - Ao Vivo,25,25,15,Guilherme & Benuto
26,spotify:track:4NJKCE1TBC653P3dCnto0u,Simplesmente Ela,21,21,9,Mc Gabzin
27,spotify:track:42nZBOwXNdO24Ml032bLBS,Gatilho - Ao Vivo,26,27,10,Matheus & Kauan
28,spotify:track:3IMLoeLerS7TMpKjxUgAhx,Arranhão - Ao Vivo,1,22,32,Henrique & Juliano
29,spotify:track:0E0OENqh3jaZ4VpDFTOLGj,EU BEM QUE TE AVISEI - TU EMPINOU ELE PEI,29,31,5,Mc Delux
30,spotify:track:5lCAtKxkZL6tFDyGX9t87j,Eu Já Tava Bem - Ao Vivo,18,29,25,Wesley Safadão
31,spotify:track:7gVzhRCrLRUBEGdS7zNTp0,Malvada,3,24,17,Zé Felipe
32,spotify:track:4Dvkj6JhhA12EX05fT7y2e,As It Was,31,39,8,Harry Styles
33,spotify:track:0tM4J8aID6qYZOE3e14sCj,Acordo - Ao Vivo,16,28,31,Henrique & Juliano
34,spotify:track:4qsOrxBv09HhNSpsgMRXdC,Esqueça-Me Se For Capaz,1,32,32,Marília Mendonça
35,spotify:track:71fwkaKdNrxiZZbkzSqmFJ,Que Rabão (feat. Mr. Catra e YG),30,30,4,Anitta
36,spotify:track:0qYW2jULeN9giEty0ee9Fy,Botadinha Saliente,7,33,15,MC Rogerinho
37,spotify:track:3QGxgNaqaFSpORp2OVLXHR,212,5,36,19,Chefin
38,spotify:track:4grGI2vFnknrfmHT1JOVFU,Tesão Da Madrugada - Ao Vivo,30,37,15,George Henrique & Rodrigo
39,spotify:track:2IJPcsIjReWb0v4EdNuwLu,Assume a Gente - Ao Vivo,35,38,8,João Bosco e Gabriel
40,spotify:track:5dFxhpYLOton7aawKsDeiS,Áudio Que Te Entrega,40,64,3,Leo Santana
41,spotify:track:72g37RoelSnovZakG5MwnF,Parada Louca,9,40,27,Mari Fernandez
42,spotify:track:3FkeNbs9Zeiqkr3WkbOiGp,Envolver,1,35,11,Anitta
43,spotify:track:7HjZD0NPC1hzFpjUjo45GR,Me Sinto Abençoado,36,41,24,Mc Poze do Rodo
44,spotify:track:3YvE7uo4ffseBoJPh8IhHp,Presepada,4,42,29,Marília Mendonça
45,spotify:track:4EVzu5mYyigjyLrryKbZs7,VERMELHO,13,43,15,Gloria Groove
46,spotify:track:3jPp5Aukksz9Ir0gZy6lZM,Acabei de Terminar - Ao Vivo,46,67,4,Paulo e Nathan
47,spotify:track:11fqunD6qlOCrRd88kMOk6,Evento Cancelado - Ao Vivo,47,—,1,Henrique & Juliano
48,spotify:track:3xt7v3bMNnQ8ie8RjhmkX2,Imagina A Sentada - Ao Vivo,16,44,21,Matheus & Kauan
49,spotify:track:0yL7K9MzC20uBesZTPY81r,Pandora,7,48,24,DJ Matt D
50,spotify:track:45VwwcqkVl61khE9JT2OxK,Baile da Serra,50,60,2,Braão
51,spotify:track:1ih3nbYJ0lugsku6065BC5,Me Chama de Amor - Arrochadeira Remix,51,69,2,O Tubarão
52,spotify:track:4can6ssapSsRCEbZZfYL8K,Poesia Acústica 12 - Pra Sempre,34,46,13,Pineapple StormTv
53,spotify:track:30rrBGpna63eIJ2BrXlWDC,Minha Cópia Atual - Ao Vivo,50,50,8,Henrique & Juliano
54,spotify:track:2VATVdFqb7QqxfAcQPvNpc,Ex Alcoolizado - Ao Vivo,52,52,8,Israel & Rodolffo
55,spotify:track:5yRgMxdDhdYlbUQNCOlW3o,Não Vou Te Bloquear - Ao vivo,19,49,19,Mc Don Juan
56,spotify:track:6qdJZIjxrPaJjaGqlXFLSs,Nota de Repúdio - Ao Vivo,3,53,32,Gusttavo Lima
57,spotify:track:4dwBkgq4a4gEissxTY0YDT,Cê Tá Preparada - Ao Vivo,14,51,32,Tayrone
58,spotify:track:2gkKA2pRAsMzbiGPo9gxsc,Água Nos Zói - Ao Vivo,26,59,32,Clayton & Romário
59,spotify:track:28m65cMH7QXHzFnZSTtNHY,Não Sei o Que Lá,30,55,29,Marília Mendonça
60,spotify:track:6ve9hbVnSgJ0vrsRpj18OH,Não Me Arranha - Ao Vivo,19,57,32,Gusttavo Lima
61,spotify:track:0bvLxd9bUAYGKkpMYdR60F,Mal Caminho,54,58,8,DJ JOAO DA INESTAN
62,spotify:track:5Z4TYur0O9OxmxIo6GC2Gq,"Oi, Como Ce Tá?",19,47,13,Vulgo FK
63,spotify:track:0roEMqT0P7Z82rJTwcID3Z,Felicidade Dela - Ao Vivo,33,56,9,Hugo & Guilherme
64,spotify:track:7qD2vjd3btuOgwpQPEY7ci,EU VOU COM CARINHO ELA QUER COM FORÇA,64,—,1,Mc Don Juan
65,spotify:track:1M5OUvKG03C0QtzvxRS4Zk,Depende,8,45,18,Dj Guuga
66,spotify:track:0OJ8KWhqLMHkfI59yh398v,Sei Que Tu Gosta Muito,58,61,7,L7NNON
67,spotify:track:5VTjBl3ddZEiG2LrH4VzyR,Toma Toma Vapo Vapo,4,62,28,Zé Felipe
68,spotify:track:1qEmFfgcLObUfQm0j1W2CK,Late Night Talking,68,—,1,Harry Styles
69,spotify:track:6W56j9ijl9n2l76Hs4hgGn,Larga AÍ Pra Ver - Ao Vivo,64,70,6,Léo & Raphael
70,spotify:track:4OjLi2Ji9UhVsHjqzRGCsM,Quebrando Protocolo - Ao Vivo,41,68,30,Gusttavo Lima
71,spotify:track:7pvrsbBKUQI2QmA74WCJa5,Ela e Ela,6,66,32,Zé Neto & Cristiano
72,spotify:track:0sPtV4stCHkFJB6GpoaZ1f,CAFÉ DA MANHÃ ;P,20,63,15,Luísa Sonza
73,spotify:track:1TyxXIXVVpHwhKaF73z8nw,Rasteira - Ao Vivo,42,79,32,Henrique & Juliano
74,spotify:track:3qmdfYpfvKRIXmWaLllHZ3,Black Lança (Catucando Gostosinho),13,65,17,MC Teteu
75,spotify:track:4fSHADbZbhpZCT9oJpxwbP,Ameaça,5,72,30,Paulo Pires
76,spotify:track:2ixi9HWJw5lnLDmRMsiCS5,Você Beberia Ou Não Beberia?,8,76,32,Zé Neto & Cristiano
77,spotify:track:68qqVn5kHBv4zc45SDGLnh,Corte Americano,69,73,12,Filipe Ret
78,spotify:track:2AQJRDfQJbfgmTf5e62Czl,Sem Dó,42,74,21,Matuê
79,spotify:track:0EMAzKGOFxJgG9vHsm7ciF,Eu Vou Machucar Só um Pouquinho X Catucando Gostosinho,64,82,12,JC NO BEAT
80,spotify:track:2xebCnKCjYWBhJ4Ai8hO5E,Set dos Casados,25,75,28,Mc Davi
81,spotify:track:0ttjEq39BmGYeEb1oVtx0m,Aí Cê Me Quebra,81,—,1,César Menotti & Fabiano
82,spotify:track:17QN5kFprJqHdHLMj7hz4s,Ficha Limpa - Ao Vivo,11,71,32,Gusttavo Lima
83,spotify:track:1gKXrwKn5ub6wyefqMsnZp,Joga na Cara,71,78,14,MC Braz
84,spotify:track:053zWWZDziDJd3U94x8RuP,Todo Mundo Menos Você,3,77,32,Marília Mendonça
85,spotify:track:6qu6s6uwdVdGewHpi6Cdo7,Trem Mais Caro,74,80,5,DJ JR Oficial
86,spotify:track:0cHflpV8SSGbE0NKaasEfT,F* F* M*,74,86,10,Filipe Ret
87,spotify:track:1iaPDgTbsKrlznVu13EWIf,ESSÊNCIA DE CRIA,68,88,5,MC Cabelinho
88,spotify:track:0FV4eVWzSAglihmcJPECiE,Homem É Tudo Igual - Ao Vivo,88,—,1,Simone & Simaria
89,spotify:track:6EDj1nbl9wo6ivGI1t59G4,Idiota,32,92,18,Jão
90,spotify:track:0VF2XFdgeID7448iU2Vyg9,Novinha Malada do Insta,29,81,18,MC Josh
91,spotify:track:2kJRlOyrxsy7Ot3c5TZ8Q6,Meu Pedaço de Pecado,9,84,32,João Gomes
92,spotify:track:5jYEiTNR3FQXFouTX7Ju0N,Socadona,15,83,15,LUDMILLA
93,spotify:track:4AOOcHnZdU6qyUVtKZUEuF,Amava Nada - Ao Vivo,52,91,16,Lucas Lucco
94,spotify:track:56fTTjV3ZiX68gYdCuPZYx,Set Dj Leo Lg,89,89,3,Dj Leo Lg
95,spotify:track:6wrkP23fHC8KDHCfs8MpJ9,Chá De Casa Nova - Ao Vivo,65,100,2,Henrique & Juliano
96,spotify:track:5rz7ZQkMpQHGDXC62P2Axw,ESSE É LADRÃO,37,85,20,DJ BRUNIN DA NT
97,spotify:track:3gK5ckT0cq3t5enyqzzRgV,GALOPA,4,87,32,PEDRO SAMPAIO
98,spotify:track:4vjU9a5q3IrsspW8Qin56l,Desgastou - Ao Vivo,71,—,1,Henrique & Juliano
99,spotify:track:3070QwWsVCWmKThGKP1GPe,Cheiro De Problema - Ao Vivo,94,97,4,Netto & Henrique
100,spotify:track:1uTaU46uRmZT8Ucervp184,Eu Me Trai - Ao Vivo,99,—,1,Henrique & Juliano
