rank,uri,track_name,peak,prev,streak,artist_names
1,spotify:track:4uqJelb9THHmJ3OCohg4ZJ,Nosso Quadro,1,1,13,AgroPlay
2,spotify:track:3PH1nUysW7ybo3Yu8sqlPN,Seu Brilho Sumiu - Ao Vivo,2,2,10,Israel & Rodolffo
3,spotify:track:51pxwIxDVCbFHW8oyJFQXD,Erro Gostoso - Ao Vivo,3,3,13,Simone Mendes
4,spotify:track:3mzbab4H0iZYkHggSEj0UX,Oi Balde - Ao Vivo,2,4,12,Zé Neto & Cristiano
5,spotify:track:2K9kZpwD2CzTa6iiSYYOoO,Leão,1,5,13,Marília Mendonça
6,spotify:track:4sqpSDnTrbS8v7RMNCUyqS,Não Vitalício (Nunca Mais) - Ao Vivo,6,6,13,Matheus & Kauan
7,spotify:track:3ktTWpYdXrYApH54cBo4Ap,Conexões de Máfia (feat. Rich The Kid),7,35,2,Matuê
8,spotify:track:0JIYoXtJfORxI6gRpHv6ZW,Traumatizei - Ao Vivo Em Brasília,5,7,13,Henrique & Juliano
9,spotify:track:0redQHBfejmPUhonR5ppGC,Duas Três,8,8,13,Guilherme & Benuto
10,spotify:track:0ZAL7RbP2FsM3rObV60o7T,Namorando Ou Não - Ao Vivo,10,10,9,Clayton & Romário
11,spotify:track:0SCMVUZ21uYYB8cc0ScfbV,Bombonzinho - Ao Vivo,4,9,13,Israel & Rodolffo
12,spotify:track:5v8EhStRWlvoY2qbcZR5R2,Mágica - Ao Vivo,11,11,6,Hugo & Guilherme
13,spotify:track:22sAwsBH0NoNJXnrBenQuO,Sem Aliança no Dedo,3,14,13,MC Xenon
14,spotify:track:2LTlykcdu0gwb7zcKneo2a,Melhor Só,12,12,6,KayBlack
15,spotify:track:1nf1HJdTWXwf9XHQebGlOd,Quando Apaga A Luz - Ao Vivo,9,15,13,Gustavo Mioto
16,spotify:track:3o4wcB1Y6xC62eF02n9RSZ,ELA PIROU NA DODGE RAM,13,13,8,Luan Pereira
17,spotify:track:4ASA1PZyWGbuc4d9N8OAcF,Eu Gosto Assim - Ao Vivo,5,16,13,Gustavo Mioto
18,spotify:track:51FFbyL0PjkYtjXJQP0JoP,Saudade da Minha Vida - Ao Vivo,5,17,13,Gusttavo Lima
19,spotify:track:7CUQQLRMIeSfa4m2uQcRHp,Rancorosa - Ao Vivo Em Brasília,18,19,7,Henrique & Juliano
20,spotify:track:156LKAN2oh16qflL5oz4tO,Os Bico Tão Se Perguntando (Let’s Go 3),17,20,4,MC PH
21,spotify:track:4f0aDk7HX37SfzerfznYlr,Lapada Dela - Ao Vivo,21,28,8,Grupo Menos É Mais
22,spotify:track:1L7hWEc3tVjvmbw48ShktM,Desejo Imortal (It Must Have Been Love) - Ao Vivo,18,18,4,Gusttavo Lima
23,spotify:track:7CJJ7JC3kj9XdweWTvfVhX,Vacilão,2,21,8,Zé Felipe
24,spotify:track:2BlFIe0712LBUtTHxbqjme,Love Gostosinho - Ao Vivo,17,23,13,NATTAN
25,spotify:track:5aqwwgL4XOv2YJYwLiqKOZ,A Culpa É Nossa - Ao Vivo,12,24,13,Maiara & Maraisa
26,spotify:track:7nFvKgVumc9FcU97zGjjei,Coração de Gelo,6,26,13,WIU
27,spotify:track:5WsM6qhZzRSD3oKbtorxzD,Aquecimento Senta Senta Suave,8,22,9,MC Kevin o Chris
28,spotify:track:235CP5ItAYMS6usv3C8jkP,DEUS É MUITO BOM - Ao Vivo,28,59,2,Luan Santana
29,spotify:track:3khLpwuyIjEOw8vfJ1oUIT,Papin,29,39,3,MC Kevin o Chris
30,spotify:track:7Ht57bh2FwiQLwRH9zqESG,085 - Ao Vivo,22,30,10,MC Rogerinho
31,spotify:track:2M4kQD87lKnAS9vFlb4Bez,Pactos - Ao Vivo,18,25,13,Matheus & Kauan
32,spotify:track:7sopDXkuzXtHt8AQpdBxmT,DONA DE MIM,20,27,13,Ana Castela
33,spotify:track:5TtTijiNYtFc6ktQARjY30,Preferida,31,34,6,KayBlack
34,spotify:track:0KXdSF0Poa57KOepZ3hKrh,Palhaça - Ao Vivo,21,32,13,Naiara Azevedo
35,spotify:track:5y7yYXNSsT89A27DQxbmUL,Covardia,28,33,6,Wesley Safadão
36,spotify:track:18yZLabAj1liqEUcgxDgeJ,Perdoou Nada - Ao Vivo,22,29,13,Israel & Rodolffo
37,spotify:track:6cZqw8wIrMsFxCNMzLRbNU,Metade De Mim - Ao Vivo,21,31,10,Hugo & Guilherme
38,spotify:track:5qOZbLAjBqInXwAECb9NRS,Clickbait,38,70,2,Veigh
39,spotify:track:2slHCHYP7ogpGSsCumJT1a,Fulano - Ao Vivo,39,42,6,Murilo Huff
40,spotify:track:5yscNPMHmhqHQX9B9GFzMp,Te Esqueci Sem Querer - Ao Vivo Em Brasília,40,44,3,Henrique & Juliano
41,spotify:track:6hu4HvpNzrW2RIEEAZC3vD,Segredo,41,48,6,KayBlack
42,spotify:track:3C99BfGe301JNp7BqTX5Uu,Média Boa - Ao Vivo,31,38,13,Felipe e Rodrigo
43,spotify:track:5AdPP30mjJCtBMyYKZUEU7,Assunto Delicado - Ao Vivo,27,36,13,Guilherme & Benuto
44,spotify:track:2orGm2E68ODFYOURjaES62,Felina,33,43,13,WIU
45,spotify:track:2hkwwmmLC90T8BQ7t3xufq,Roça Em Mim,14,37,13,Zé Felipe
46,spotify:track:1M6rclDhYmqRBMFGNJOFKB,Americana Na Vaquejada,45,45,4,Grandão Vaqueiro
47,spotify:track:1jHgfC8T5KxUyC5Ldw6lk9,Zona De Perigo,1,41,13,Leo Santana
48,spotify:track:4t6eam3rC9JoNFVkfOHK4s,Pátio do Posto - Ao Vivo,48,78,4,Zé Neto & Cristiano
49,spotify:track:5tk0ERnzadzyexVfXA0yed,Mec Life,49,54,4,DJ ESCOBAR
50,spotify:track:5geU4byUA1hnQofQPOsPDS,Sereia,37,53,13,Orochi
51,spotify:track:2D1YgoOgqGfEENCtsZNXMi,Vai Vendo,51,—,1,Anitta
52,spotify:track:3gCWngngUs1uojw33vrE8K,5 Regras - Ao Vivo,30,40,13,Jorge & Mateus
53,spotify:track:5Ubx4DpvVodvsGH9ilxPVi,Haja Colírio (feat. Hugo & Guilherme) - Ao Vivo,13,47,13,Guilherme & Benuto
54,spotify:track:77BR4gaUAp3p0uA8UL6HT9,Não Para,54,55,8,Belle Kaffer
55,spotify:track:2Vl7x4BkNhhJkEmQQMcV0V,Toma Tapa,34,56,13,Mc Jacaré
56,spotify:track:2X5o4nRiocnoaaQ2wMwaeC,Sorrisin De Puto,39,51,13,DJ Cayoo
57,spotify:track:2kBbHpJTc7MWs8F3XhClBD,Altas Loucurinhas (Uni Duni Tê) - Ao Vivo,15,49,13,Matheus Fernandes
58,spotify:track:0GgmNgZbpx4fdSLTqsGCPL,Privacidade - Ao Vivo,58,73,3,Matheus & Kauan
59,spotify:track:0AIA4KsMsyqur8FbTVhGNT,SOLTEIROU - Ao Vivo,17,52,13,Luan Santana
60,spotify:track:6dtQM0CXRFJgD7ifUNosZj,Desandei - Ao Vivo,60,—,1,Lauana Prado
61,spotify:track:5WGTBzRLbjj0Sm3Br8X1rI,Bandido Não Dança,36,58,13,Mc Paiva ZS
62,spotify:track:74Le949TrZk4zwDjtWzH23,Cavalo de Pau,54,57,13,Bruno & Denner
63,spotify:track:74myq4QbO9E8bTtLQuOWYY,Nu,63,95,2,Anitta
64,spotify:track:52EYWdjiulHaehpexuowyh,FOGO E GASOLINA,42,69,13,MC Cabelinho
65,spotify:track:0dcHD9QhnWRA41zoLnC83X,X1,58,68,13,MC Cabelinho
66,spotify:track:6eNRGL6Nkdg7RhJtmbcl0j,Luz do Luar,8,60,13,Mc Tato
67,spotify:track:0bBwi6ddYeTv5fXgHAdfiH,Evoque Prata,10,62,13,MC MENOR HR
68,spotify:track:0P0k5KoLcxi0kf1jik4v8X,Deixa Eu Viver - Ao Vivo,68,94,2,Mari Fernandez
69,spotify:track:2tFmuYL5D8zqBHvs0nG5Tn,Bonjour,43,75,11,KayBlack
70,spotify:track:5pBU3Yihoa4hiwQ2T5fGhH,Esse B.O é Meu - Ao Vivo,28,61,13,Guilherme & Benuto
71,spotify:track:21XQbePSeOSvfuLRaZbZ7a,Mas Existe um Lugar - speed,41,63,5,Cryzin
72,spotify:track:7aZnuwpivaj4N7XFhhqBiO,Love Absurdo,47,64,12,Mari Fernandez
73,spotify:track:5ffDENIdtByAZxHpuuj9li,Vida Chique,49,72,10,Veigh
74,spotify:track:5btDKzAsFh975NSWxwBHRc,Coisas Que Eu Sei,50,50,3,Felipe Amorim
75,spotify:track:1ACALdBWViTpLBC14Ecv8E,Namora Aí,19,67,13,MC Ryan SP
76,spotify:track:3YQvZNmRc2y1hgdvustkce,MINHA CURA,71,88,11,MC Cabelinho
77,spotify:track:5H3m39zgDfXU2bFVA3e2YQ,TE ENCONTREI,77,—,1,MC Cabelinho
78,spotify:track:6Zw25LRLP0j0MsezDFIUM4,Mal Feito - Ao Vivo,56,65,13,Hugo & Guilherme
79,spotify:track:4mD9hjoTckjeL1CrJCx0MT,Puta Mexicana,16,74,13,DJ Jeeh FDC
80,spotify:track:3O2wrDL7nnSDZOrdZqxyoY,Noite Fria,27,66,9,Mc IG
81,spotify:track:0AXfTPzrAMfHchWf2aOVfA,Whisky Vagabund0 - Ao Vivo,56,100,3,Lauana Prado
82,spotify:track:1OZ4uv7OAP24Ix6j3vojLt,Casei Com a Putaria,42,80,13,Mc Paiva ZS
83,spotify:track:1JQ1ylL2JEjC6Ib7IJgOvS,Coração Amoleceu,65,79,13,Mc Don Juan
84,spotify:track:4tuFNhM69UakXdPg4RrNvp,Deus Perdoa,45,91,7,Filipe Ret
85,spotify:track:4hdgOWO8h066Tr1fgdzNi5,Welcome To The Mato,85,—,1,Marco Brasil Filho
86,spotify:track:1HU7u7ceqY0n7iFhXSFhBN,Amor Sem Compromisso - Ao Vivo,86,—,1,Mari Fernandez
87,spotify:track:4IjXsEmEJI6UhpFUmCPa10,Fim Do Mundo - Ao Vivo,61,83,5,Gustavo Mioto
88,spotify:track:4kAMyuJBbmJrbr6TLOWbEk,Beijo de Glicose - Ao Vivo,41,71,13,Diego & Victor Hugo
89,spotify:track:1TgVaCf8D5mXZrK1d7uIZe,Bebê Tá Solta,55,84,9,Yuri Redicopa
90,spotify:track:4DHcnVTT87F0zZhRPYmZ3B,Flowers,43,87,13,Miley Cyrus
91,spotify:track:11fqunD6qlOCrRd88kMOk6,Evento Cancelado - Ao Vivo,68,76,13,Henrique & Juliano
92,spotify:track:5lhoo6QYhXLYbUj3QkjWN7,Onlyfans,51,—,1,DJ Lg do Sf
93,spotify:track:2YT8DZ2sF0LFRNwu9b8s5L,Erro Que dá Certo,93,—,1,Thiago Aquino
94,spotify:track:36msBnH60GyWof23sMdQSL,Me Bloqueia - Ao Vivo,94,—,1,Zé Neto & Cristiano
95,spotify:track:3S9D3cgLd2LvPG77cOOrJC,Cancelado,76,—,1,Fernando & Sorocaba
96,spotify:track:7aOBf2xYbux3bo1fwISo6b,BEM MELHOR,96,—,1,MC Cabelinho
97,spotify:track:7AwVSKaQxpidrtYBerkHKk,Pipoco,53,89,6,Ana Castela
98,spotify:track:4qDT0BeJ7BjatrN9k8AvB4,Flow Espacial,23,90,2,Teto
99,spotify:track:5VffaPUW07vcPADu1PTKjE,Chorando Sem Ver - Ao Vivo,99,—,1,Felipe e Rodrigo
100,spotify:track:4pjznsLeoyimnxGlVpmyJI,NÉ SEGREDO,74,—,1,MC Cabelinho
