rank,uri,track_name,peak,prev,streak,artist_names
1,spotify:track:4ASA1PZyWGbuc4d9N8OAcF,Eu Gosto Assim - Ao Vivo,1,1,8,Gustavo Mioto
2,spotify:track:1ELsaYdj2NlxLvkx9g24xZ,Haja Colírio (feat. Hugo & Guilherme) - Ao Vivo,1,2,20,Guilherme & Benuto
3,spotify:track:3yHXEidSu4gYVRqKoI653O,Assunto Delicado - Ao Vivo,2,3,12,Guilherme & Benuto
4,spotify:track:6gyhp7IcNhTYzwlk8utsgP,Beijo de Glicose - Ao Vivo,4,4,10,Diego & Victor Hugo
5,spotify:track:1OZ4uv7OAP24Ix6j3vojLt,Casei Com a Putaria,2,6,16,Mc Paiva ZS
6,spotify:track:7LUZT12r4xmwR1Kh8TJgjv,Ex dos Meus Sonhos - Ao Vivo,5,5,5,Gusttavo Lima
7,spotify:track:3gCWngngUs1uojw33vrE8K,5 Regras - Ao Vivo,4,7,15,Jorge & Mateus
8,spotify:track:2orGm2E68ODFYOURjaES62,Felina,8,8,6,WIU
9,spotify:track:2M4kQD87lKnAS9vFlb4Bez,Pactos - Ao Vivo,9,11,4,Matheus & Kauan
10,spotify:track:1597vvneWf0zoQrg2D8yH6,Evoque Prata,10,53,2,MC MENOR HR
11,spotify:track:6Zw25LRLP0j0MsezDFIUM4,Mal Feito - Ao Vivo,1,9,43,Hugo & Guilherme
12,spotify:track:5vC8UAOHeG95ehRzZChniB,Ai Preto,1,10,21,L7NNON
13,spotify:track:4NNZZXHgn9F3cCgC1YGmLl,Todo Seu - Ao Vivo,7,12,27,Jorge & Mateus
14,spotify:track:2qmG7dokbGpDGD0T5wORWt,Balanço da Rede,1,14,33,Matheus Fernandes
15,spotify:track:7qoIhutxU269Zqo9PG5IOj,Poesia Acústica 13,9,18,8,Pineapple StormTv
16,spotify:track:6gEOM9IEBzvTdbwNrSkBdC,Fala Mal de Mim - Ao Vivo,3,13,18,Gusttavo Lima
17,spotify:track:4UldILPVpnZO69ffK4B9aA,Tubarão Te Amo,15,15,5,Dj LK da Escócia
18,spotify:track:7bhvRvE56NHBvedx0EeALS,Comunicação Falhou - Ao Vivo,14,16,24,Mari Fernandez
19,spotify:track:2ykYxd8UGHOsdjP3Z5jSHh,Cheiro de Balada - Ao Vivo,6,17,14,Hugo & Guilherme
20,spotify:track:4xxeEWGQNFQ6qehlnev5LS,Te Amo Demais,5,21,16,Marília Mendonça
21,spotify:track:2HMbGPbGiqGaHXzFkQAmZI,Basiquinho - Ao Vivo,15,20,14,Matheus & Kauan
22,spotify:track:7AwVSKaQxpidrtYBerkHKk,Pipoco,1,19,22,Ana Castela
23,spotify:track:0i4UV3HjjvsUuV3BajEXoD,Baile no Morro,1,24,21,MC Tairon
24,spotify:track:4vWh6tEfcLzdvYWp2IlOJS,CORAÇÃO CIGANO - Ao Vivo,4,22,13,Luan Santana
25,spotify:track:4cxQWmXmmbFoWvV8qipQTe,Perfeito Pra Ficar Sozinho - Ao Vivo,22,23,14,Murilo Huff
26,spotify:track:6bwx7pcKJY05D9S6CVa1k6,Nem Namorado e Nem Ficante - Ao Vivo | Faixa Bônus,21,25,24,Israel & Rodolffo
27,spotify:track:0XyPPyGes0omXppV5YE8gy,Gostosinha é Ela,27,36,13,Felipe Amorim
28,spotify:track:5PSkF3QpVMlAx8U5Inxj39,Vento Forte,5,26,17,Mc Jacaré
29,spotify:track:04vzhKfl5HtPEgrdZJCZ7L,Bagulho Louco,29,32,15,Mc Paiva ZS
30,spotify:track:4x5q5T5mhE1xvoCVXY6qrN,Melodia Alucinógena,11,27,14,DJ AK BR
31,spotify:track:4o6v3Oooyt7HF20idztRD4,Bombonzinho - Ao Vivo,31,—,1,Israel & Rodolffo
32,spotify:track:3XF598RmEUF3XW4XKo1lyP,Meu Número - Ao Vivo,15,28,30,Hugo & Guilherme
33,spotify:track:42nZBOwXNdO24Ml032bLBS,Gatilho - Ao Vivo,14,29,34,Matheus & Kauan
34,spotify:track:3nqQXoyQOWXiESFLlDF1hG,Unholy (feat. Kim Petras),26,31,7,Sam Smith
35,spotify:track:6TnCI16uLWhyQCrHva9VWj,Te Love - Ao Vivo,30,30,7,Kevi Jonny
36,spotify:track:0dcHD9QhnWRA41zoLnC83X,X1,36,37,20,MC Cabelinho
37,spotify:track:1K8AtBJXcdq5mywMnZuARP,Termina Comigo Antes,1,34,32,Gusttavo Lima
38,spotify:track:4QWumyD2uwiePBBha9XBHI,No Ouvidinho,2,35,32,Felipe Amorim
39,spotify:track:0jAAnWNbcHf6X1EXOtvOT7,Incendeia,16,39,17,MC Kevin o Chris
40,spotify:track:5mJFh4iRzgmWuEVPG8257V,Quem Não Conhece Tá Sem Internet,40,43,7,MC Marks
41,spotify:track:6Ulh9GPYz6JKdv04qc3q2U,Dengo,5,38,26,João Gomes
42,spotify:track:11fqunD6qlOCrRd88kMOk6,Evento Cancelado - Ao Vivo,18,45,25,Henrique & Juliano
43,spotify:track:4pjznsLeoyimnxGlVpmyJI,NÉ SEGREDO,43,51,6,MC Cabelinho
44,spotify:track:0MKd4uZd8Ag8qyReZBTarP,Pino da Granada - Ao Vivo em Rio Preto,33,44,24,Murilo Huff
45,spotify:track:2PtpfX7sX870xeOfdTMyx2,Meus Vícios - Ao Vivo,45,58,7,Guilherme & Benuto
46,spotify:track:2TdOWHAolNaQx8gyRDVS1N,ERRO PLANEJADO - Ao Vivo,3,42,30,Luan Santana
47,spotify:track:7qD2vjd3btuOgwpQPEY7ci,EU VOU COM CARINHO ELA QUER COM FORÇA,6,46,25,Mc Don Juan
48,spotify:track:1t5dhHyXMwdbAcI3EQRqFV,Meio Fio - Ao Vivo,47,47,14,Diego & Victor Hugo
49,spotify:track:0BWEkqsmPe3qOzrRVztHU3,Acabei de Terminar - Ao Vivo,19,40,28,Paulo e Nathan
50,spotify:track:3IMLoeLerS7TMpKjxUgAhx,Arranhão - Ao Vivo,1,52,56,Henrique & Juliano
51,spotify:track:3ShKPhFkexrwl7WoyTtNND,Tchuco Nela,7,50,29,MC Rogerinho
52,spotify:track:5TPXcKSOlPaz2pkYbWiWHU,Ai Eu Chorei - Ao Vivo,32,48,18,Clayton & Romário
53,spotify:track:4a0sqvCBo7aRIS4GzBQpnp,Kikando e Me Olhando,10,54,31,MC Braz
54,spotify:track:6bTdZ7xfKp3NqqADJ8HLyj,Vampiro,9,61,32,Matuê
55,spotify:track:0tM4J8aID6qYZOE3e14sCj,Acordo - Ao Vivo,16,55,55,Henrique & Juliano
56,spotify:track:2wSCalnGOnXdAJC0Fn8OUY,Vai Lá Em Casa Hoje,1,62,55,George Henrique & Rodrigo
57,spotify:track:5PZAbR6JHYYV9xp5gv0XES,Bandido,1,49,21,Zé Felipe
58,spotify:track:2YAOJkRWy382bRMXaj48FP,Esse B.O é Meu - Ao Vivo,58,—,1,Guilherme & Benuto
59,spotify:track:77UrDaIQq6JZIJWeLgJaRf,Sereia,59,—,1,Orochi
60,spotify:track:2ebFBmle5uXcdbrCAOvPcZ,Vagabundo Chora - Ao Vivo,17,56,39,Guilherme & Benuto
61,spotify:track:4Dvkj6JhhA12EX05fT7y2e,As It Was,31,63,32,Harry Styles
62,spotify:track:4eoqnVPLzROP9tDxcFQAAK,Alimentando Vontade,55,57,3,Zé Neto & Cristiano
63,spotify:track:3ITkrUvAA6gzxer2UIom3P,Molhando o Volante,6,59,48,Jorge & Mateus
64,spotify:track:25rz3D4oroFC0GXm3xFXnG,Tem Cabaré Essa Noite,14,60,17,Nivaldo Marques
65,spotify:track:4QQTPEwqE4Aq7LXSyIgSci,Primeiro Beck Ela Me Mamou,31,41,9,Mc Kitinho
66,spotify:track:3euydCfGHLFjuwHA7G7AUJ,Aqui Na Parma Tu Vem Pra Fuder,65,65,2,DJ CIRILO DE CAXIAS
67,spotify:track:4qsOrxBv09HhNSpsgMRXdC,Esqueça-Me Se For Capaz,1,82,56,Marília Mendonça
68,spotify:track:3o5LmE0gNsEBwz7VCmc3bV,Problemão - Ao Vivo,68,83,2,Hugo & Vitor
69,spotify:track:14JKzKrJbPDflw8XyATMey,A Maior Saudade - Ao Vivo,6,66,56,Henrique & Juliano
70,spotify:track:5TGkZGCUoV1zvFxQOIQM5O,Reverse,70,86,3,HITMAKER
71,spotify:track:1dMyIigB6MDsfD3xuG6TbO,Média Boa - Ao Vivo,68,68,4,Felipe e Rodrigo
72,spotify:track:3EM71GPnUGJ75uDhkH77pq,Insônia - Ao Vivo,50,74,11,LUDMILLA
73,spotify:track:0V3wPSX9ygBnCm8psDIegu,Anti-Hero,37,64,3,Taylor Swift
74,spotify:track:7woVi4HBuv0rsO98Ox2Fcq,Doce Veneno,72,78,4,Mc Paiva ZS
75,spotify:track:7HdWqZjUmIHK5B8zwPCRds,Áudio Que Te Entrega - Faixa Bônus,25,70,27,Leo Santana
76,spotify:track:5fstoJBdyj9Yvhe4W5hmEP,Set Wesley Alemão,59,72,9,Dj GM
77,spotify:track:4aoZBldNDVYmTwmeoI49ud,O Poder Dessa Garota,52,76,21,Mc Gabzin
78,spotify:track:5A35xC90Nk6tXmcOAOOavi,ABALO EMOCIONAL - Ao Vivo,4,73,40,Luan Santana
79,spotify:track:5IcPYzR2bkS4W3MabMpi4Z,Melhor Ser uma Saudade,10,80,41,Zé Neto & Cristiano
80,spotify:track:3ZtHHGpAPSWC7Gnios4lmK,Metflix,38,91,16,Mc Poze do Rodo
81,spotify:track:4uUG5RXrOk84mYEfFvj3cK,I'm Good (Blue),63,79,7,David Guetta
82,spotify:track:7yYrG1nIPeZdLoA9tfU8LL,Boca de Mel,76,87,9,Mc Jacaré
83,spotify:track:1xzi1Jcr7mEi9K2RfzLOqS,CUFF IT,82,84,5,Beyoncé
84,spotify:track:3imzmQM2DPPVBLMiBBexRL,202,44,85,11,Kweller
85,spotify:track:6QP9bF0ZypxoyQotcgl25J,Saudade Fudida - Ao Vivo,65,75,5,Gusttavo Lima
86,spotify:track:7fzgTaVhUxmEzjtcd9NdWo,Cê Tá Preparada - Ao Vivo,14,90,56,Tayrone
87,spotify:track:5IgjP7X4th6nMNDh4akUHb,Under The Influence,87,99,4,Chris Brown
88,spotify:track:0K3u2t8YNuJ5NR9lKC1frv,AMEIANOITE,71,71,2,Pabllo Vittar
89,spotify:track:0yDMhYTryvQoR634wDgQ1j,O Fim é Triste (feat. DJ BOY),63,93,19,MC Hariel
90,spotify:track:28m65cMH7QXHzFnZSTtNHY,Não Sei o Que Lá,30,—,1,Marília Mendonça
91,spotify:track:30rrBGpna63eIJ2BrXlWDC,Minha Cópia Atual - Ao Vivo,50,95,32,Henrique & Juliano
92,spotify:track:5lCAtKxkZL6tFDyGX9t87j,Eu Já Tava Bem - Ao Vivo,18,96,49,Wesley Safadão
93,spotify:track:48LEhRW4gLMCVSYFEZvt8b,Assume a Gente - Ao Vivo,31,81,32,João Bosco e Gabriel
94,spotify:track:2bWVxK5GlPtS4D3FcLjGgQ,Cara da Derrota - Ao Vivo,64,77,5,Gusttavo Lima
95,spotify:track:6nkoWsFZeFt5dUdNmlIceh,Bloqueado - Ao Vivo,2,88,50,Gusttavo Lima
96,spotify:track:5etfNcFAD9M8uibXpYMxfQ,Tu Tava Na Revoada - Ao Vivo,30,89,23,Wesley Safadão
97,spotify:track:32VQZLCxicDl0Up6hHxCsm,Cuida da Sua Vida,97,—,1,George Henrique & Rodrigo
98,spotify:track:2zpiccjPSl315SqthyDf9j,Na Movimentação (feat. Faixa Rosa),85,—,1,Mc Livinho
99,spotify:track:3sd2p4kE7xQmFH3lPnFl6h,sentaDONA (Remix) s2,1,92,34,Davi Kneip
100,spotify:track:4GOs8fPjp4M9CBHanTMwsQ,Seu Perfil - Ao Vivo,81,—,1,Henrique & Juliano
