rank,uri,track_name,peak,prev,streak,artist_names
1,spotify:track:1ELsaYdj2NlxLvkx9g24xZ,Haja Colírio (feat. Hugo & Guilherme) - Ao Vivo,1,1,13,Guilherme & Benuto
2,spotify:track:1OZ4uv7OAP24Ix6j3vojLt,Casei Com a Putaria,2,2,9,Mc Paiva ZS
3,spotify:track:6gEOM9IEBzvTdbwNrSkBdC,Fala Mal de Mim - Ao Vivo,3,4,11,Gusttavo Lima
4,spotify:track:7AwVSKaQxpidrtYBerkHKk,Pipoco,1,3,15,Ana Castela
5,spotify:track:3gCWngngUs1uojw33vrE8K,5 Regras - Ao Vivo,5,7,8,Jorge & Mateus
6,spotify:track:5vC8UAOHeG95ehRzZChniB,Ai Preto,1,5,14,L7NNON
7,spotify:track:4vWh6tEfcLzdvYWp2IlOJS,CORAÇÃO CIGANO - Ao Vivo,4,6,6,Luan Santana
8,spotify:track:2ykYxd8UGHOsdjP3Z5jSHh,Cheiro de Balada - Ao Vivo,8,8,7,Hugo & Guilherme
9,spotify:track:4xxeEWGQNFQ6qehlnev5LS,Te Amo Demais,5,9,9,Marília Mendonça
10,spotify:track:6Zw25LRLP0j0MsezDFIUM4,Mal Feito - Ao Vivo,1,10,36,Hugo & Guilherme
11,spotify:track:4NNZZXHgn9F3cCgC1YGmLl,Todo Seu - Ao Vivo,7,11,20,Jorge & Mateus
12,spotify:track:4x5q5T5mhE1xvoCVXY6qrN,Melodia Alucinógena,11,12,7,DJ AK BR
13,spotify:track:5PSkF3QpVMlAx8U5Inxj39,Vento Forte,5,13,10,Mc Jacaré
14,spotify:track:0i4UV3HjjvsUuV3BajEXoD,Baile no Morro,1,14,14,MC Tairon
15,spotify:track:1K8AtBJXcdq5mywMnZuARP,Termina Comigo Antes,1,15,25,Gusttavo Lima
16,spotify:track:42nZBOwXNdO24Ml032bLBS,Gatilho - Ao Vivo,14,17,27,Matheus & Kauan
17,spotify:track:2HMbGPbGiqGaHXzFkQAmZI,Basiquinho - Ao Vivo,17,18,7,Matheus & Kauan
18,spotify:track:3yHXEidSu4gYVRqKoI653O,Assunto Delicado - Ao Vivo,18,28,5,Guilherme & Benuto
19,spotify:track:2qmG7dokbGpDGD0T5wORWt,Balanço da Rede,1,16,26,Matheus Fernandes
20,spotify:track:7bhvRvE56NHBvedx0EeALS,Comunicação Falhou - Ao Vivo,19,19,17,Mari Fernandez
21,spotify:track:6bwx7pcKJY05D9S6CVa1k6,Nem Namorado e Nem Ficante - Ao Vivo | Faixa Bônus,21,22,17,Israel & Rodolffo
22,spotify:track:0jAAnWNbcHf6X1EXOtvOT7,Incendeia,16,20,10,MC Kevin o Chris
23,spotify:track:4cxQWmXmmbFoWvV8qipQTe,Perfeito Pra Ficar Sozinho - Ao Vivo,23,24,7,Murilo Huff
24,spotify:track:7dG9DMiqxz365ItjlsRGMQ,Acabei de Terminar - Ao Vivo,19,23,21,Paulo e Nathan
25,spotify:track:3XF598RmEUF3XW4XKo1lyP,Meu Número - Ao Vivo,15,26,23,Hugo & Guilherme
26,spotify:track:2TdOWHAolNaQx8gyRDVS1N,ERRO PLANEJADO - Ao Vivo,3,27,23,Luan Santana
27,spotify:track:5PZAbR6JHYYV9xp5gv0XES,Bandido,1,21,14,Zé Felipe
28,spotify:track:6gyhp7IcNhTYzwlk8utsgP,Beijo de Glicose - Ao Vivo,28,32,3,Diego & Victor Hugo
29,spotify:track:4QWumyD2uwiePBBha9XBHI,No Ouvidinho,2,25,25,Felipe Amorim
30,spotify:track:3ITkrUvAA6gzxer2UIom3P,Molhando o Volante,6,30,41,Jorge & Mateus
31,spotify:track:4a0sqvCBo7aRIS4GzBQpnp,Kikando e Me Olhando,10,29,24,MC Braz
32,spotify:track:7qD2vjd3btuOgwpQPEY7ci,EU VOU COM CARINHO ELA QUER COM FORÇA,6,31,18,Mc Don Juan
33,spotify:track:0XyPPyGes0omXppV5YE8gy,Gostosinha é Ela,33,34,6,Felipe Amorim
34,spotify:track:5TPXcKSOlPaz2pkYbWiWHU,Ai Eu Chorei - Ao Vivo,32,33,11,Clayton & Romário
35,spotify:track:2wSCalnGOnXdAJC0Fn8OUY,Vai Lá Em Casa Hoje,1,36,48,George Henrique & Rodrigo
36,spotify:track:0MKd4uZd8Ag8qyReZBTarP,Pino da Granada - Ao Vivo em Rio Preto,33,41,17,Murilo Huff
37,spotify:track:25rz3D4oroFC0GXm3xFXnG,Tem Cabaré Essa Noite,14,35,10,Nivaldo Marques
38,spotify:track:3ShKPhFkexrwl7WoyTtNND,Tchuco Nela,7,37,22,MC Rogerinho
39,spotify:track:5A35xC90Nk6tXmcOAOOavi,ABALO EMOCIONAL - Ao Vivo,4,42,33,Luan Santana
40,spotify:track:04vzhKfl5HtPEgrdZJCZ7L,Bagulho Louco,40,46,8,Mc Paiva ZS
41,spotify:track:6Ulh9GPYz6JKdv04qc3q2U,Dengo,5,38,19,João Gomes
42,spotify:track:3sd2p4kE7xQmFH3lPnFl6h,sentaDONA (Remix) s2,1,40,27,Davi Kneip
43,spotify:track:0dcHD9QhnWRA41zoLnC83X,X1,40,49,13,MC Cabelinho
44,spotify:track:7KWKWJnbGJ3Soag6Oopion,CACHORRINHAS,12,39,10,Luísa Sonza
45,spotify:track:6bTdZ7xfKp3NqqADJ8HLyj,Vampiro,9,45,25,Matuê
46,spotify:track:2ebFBmle5uXcdbrCAOvPcZ,Vagabundo Chora - Ao Vivo,17,44,32,Guilherme & Benuto
47,spotify:track:4Dvkj6JhhA12EX05fT7y2e,As It Was,31,47,25,Harry Styles
48,spotify:track:0tM4J8aID6qYZOE3e14sCj,Acordo - Ao Vivo,16,52,48,Henrique & Juliano
49,spotify:track:3imzmQM2DPPVBLMiBBexRL,202,44,48,4,Kweller
50,spotify:track:4NFkcqZ3jU2O9rgEbuluVn,Bafora o Lança - Remix,32,43,6,Mario Mc
51,spotify:track:3IMLoeLerS7TMpKjxUgAhx,Arranhão - Ao Vivo,1,55,49,Henrique & Juliano
52,spotify:track:6nkoWsFZeFt5dUdNmlIceh,Bloqueado - Ao Vivo,2,54,43,Gusttavo Lima
53,spotify:track:3EM71GPnUGJ75uDhkH77pq,Insônia - Ao Vivo,50,50,4,LUDMILLA
54,spotify:track:11fqunD6qlOCrRd88kMOk6,Evento Cancelado - Ao Vivo,18,56,18,Henrique & Juliano
55,spotify:track:4aoZBldNDVYmTwmeoI49ud,O Poder Dessa Garota,52,53,14,Mc Gabzin
56,spotify:track:5lCAtKxkZL6tFDyGX9t87j,Eu Já Tava Bem - Ao Vivo,18,51,42,Wesley Safadão
57,spotify:track:6Lk3kU7JcQ5dZ7jbmhJzQN,Melhor Ser uma Saudade,10,58,34,Zé Neto & Cristiano
58,spotify:track:1XcmAgREOuJQb91sr68AAD,Sentadinha Diferente,47,57,9,Dyamante DJ
59,spotify:track:5fstoJBdyj9Yvhe4W5hmEP,Set Wesley Alemão,59,64,2,Dj GM
60,spotify:track:1t5dhHyXMwdbAcI3EQRqFV,Meio Fio - Ao Vivo,60,60,7,Diego & Victor Hugo
61,spotify:track:4QQTPEwqE4Aq7LXSyIgSci,Primeiro Beck Ela Me Mamou,61,77,2,Mc Kitinho
62,spotify:track:75fCsUnTiDelE4HMd06t4O,Gostosinho Tu Cai,17,59,21,Mc Pepeu
63,spotify:track:48LEhRW4gLMCVSYFEZvt8b,Assume a Gente - Ao Vivo,31,61,25,João Bosco e Gabriel
64,spotify:track:14JKzKrJbPDflw8XyATMey,A Maior Saudade - Ao Vivo,6,66,49,Henrique & Juliano
65,spotify:track:7HdWqZjUmIHK5B8zwPCRds,Áudio Que Te Entrega - Faixa Bônus,25,63,20,Leo Santana
66,spotify:track:4qsOrxBv09HhNSpsgMRXdC,Esqueça-Me Se For Capaz,1,68,49,Marília Mendonça
67,spotify:track:7qoIhutxU269Zqo9PG5IOj,Poesia Acústica 13,67,—,1,Pineapple StormTv
68,spotify:track:7fzgTaVhUxmEzjtcd9NdWo,Cê Tá Preparada - Ao Vivo,14,70,49,Tayrone
69,spotify:track:3lQnTQFBxk1HMsj8aa4syY,Virando o Olhinho,63,69,10,Kadu Martins
70,spotify:track:2VbKpQWIMRelKmEy8rSCAf,Set Tatuapé Conceito 2,70,71,7,Mc Kako
71,spotify:track:5etfNcFAD9M8uibXpYMxfQ,Tu Tava Na Revoada - Ao Vivo,30,67,16,Wesley Safadão
72,spotify:track:28m65cMH7QXHzFnZSTtNHY,Não Sei o Que Lá,30,76,46,Marília Mendonça
73,spotify:track:7qq40cRIYNKZCDt1STfBqt,"Bruna, Tu Já Parou Pra Pensar",68,72,11,Niack
74,spotify:track:0roEMqT0P7Z82rJTwcID3Z,Felicidade Dela - Ao Vivo,33,79,26,Hugo & Guilherme
75,spotify:track:4NJKCE1TBC653P3dCnto0u,Simplesmente Ela,21,73,26,Mc Gabzin
76,spotify:track:4ASA1PZyWGbuc4d9N8OAcF,Eu Gosto Assim - Ao Vivo,76,—,1,Gustavo Mioto
77,spotify:track:0yDMhYTryvQoR634wDgQ1j,O Fim é Triste (feat. DJ BOY),63,78,12,MC Hariel
78,spotify:track:3ZtHHGpAPSWC7Gnios4lmK,Metflix,38,62,9,Mc Poze do Rodo
79,spotify:track:30rrBGpna63eIJ2BrXlWDC,Minha Cópia Atual - Ao Vivo,50,83,25,Henrique & Juliano
80,spotify:track:2LEV3lTRxKqLBfmt5BWkLj,Não Pega Ninguém Ainda (Ao Vivo),13,75,16,Gusttavo Lima
81,spotify:track:7afaZ37wJJL6880z1NRgJS,Fim de Semana no Rio,17,74,25,Teto
82,spotify:track:130HVxaVe9EYcLJmuOR9Rw,Até A Próxima Vida - Ao Vivo,67,81,15,Henrique & Juliano
83,spotify:track:7yYrG1nIPeZdLoA9tfU8LL,Boca de Mel,83,87,2,Mc Jacaré
84,spotify:track:3YvE7uo4ffseBoJPh8IhHp,Presepada,4,85,46,Marília Mendonça
85,spotify:track:72g37RoelSnovZakG5MwnF,Parada Louca,9,80,44,Mari Fernandez
86,spotify:track:2gkKA2pRAsMzbiGPo9gxsc,Água Nos Zói - Ao Vivo,26,89,49,Clayton & Romário
87,spotify:track:2zpiccjPSl315SqthyDf9j,Na Movimentação (feat. Faixa Rosa),85,91,4,Mc Livinho
88,spotify:track:20yfr4F5QmZ5V3Cu1Rx4Kp,Elevador - Ao Vivo,82,86,8,Lauana Prado
89,spotify:track:3AJwUDP919kvQ9QcozQPxg,Yellow,65,65,2,Coldplay
90,spotify:track:3xt7v3bMNnQ8ie8RjhmkX2,Imagina A Sentada - Ao Vivo,16,90,38,Matheus & Kauan
91,spotify:track:5J4QAC3dpP9EfR90MObl62,Fala Alguma Coisa - Ao Vivo,83,88,3,Paulo e Nathan
92,spotify:track:4can6ssapSsRCEbZZfYL8K,Poesia Acústica 12 - Pra Sempre,34,—,1,Pineapple StormTv
93,spotify:track:2johnzqTeIdgF1kUV4Yaeo,Me Chama de Amor,35,84,19,O Tubarão
94,spotify:track:1TyxXIXVVpHwhKaF73z8nw,Rasteira - Ao Vivo,42,99,5,Henrique & Juliano
95,spotify:track:4grGI2vFnknrfmHT1JOVFU,Tesão Da Madrugada - Ao Vivo,30,94,6,George Henrique & Rodrigo
96,spotify:track:7HjZD0NPC1hzFpjUjo45GR,Me Sinto Abençoado,36,100,41,Mc Poze do Rodo
97,spotify:track:17QN5kFprJqHdHLMj7hz4s,Ficha Limpa - Ao Vivo,11,93,3,Gusttavo Lima
98,spotify:track:6BF3nZQkAg9qvE0DLVSfyH,Hotel Caro,21,97,15,Baco Exu do Blues
99,spotify:track:7pvrsbBKUQI2QmA74WCJa5,Ela e Ela,6,98,49,Zé Neto & Cristiano
100,spotify:track:7v3BTjWrmUYjaGiVHVVhCK,Na Rebolada,84,92,5,Os Quebradeiras
