rank,uri,track_name,peak,prev,streak,artist_names
1,spotify:track:1ELsaYdj2NlxLvkx9g24xZ,Haja Colírio (feat. Hugo & Guilherme) - Ao Vivo,1,1,11,Guilherme & Benuto
2,spotify:track:7AwVSKaQxpidrtYBerkHKk,Pipoco,1,2,13,Ana Castela
3,spotify:track:6gEOM9IEBzvTdbwNrSkBdC,Fala Mal de Mim - Ao Vivo,3,5,9,Gusttavo Lima
4,spotify:track:1OZ4uv7OAP24Ix6j3vojLt,Casei Com a Putaria,3,3,7,Mc Paiva ZS
5,spotify:track:4vWh6tEfcLzdvYWp2IlOJS,CORAÇÃO CIGANO - Ao Vivo,4,4,4,Luan Santana
6,spotify:track:5vC8UAOHeG95ehRzZChniB,Ai Preto,1,6,12,L7NNON
7,spotify:track:4xxeEWGQNFQ6qehlnev5LS,Te Amo Demais,5,7,7,Marília Mendonça
8,spotify:track:4NNZZXHgn9F3cCgC1YGmLl,Todo Seu - Ao Vivo,7,9,18,Jorge & Mateus
9,spotify:track:6Zw25LRLP0j0MsezDFIUM4,Mal Feito - Ao Vivo,1,10,34,Hugo & Guilherme
10,spotify:track:5PSkF3QpVMlAx8U5Inxj39,Vento Forte,5,8,8,Mc Jacaré
11,spotify:track:4x5q5T5mhE1xvoCVXY6qrN,Melodia Alucinógena,11,12,5,DJ AK BR
12,spotify:track:0i4UV3HjjvsUuV3BajEXoD,Baile no Morro,1,11,12,MC Tairon
13,spotify:track:2ykYxd8UGHOsdjP3Z5jSHh,Cheiro de Balada - Ao Vivo,13,13,5,Hugo & Guilherme
14,spotify:track:1K8AtBJXcdq5mywMnZuARP,Termina Comigo Antes,1,14,23,Gusttavo Lima
15,spotify:track:2qmG7dokbGpDGD0T5wORWt,Balanço da Rede,1,16,24,Matheus Fernandes
16,spotify:track:42nZBOwXNdO24Ml032bLBS,Gatilho - Ao Vivo,14,15,25,Matheus & Kauan
17,spotify:track:3gCWngngUs1uojw33vrE8K,5 Regras - Ao Vivo,17,29,6,Jorge & Mateus
18,spotify:track:0jAAnWNbcHf6X1EXOtvOT7,Incendeia,16,17,8,MC Kevin o Chris
19,spotify:track:7bhvRvE56NHBvedx0EeALS,Comunicação Falhou - Ao Vivo,19,21,15,Mari Fernandez
20,spotify:track:5PZAbR6JHYYV9xp5gv0XES,Bandido,1,18,12,Zé Felipe
21,spotify:track:3jPp5Aukksz9Ir0gZy6lZM,Acabei de Terminar - Ao Vivo,19,19,19,Paulo e Nathan
22,spotify:track:6bwx7pcKJY05D9S6CVa1k6,Nem Namorado e Nem Ficante - Ao Vivo | Faixa Bônus,21,22,15,Israel & Rodolffo
23,spotify:track:4QWumyD2uwiePBBha9XBHI,No Ouvidinho,2,30,23,Felipe Amorim
24,spotify:track:4cxQWmXmmbFoWvV8qipQTe,Perfeito Pra Ficar Sozinho - Ao Vivo,24,24,5,Murilo Huff
25,spotify:track:3XF598RmEUF3XW4XKo1lyP,Meu Número - Ao Vivo,15,23,21,Hugo & Guilherme
26,spotify:track:2TdOWHAolNaQx8gyRDVS1N,ERRO PLANEJADO - Ao Vivo,3,20,21,Luan Santana
27,spotify:track:25rz3D4oroFC0GXm3xFXnG,Tem Cabaré Essa Noite,14,25,8,Nivaldo Marques
28,spotify:track:4a0sqvCBo7aRIS4GzBQpnp,Kikando e Me Olhando,10,26,22,MC Braz
29,spotify:track:2HMbGPbGiqGaHXzFkQAmZI,Basiquinho - Ao Vivo,29,40,5,Matheus & Kauan
30,spotify:track:7qD2vjd3btuOgwpQPEY7ci,EU VOU COM CARINHO ELA QUER COM FORÇA,6,27,16,Mc Don Juan
31,spotify:track:3ITkrUvAA6gzxer2UIom3P,Molhando o Volante,6,32,39,Jorge & Mateus
32,spotify:track:5TPXcKSOlPaz2pkYbWiWHU,Ai Eu Chorei - Ao Vivo,32,33,9,Clayton & Romário
33,spotify:track:0XyPPyGes0omXppV5YE8gy,Gostosinha é Ela,33,39,4,Felipe Amorim
34,spotify:track:3ShKPhFkexrwl7WoyTtNND,Tchuco Nela,7,28,20,MC Rogerinho
35,spotify:track:6Ulh9GPYz6JKdv04qc3q2U,Dengo,5,34,17,João Gomes
36,spotify:track:3yHXEidSu4gYVRqKoI653O,Assunto Delicado - Ao Vivo,36,45,3,Guilherme & Benuto
37,spotify:track:2wSCalnGOnXdAJC0Fn8OUY,Vai Lá Em Casa Hoje,1,35,46,George Henrique & Rodrigo
38,spotify:track:7KWKWJnbGJ3Soag6Oopion,CACHORRINHAS,12,31,8,Luísa Sonza
39,spotify:track:3sd2p4kE7xQmFH3lPnFl6h,sentaDONA (Remix) s2,1,36,25,Davi Kneip
40,spotify:track:5A35xC90Nk6tXmcOAOOavi,ABALO EMOCIONAL - Ao Vivo,4,37,31,Luan Santana
41,spotify:track:4NFkcqZ3jU2O9rgEbuluVn,Bafora o Lança - Remix,32,38,4,Mario Mc
42,spotify:track:0MKd4uZd8Ag8qyReZBTarP,Pino da Granada - Ao Vivo em Rio Preto,33,41,15,Murilo Huff
43,spotify:track:2ebFBmle5uXcdbrCAOvPcZ,Vagabundo Chora - Ao Vivo,17,42,30,Guilherme & Benuto
44,spotify:track:3imzmQM2DPPVBLMiBBexRL,202,44,53,2,Kweller
45,spotify:track:6bTdZ7xfKp3NqqADJ8HLyj,Vampiro,9,44,23,Matuê
46,spotify:track:04vzhKfl5HtPEgrdZJCZ7L,Bagulho Louco,45,51,6,Mc Paiva ZS
47,spotify:track:4Dvkj6JhhA12EX05fT7y2e,As It Was,31,47,23,Harry Styles
48,spotify:track:0dcHD9QhnWRA41zoLnC83X,X1,40,43,11,MC Cabelinho
49,spotify:track:5lCAtKxkZL6tFDyGX9t87j,Eu Já Tava Bem - Ao Vivo,18,46,40,Wesley Safadão
50,spotify:track:6nkoWsFZeFt5dUdNmlIceh,Bloqueado - Ao Vivo,2,50,41,Gusttavo Lima
51,spotify:track:0tM4J8aID6qYZOE3e14sCj,Acordo - Ao Vivo,16,49,46,Henrique & Juliano
52,spotify:track:3IMLoeLerS7TMpKjxUgAhx,Arranhão - Ao Vivo,1,48,47,Henrique & Juliano
53,spotify:track:4aoZBldNDVYmTwmeoI49ud,O Poder Dessa Garota,52,58,12,Mc Gabzin
54,spotify:track:2LEV3lTRxKqLBfmt5BWkLj,Não Pega Ninguém Ainda (Ao Vivo),13,57,14,Gusttavo Lima
55,spotify:track:11fqunD6qlOCrRd88kMOk6,Evento Cancelado - Ao Vivo,18,52,16,Henrique & Juliano
56,spotify:track:1XcmAgREOuJQb91sr68AAD,Sentadinha Diferente,47,55,7,Dyamante DJ
57,spotify:track:6gyhp7IcNhTYzwlk8utsgP,Beijo de Glicose - Ao Vivo,57,—,1,Diego & Victor Hugo
58,spotify:track:7afaZ37wJJL6880z1NRgJS,Fim de Semana no Rio,17,56,23,Teto
59,spotify:track:3ZtHHGpAPSWC7Gnios4lmK,Metflix,38,59,7,Mc Poze do Rodo
60,spotify:track:3EM71GPnUGJ75uDhkH77pq,Insônia - Ao Vivo,60,72,2,LUDMILLA
61,spotify:track:6Lk3kU7JcQ5dZ7jbmhJzQN,Melhor Ser uma Saudade,10,60,32,Zé Neto & Cristiano
62,spotify:track:75fCsUnTiDelE4HMd06t4O,Gostosinho Tu Cai,17,61,19,Mc Pepeu
63,spotify:track:1t5dhHyXMwdbAcI3EQRqFV,Meio Fio - Ao Vivo,63,64,5,Diego & Victor Hugo
64,spotify:track:7HdWqZjUmIHK5B8zwPCRds,Áudio Que Te Entrega - Faixa Bônus,25,65,18,Leo Santana
65,spotify:track:5etfNcFAD9M8uibXpYMxfQ,Tu Tava Na Revoada - Ao Vivo,30,66,14,Wesley Safadão
66,spotify:track:48LEhRW4gLMCVSYFEZvt8b,Assume a Gente - Ao Vivo,31,62,23,João Bosco e Gabriel
67,spotify:track:4qsOrxBv09HhNSpsgMRXdC,Esqueça-Me Se For Capaz,1,68,47,Marília Mendonça
68,spotify:track:14JKzKrJbPDflw8XyATMey,A Maior Saudade - Ao Vivo,6,67,47,Henrique & Juliano
69,spotify:track:7qq40cRIYNKZCDt1STfBqt,"Bruna, Tu Já Parou Pra Pensar",68,73,9,Niack
70,spotify:track:4NJKCE1TBC653P3dCnto0u,Simplesmente Ela,21,54,24,Mc Gabzin
71,spotify:track:7fzgTaVhUxmEzjtcd9NdWo,Cê Tá Preparada - Ao Vivo,14,69,47,Tayrone
72,spotify:track:3lQnTQFBxk1HMsj8aa4syY,Virando o Olhinho,63,82,8,Kadu Martins
73,spotify:track:2VbKpQWIMRelKmEy8rSCAf,Set Tatuapé Conceito 2,71,71,5,Mc Kako
74,spotify:track:28m65cMH7QXHzFnZSTtNHY,Não Sei o Que Lá,30,76,44,Marília Mendonça
75,spotify:track:2johnzqTeIdgF1kUV4Yaeo,Me Chama de Amor,35,75,17,O Tubarão
76,spotify:track:72g37RoelSnovZakG5MwnF,Parada Louca,9,74,42,Mari Fernandez
77,spotify:track:0roEMqT0P7Z82rJTwcID3Z,Felicidade Dela - Ao Vivo,33,81,24,Hugo & Guilherme
78,spotify:track:130HVxaVe9EYcLJmuOR9Rw,Até A Próxima Vida - Ao Vivo,67,78,13,Henrique & Juliano
79,spotify:track:0yDMhYTryvQoR634wDgQ1j,O Fim é Triste (feat. DJ BOY),63,77,10,MC Hariel
80,spotify:track:30rrBGpna63eIJ2BrXlWDC,Minha Cópia Atual - Ao Vivo,50,80,23,Henrique & Juliano
81,spotify:track:3YvE7uo4ffseBoJPh8IhHp,Presepada,4,79,44,Marília Mendonça
82,spotify:track:20yfr4F5QmZ5V3Cu1Rx4Kp,Elevador - Ao Vivo,82,84,6,Lauana Prado
83,spotify:track:0JAnjmcYMX157RsnmkhDBW,Fala Alguma Coisa - Ao Vivo,83,—,1,Paulo e Nathan
84,spotify:track:3xt7v3bMNnQ8ie8RjhmkX2,Imagina A Sentada - Ao Vivo,16,83,36,Matheus & Kauan
85,spotify:track:2gkKA2pRAsMzbiGPo9gxsc,Água Nos Zói - Ao Vivo,26,87,47,Clayton & Romário
86,spotify:track:7v3BTjWrmUYjaGiVHVVhCK,Na Rebolada,84,86,3,Os Quebradeiras
87,spotify:track:17QN5kFprJqHdHLMj7hz4s,Ficha Limpa - Ao Vivo,11,—,1,Gusttavo Lima
88,spotify:track:4grGI2vFnknrfmHT1JOVFU,Tesão Da Madrugada - Ao Vivo,30,92,4,George Henrique & Rodrigo
89,spotify:track:0HIhSuAe5lq7ywxqlAt5Nl,Deixa Ela Em Paz,79,89,2,Bruno & Marrone
90,spotify:track:5zNxUkUW9WiV5oyg6gh2wB,DANÇARINA,1,63,30,PEDRO SAMPAIO
91,spotify:track:3QxKHcpNt6CWNUYCLLBHeZ,Escolhe o Bandido,72,88,7,MC CH da Z.O
92,spotify:track:1TyxXIXVVpHwhKaF73z8nw,Rasteira - Ao Vivo,42,95,3,Henrique & Juliano
93,spotify:track:2zpiccjPSl315SqthyDf9j,Na Movimentação (feat. Faixa Rosa),85,85,2,Mc Livinho
94,spotify:track:7pvrsbBKUQI2QmA74WCJa5,Ela e Ela,6,93,47,Zé Neto & Cristiano
95,spotify:track:7gVzhRCrLRUBEGdS7zNTp0,Malvada,3,70,32,Zé Felipe
96,spotify:track:0NBgyml7T0IvUNbXIkcSpH,Malvadão 3,1,96,38,Xamã
97,spotify:track:7HjZD0NPC1hzFpjUjo45GR,Me Sinto Abençoado,36,91,39,Mc Poze do Rodo
98,spotify:track:6BF3nZQkAg9qvE0DLVSfyH,Hotel Caro,21,99,13,Baco Exu do Blues
99,spotify:track:14uWxelOuAUajP8fDvc0Ct,Falta Você,92,—,1,Thiaguinho
100,spotify:track:7kzFnjDEbftVgf7HL6xf9j,Larga AÍ Pra Ver - Ao Vivo,64,—,1,Léo & Raphael
